tree
version=v4
num_class=1
num_tree_per_iteration=1
label_index=0
max_feature_idx=7
objective=lambdarank
feature_names=Column_0 Column_1 Column_2 Column_3 Column_4 Column_5 Column_6 Column_7
feature_infos=[0.16385701298713684:0.86833328008651733] [0.17046351730823517:1.0000002384185791] [0.12465584278106689:0.98165422677993774] [0:1] [0:1] [0:0.26923078298568726] [5:1459] [0:98]
tree_sizes=3520 3499 3494 3507 3490 3523 3507 3459 3422 3464 3476 3432 3487 3446 3488 3428 3444 3445 3513 3451 3492 3430 3444 3491 3454 3481 3477 3448 3454 3486 3449 3435 3509 3440 3479 3414 3467 3432 3456 3486 3427 3467 3431 3451 3435 3453 3401 3393 3473 3435 3408 3453 3466 3400 3491 3461 3460 3471 3461 3451 3418 3447 3481 3492 3425 3396 3394 3417 3457 3488 3447 3451 3406 3407 3381 3399 3403 3419 3400 3416 3403 3434 3434 3425 3425 3388 3430 3422 3410 3397 3404 3406 3433 3434 3409 3468 3431 3457 3410 3393

Tree=0
num_leaves=31
num_cat=0
split_feature=7 3 3 4 7 3 4 1 6 3 3 6 5 3 7 3 4 4 4 1 4 4 1 3 6 2 3 4 4 3
split_gain=1813.76 705.97 374.728 269.141 207.83 192.161 149.981 110.636 79.7273 73.4733 67.9657 48.3479 59.9466 40.0259 37.9085 37.298 36.6275 48.3871 49.9461 36.2311 35.2999 33.3497 29.699 29.2225 28.5249 27.9539 27.7061 26.2971 42.4873 25.9103
threshold=1.5000000000000002 0.15784645080566409 0.12650953233242038 0.0047281589359045037 1.0000000180025095e-35 0.0041753835976123818 0.0077021950855851182 0.71218720078468334 76.500000000000014 0.41226664185523992 0.0028612830210477118 101.50000000000001 0.0029928924050182108 0.053085200488567359 1.0000000180025095e-35 0.22186750173568728 0.0068516624160110959 0.098658457398414626 0.038862671703100211 0.7380453646183015 0.012832274660468103 0.019246203824877742 0.73661366105079662 0.35561282932758337 25.500000000000004 0.6199006736278535 0.46524967253208166 0.077047865837812438 0.29263775050640112 0.11634059622883798
decision_type=2 2 2 2 2 2 2 2 2 2 2 2 2 2 2 2 2 2 2 2 2 2 2 2 2 2 2 2 2 2
left_child=2 3 6 8 19 11 -1 9 -2 16 24 -5 22 -7 -12 21 -3 18 -18 23 -15 -6 -13 -4 -8 -21 -9 -22 -29 -10
right_child=1 7 4 5 15 13 10 26 29 -11 14 12 -14 20 -16 -17 17 -19 -20 25 27 -23 -24 -25 -26 -27 -28 28 -30 -31
leaf_value=-0.12020813801967685 -0.016439206175899751 0.012738786520119762 -0.051441564172141657 -0.022671651943352758 -0.055138737376552963 0.031552859055286778 -0.032377848817541494 0.061888634828002824 -0.08660302827415807 0.057905001520522595 -0.062860279760037385 -0.074621424762698577 -0.15538247430774299 -0.029066742405504411 -0.021660701346935138 0.011623402363227904 0.031547711440565056 0.022911014129638679 0.062543137221786338 -0.083358534265260686 0.025714715786251847 -0.0031310612953235153 0.060593378976536431 -0.029895621356937265 -0.13109024983993958 0.0045960353614892353 0.10339723020257088 -0.012944183811569716 0.06272657107049194 -0.039022677334563077
leaf_weight=612.72159805893898 346.05007453070721 913.99485145043582 2071.8258242942393 137.16331849584822 180.71304491907358 902.31830578198424 35.8292470369488 1256.0920098874776 504.72692551912041 1257.2227545165224 641.77253642864525 64.864033117744839 96.516268933686661 253.49734725279268 342.53017517365515 1156.2649597609416 1175.7095024469309 1794.6733049926988 932.00395524027408 42.207977565005422 660.44977741857292 388.08054306544363 21.671151959861163 904.21725787594914 160.00221771374345 251.1317069157958 184.41366263511009 551.40989067699411 85.736822347505949 148.01325287070358
leaf_count=5518 9005 20089 11397 3619 2199 17604 245 20186 15810 22090 3637 1859 3788 6567 3749 11201 22514 35914 14911 252 13038 3972 395 4654 1464 1160 2321 13600 1456 3925
internal_value=-7.43772e-10 0.024566 -0.0408505 -0.0107314 -0.0267726 0.00529715 -0.080068 0.0422868 -0.0552424 0.0363774 -0.0592274 -0.0675602 -0.101196 0.0148064 -0.0485231 0.0013103 0.030758 0.0349784 0.0452535 -0.0415902 0.0050644 -0.0196546 -0.0407594 -0.0448952 -0.11303 -0.00805955 0.0672026 0.0117322 -0.00276165 -0.0758139
internal_weight=18073.8 11286.5 6787.3 3772.42 4994.44 2773.63 1792.86 7514.11 998.79 6073.6 1180.13 320.215 183.051 2453.41 984.303 1725.06 4816.38 3902.39 2107.71 3269.38 1551.09 568.794 86.5352 2976.04 195.831 293.34 1440.51 1297.6 637.147 652.74
internal_count=278139 228691 49448 90666 34835 61926 14613 138025 28740 115518 9095 9661 6042 52265 7386 17372 93428 73339 37425 17463 34661 6171 2254 16051 1709 1412 22507 28094 15056 19735
is_linear=0
shrinkage=0.1


Tree=1
num_leaves=31
num_cat=0
split_feature=7 7 7 3 7 3 1 3 1 7 4 4 1 3 4 6 4 3 1 4 3 2 1 3 0 6 6 5 6 0
split_gain=3973.19 682.87 179.338 170.369 136.524 130.902 73.2323 73.1503 63.0383 61.1354 61.7983 138.901 82.6413 73.8668 70.2306 102.397 62.4981 58.9774 58.8528 58.8347 60.7302 70.0925 58.975 57.7218 62.9374 52.1697 51.7583 57.1301 51.7048 48.9098
threshold=1.5000000000000002 5.5000000000000009 1.0000000180025095e-35 0.019854410551488403 2.5000000000000004 0.25024272501468664 0.62964415550231945 0.16501231491565707 0.8214436173439027 21.500000000000004 0.095336891710758223 0.025812003761529926 0.72429904341697704 0.41226664185523992 0.0018975947168655696 251.50000000000003 0.038862671703100211 0.14775525778532031 0.71218720078468334 0.011379824019968511 0.095130361616611495 0.74754998087883007 0.76769953966140758 0.29035779833793646 0.73399934172630321 47.500000000000007 42.500000000000007 0.0043490082025527963 327.50000000000006 0.50709870457649242
decision_type=2 2 2 2 2 2 2 2 2 2 2 2 2 2 2 2 2 2 2 2 2 2 2 2 2 2 2 2 2 2
left_child=2 3 7 26 6 -3 -5 -1 19 10 11 14 13 16 15 -7 -13 -4 -19 20 -8 -22 -21 24 -18 -15 -2 -28 -10 -16
right_child=1 5 17 4 -6 9 8 -9 28 -11 -12 12 -14 25 29 -17 23 18 -20 22 21 -23 -24 -25 -26 -27 27 -29 -30 -31
leaf_value=0.054688253550265166 -0.0075600008892045198 -0.0044320791346839448 0.028786690184186222 -0.040857388026280132 -0.012934726911894649 0.013222505904723942 -0.067272493356439478 0.08370871516890184 -0.019097543583760219 0.034951929243698769 0.016448944410557897 0.0019777002255188495 0.023402270141608894 -0.099766358895105489 0.097994866595569122 -0.065722872679153055 0.014319533366252439 0.047564343012125102 0.077823122667926931 -0.026866349736088219 0.015786506827631431 -0.17645276998801415 0.021756539725486367 -0.052386794377180051 -0.087520239504228825 0.014634418299865563 -0.040672933662625609 -0.07831154088309368 -0.16225912702931738 0.024380591693503137
leaf_weight=1236.7105627427518 323.73728323646355 11916.113500677864 1285.3712112442008 2825.4602048414527 22174.042382658459 680.31432953756303 110.64951187372208 2917.8872104048205 45.047022523358464 933.71509527112357 5040.8866782700643 448.42092325282283 513.76574996951967 42.484828368760645 94.852331324480474 216.61163090926129 294.37438817508519 3413.0105545106635 791.9295531292446 4906.1681153788231 839.13629943679553 19.405117701739073 262.81417371798307 1082.9183392077684 76.442231860011816 645.72763902880251 1538.8604960431112 546.48269603325753 57.33957549277693 1862.2268139434746
leaf_count=9772 1601 82593 8715 7351 61813 3712 803 14952 84 7747 20844 2082 1388 255 297 1544 589 13254 2755 10614 2411 73 412 2881 217 2396 6077 3153 146 7608
internal_value=-4.01934e-11 -0.00996306 0.0593946 -0.0191377 -0.0171617 0.00298176 -0.0275003 0.0750701 -0.0214528 0.0103853 0.00829978 0.00140517 -0.0132353 -0.0205019 0.0173288 -0.00584316 -0.0306593 0.0475328 0.0532631 -0.0201548 0.00245491 0.0114414 -0.0243941 -0.0407265 -0.00667429 0.00757221 -0.0447612 -0.0505365 -0.0992723 0.0279484
internal_weight=67142.9 57498 9644.91 33649.1 31240.1 23848.9 9066.02 4154.6 6240.56 11932.7 10999 5958.14 3104.13 2590.37 2854.01 896.926 1902.16 5490.31 4204.94 6138.17 969.191 858.541 5168.98 1453.73 370.817 688.212 2409.08 2085.34 102.387 1957.08
internal_count=278139 228691 49448 94538 83707 134153 21894 24724 14543 51560 43813 22969 9808 8420 13161 5256 5769 24724 16009 14313 3287 2484 11026 3687 806 2651 10831 9230 230 7905
is_linear=0
shrinkage=0.1


Tree=2
num_leaves=31
num_cat=0
split_feature=7 7 7 3 3 7 1 7 4 1 3 3 3 3 3 4 4 6 1 2 4 0 4 6 6 0 7 3 1 0
split_gain=713.145 578.066 249.295 203.499 132.362 132.206 91.0488 77.2248 60.2574 56.4408 53.6279 53.455 54.9692 51.7705 47.2109 59.975 47.2031 82.4898 46.34 46.0487 43.9757 49.9336 43.8305 61.3199 50.5914 43.0638 42.619 42.4523 42.3331 42.2306
threshold=1.5000000000000002 5.5000000000000009 1.0000000180025095e-35 0.21079427748918536 0.25307349860668188 2.5000000000000004 0.67968690395355236 21.500000000000004 0.0030627943342551593 0.60813185572624218 0.50062656402587902 0.43875533342361456 0.35125707089900976 0.0055478608701378116 0.050791693851351745 0.077047865837812438 0.011591969989240171 98.500000000000014 1.000000059604645 0.77917742729187023 0.21861869841814044 0.63660714030265819 0.098658457398414626 713.00000000000011 47.500000000000007 0.7757658362388612 25.500000000000004 1.0000000180025095e-35 0.60512396693229686 0.76194489002227794
decision_type=2 2 2 2 2 2 2 2 2 2 2 2 2 2 2 2 2 2 2 2 2 2 2 2 2 2 2 2 2 2
left_child=2 5 -1 14 16 8 11 18 -2 -9 22 12 -5 -7 -4 -16 17 -3 -6 -20 21 -13 24 -24 -8 29 -11 -10 -22 -18
right_child=1 4 3 6 7 13 10 9 27 26 -12 20 -14 -15 15 -17 25 -19 19 -21 28 -23 23 -25 -26 -27 -28 -29 -30 -31
leaf_value=-0.004191970835608824 0.004390013944656654 0.015160770983902517 0.013722077068180478 -0.045479141691618152 -0.0088788268163747415 -0.021146296645652856 -0.17721225731020915 -0.074550202948335212 -0.045174970458184499 -0.046001837234933306 0.029226422148560201 0.032339803838253273 -0.074130435011425008 0.013382878604738158 -0.0027090917978101012 -0.035337179866227052 0.0061603611526310949 -0.021234141680920058 -0.20628018682725738 0.051329321971858244 -0.15892812313027918 -0.033001396437527648 -0.03626793758196719 -0.12811332360421515 -0.012342453921792979 0.025942971324031602 -0.0065482854008461627 0.034285926777515713 -0.038200594238498045 -0.024917523271937733
leaf_weight=7487.9070792871062 834.02590635488741 965.08812105585821 755.40162216871977 2194.7630439717323 11445.19970106089 444.76944818487391 18.917929086834192 277.39510839851573 68.097499622032046 493.52582516986877 176.48086412996054 187.3528850581497 963.62649673223495 18307.026165337535 1503.2390245881397 901.03944851225242 6640.5798256270355 1755.659457637812 22.815743464976549 9.9716208167374116 39.644759884104133 311.25684139877558 909.96785574965179 79.003113586455584 1151.1775260102004 1035.3830160150537 614.9743336122483 5307.2038197240327 108.62925162445754 468.06383790704422
leaf_count=24724 4704 9475 4144 4224 43265 4164 44 2068 800 1976 336 352 1845 65650 5994 2781 43235 21852 102 20 125 698 1728 171 2029 5503 3635 19220 253 3022
internal_value=1.15743e-10 0.00612811 -0.0177728 -0.0287068 -0.00504734 0.0167518 -0.0393173 -0.0119112 0.0293989 -0.0342089 -0.0237747 -0.0488568 -0.0542207 0.0125639 -0.00808529 -0.014937 0.00307948 -0.00832435 -0.00921891 -0.127933 -0.0226676 -0.0084494 -0.028107 -0.0436049 -0.015008 0.00688926 -0.0241138 0.0332793 -0.0704801 0.00411406
internal_weight=65478.2 48689.8 16788.4 9300.5 23728.7 24961.1 6140.82 12863.9 6209.33 1385.9 2335.55 3805.27 3158.39 18751.8 3159.68 2404.28 10864.8 2720.75 11478 32.7874 646.884 498.61 2159.07 988.971 1170.1 8144.03 1108.5 5375.3 148.274 7108.64
internal_count=278139 228691 49448 24724 134153 94538 11805 51066 24724 7679 4308 7497 6069 69814 12919 8775 83087 31327 43387 122 1428 1050 3972 1899 2073 51760 5611 20020 378 46257
is_linear=0
shrinkage=0.1


Tree=3
num_leaves=31
num_cat=0
split_feature=7 7 1 3 4 1 1 2 5 0 3 3 5 3 4 0 0 0 1 0 4 0 4 0 0 0 3 1 4 4
split_gain=207.089 83.307 65.9963 62.7919 58.0326 57.5192 97.3408 57.2183 53.8645 54.7686 51.2515 59.6261 46.1602 61.7183 104.882 82.9368 59.0846 70.4557 100.024 76.0203 96.1619 64.4961 60.0487 58.8655 52.4225 49.4824 60.6439 49.4419 48.82 46.8172
threshold=1.5000000000000002 1.0000000180025095e-35 0.71317318081855785 0.18698312342166903 0.35037291049957281 0.8214436173439027 0.79664355516433727 0.52129444479942333 0.0017306029913015666 0.72420853376388561 0.41898326575756079 0.16053888201713565 0.0030366568826138978 0.071928143501281752 0.12206346169114114 0.60327762365341198 0.73333942890167247 0.74654877185821544 0.7380453646183015 0.76671627163887035 0.0033841044642031197 0.75161510705947887 0.049193339422345168 0.77697545289993297 0.77826911211013805 0.72860985994339 0.19489976763725284 0.58667081594467174 0.0014378152554854753 0.0026041843229904775
decision_type=2 2 2 2 2 2 2 2 2 2 2 2 2 2 2 2 2 2 2 2 2 2 2 2 2 2 2 2 2 2
left_child=1 10 3 -3 7 6 12 -4 -7 -10 11 -1 13 28 15 27 22 -18 19 -19 23 -20 -17 -21 -22 -24 -27 -15 -2 -23
right_child=5 2 4 -5 -6 8 -8 -9 9 -11 -12 -13 -14 14 -16 16 17 18 21 20 24 29 25 -25 -26 26 -28 -29 -30 -31
leaf_value=0.016428889000127549 -0.028597767481676441 0.010044551588485561 -0.15615241548023004 0.032512904763969917 0.074542551101767413 0.067878938753494433 0.04937749171564066 -0.0027080860890521061 -0.078250053467721847 -0.013509204421738478 0.024973986826625775 -0.0057128702064419426 7.6998609046626361e-05 0.0036616400566154292 -0.016492818322562986 -0.016637903112655204 0.025132820916156415 0.004278634736912099 -0.12633172745623744 -0.011641740304663781 -0.045250515442330282 -0.063053952035812641 0.0071389290923236318 -0.12509589774996513 0.00015160274488441967 0.070094575850290872 -0.1480816313888807 0.033562241241361222 0.011100870675338409 0.044669657483166363
leaf_weight=1649.8989841644652 346.17416260344908 2000.2586451453972 24.758332334924489 3289.1131935817539 97.034424241166562 47.274075402878225 359.2473771199584 1317.0293159210123 243.88684144383296 281.48214327916503 954.91771405981854 4627.032179042697 26510.800314807973 1517.4979718943359 8505.997987175826 5473.9787872447632 1107.7492860879283 1269.6983979427023 25.086252299137414 65.468742139870301 421.6176102142781 43.351528825704008 1804.7564523480833 151.69711451046169 640.87157712085173 18.026691194623709 43.442122406326234 870.09892580262385 2946.1519782094983 581.61653351271525
leaf_count=9455 5164 10164 87 10980 181 136 836 3312 1349 940 2603 12666 115251 7361 33229 24765 3896 4903 93 394 1718 188 5264 1060 1901 41 146 3207 15564 1285
internal_value=-1.68861e-11 0.0108417 0.0188506 0.0240161 -0.000138661 -0.00284089 -0.00249839 -0.0055394 -0.0343632 -0.0435632 0.00339062 0.000107118 -0.00285442 -0.00586273 -0.00773075 -0.00242043 -0.00590088 0.00339697 -0.00412876 -0.0130572 -0.0302582 0.0308866 -0.0113568 -0.090893 -0.0178649 0.00413381 -0.084098 0.0145582 0.00692673 0.0371973
internal_weight=67236 13960 6728.19 5289.37 1438.82 53276 52703.3 1341.79 572.643 525.369 7231.85 6276.93 52344.1 25833.3 22541 14035 11647.4 4307.16 3199.41 2549.35 1279.66 650.054 7340.2 217.166 1062.49 1866.23 61.4688 2387.6 3292.33 624.968
internal_count=278139 49448 24724 21144 3580 228691 226266 3399 2425 2289 24724 22121 225430 110179 89451 56222 45654 15438 11542 9976 5073 1566 30216 1454 3619 5451 187 10568 20728 1473
is_linear=0
shrinkage=0.1


Tree=4
num_leaves=31
num_cat=0
split_feature=7 3 1 4 4 5 0 3 1 7 0 7 4 0 1 1 0 0 0 1 2 1 1 1 3 7 4 2 1 4
split_gain=75.5115 98.7052 58.4566 58.4029 65.6738 54.4146 73.7791 53.6572 88.6663 72.9509 45.9751 42.9869 42.6501 41.7214 41.5058 41.3336 42.112 41.1099 41.0302 39.3253 37.2655 36.931 64.9186 54.6658 49.5617 43.1151 42.6558 36.8943 47.2059 47.3714
threshold=1.5000000000000002 0.24665883183479312 0.59345945715904247 0.014646063558757307 0.22248551994562152 0.0063716822769492873 0.78509613871574413 0.42212028801441198 0.72179567813873302 1.0000000180025095e-35 0.50709870457649242 1.0000000180025095e-35 0.010591358412057163 0.55092215538024913 0.747124344110489 0.7634088695049287 0.58013135194778453 0.61126825213432323 0.6378559172153474 0.7035413682460786 0.5032731592655183 0.71218720078468334 0.72567862272262584 0.6633678972721101 0.39164833724498754 2.5000000000000004 0.011379824019968511 0.47368499636650091 0.62278795242309581 0.1531670540571213
decision_type=2 2 2 2 2 2 2 2 2 2 2 2 2 2 2 2 2 2 2 2 2 2 2 2 2 2 2 2 2 2
left_child=7 -2 10 15 13 17 -7 11 9 27 12 -1 20 -5 -13 16 -4 -6 19 -15 -3 23 24 -18 25 -23 -24 -9 -29 -30
right_child=1 2 3 4 5 6 -8 8 -10 -11 -12 14 -14 18 -16 -17 21 -19 -20 -21 -22 22 26 -25 -26 -27 -28 28 29 -31
leaf_value=0.0025046161051306857 -0.0026360415901981525 -0.030246224586820216 0.061241294881657742 -0.045799580120173808 -0.028265899312201938 -0.011675235135695815 0.069882215660576438 0.017996352370566761 0.029027866451506804 -0.0058811622323651129 -0.0096292776393786875 -0.010944476062349447 0.03647393701636336 0.024498321372366128 0.020358377285348464 0.066816933412936 0.0060443065680087019 0.026969042984813799 0.0012660313301787018 -0.019192004947115898 0.15044474091436463 0.033304674861864662 -8.0318012771814101e-07 0.034221581566842789 0.013751403990961667 -0.099744474572340147 0.079648674598563271 -0.07901937805212228 -0.011714400312409345 -0.063581480609059618
leaf_weight=6143.6516512539238 24676.760124813358 186.24311861279421 205.35185185400769 175.43851047754288 141.62361452868208 943.38643289473839 125.69797089044005 88.288350032642484 318.82647923752666 874.33882641186938 3343.1439600359881 6602.9347810489126 450.43940554186702 1404.7038396834396 452.62201446527615 176.72224763035774 1438.1358904513763 2775.1027381380554 12134.09586551087 241.42369649233297 12.159058702178298 29.404398404527456 258.83114526292775 1320.9286357427482 93.091006095521152 141.85917924763635 90.83374398201704 355.89828107785434 401.70919040590525 313.52155977487564
leaf_count=22191 137739 1049 522 630 557 3190 265 151 645 2178 14446 21077 1371 4456 1162 410 6475 9120 40775 720 22 76 776 5053 296 591 152 717 713 614
internal_value=6.12578e-11 0.00188075 0.00621963 0.00826582 0.00589222 0.0172132 -0.00208609 -0.00609092 -0.0200041 -0.0276907 -0.00490148 -0.00361109 0.0194584 0.00265889 -0.00893636 0.0196064 0.0172749 0.0242871 0.00327583 0.0180906 -0.0191726 0.0145983 -0.00758226 0.0195344 -0.0449784 -0.0769011 0.02069 -0.0441376 -0.0492591 -0.0344503
internal_weight=65917.2 50365.4 25688.6 21696.6 17941.5 3985.81 1069.08 15551.8 2352.58 2033.76 3991.99 13199.2 648.842 13955.7 7055.56 3755.16 3578.44 2916.73 13780.2 1646.13 198.402 3373.08 614.019 2759.06 264.355 171.264 349.665 1159.42 1071.13 715.231
internal_count=278139 228691 90952 74064 59713 13132 3455 49448 5018 4373 16888 44430 2442 46581 22239 14351 13941 9677 45951 5176 1071 13419 1891 11528 963 667 928 2195 2044 1327
is_linear=0
shrinkage=0.1


Tree=5
num_leaves=31
num_cat=0
split_feature=4 6 3 2 0 3 6 1 4 3 0 5 0 1 3 4 0 4 0 1 1 3 4 4 3 0 1 5 1 0
split_gain=52.5088 126.851 113.05 79.2021 103.955 57.0086 84.4264 65.3313 57.8019 53.9018 48.9773 47.7596 47.6898 55.958 44.8223 48.5836 57.6179 94.1259 56.9675 66.5437 56.0809 49.5647 45.2049 45.0727 49.8392 44.0597 43.7063 42.3316 50.7422 48.9739
threshold=0.0030627943342551593 58.500000000000007 0.1053953990340233 0.52579426765441906 0.46343326568603521 0.0055478608701378116 101.50000000000001 0.69503343105316173 0.12206346169114114 0.60456436872482311 0.70395413041114818 0.00086975435260683309 0.80159986019134533 0.62687295675277721 0.06981822103261949 0.10934337228536607 0.74725541472435009 0.49055258929729467 0.74017268419265758 0.72429904341697704 0.50105080008506786 0.23228587210178378 0.26402890682220465 0.16693723201751712 0.097028259187936797 0.72860985994339 1.000000059604645 0.0036402245750650768 0.66765630245208751 0.68776041269302379
decision_type=2 2 2 2 2 2 2 2 2 2 2 2 2 2 2 2 2 2 2 2 2 2 2 2 2 2 2 2 2 2
left_child=1 -1 -3 4 11 6 -2 8 -8 14 -10 -4 13 -5 -7 18 20 21 -16 -20 -17 22 -18 -22 -25 -12 -21 -26 -29 -30
right_child=5 2 3 12 -6 9 7 -9 10 -11 25 -13 -14 -15 15 16 17 -19 19 26 23 -23 -24 24 27 -27 -28 28 29 -31
leaf_value=0.0083962517259238579 0.010010922723295741 -0.046932692317169233 -0.11759322838515927 -0.037369528912708692 0.040030815030278728 0.0095007186353482966 0.039810013149560751 -0.0047285872807235991 -0.040286181745069545 0.024762992876207604 -0.14818133344795933 0.022346680617165191 -0.087134231078768498 -0.006380165678389409 2.8814998080169218e-05 -0.043239380214605029 -0.0146359219000032 0.060456580198730882 0.0038986148356954606 0.024674225243295277 -0.0085399923400391285 -0.0070171970158172409 -0.044781580954918021 0.043753986790771991 -0.0026629426488100714 -0.046515674448321935 -0.16198490058702075 0.0025754374609195329 0.055011591895970685 0.014395198586003806
leaf_weight=3051.2219445604132 483.74658882670337 1034.7878442468354 68.847971169976518 774.22179418685846 540.06946025206707 5683.597424358828 41.89013653784059 240.86102576425765 144.5896858763881 979.07969150645658 137.75931630306877 37.765930055640638 91.898067360627465 2355.3732651700266 20032.553569311043 295.50139873847365 1330.3599519308191 176.76271602185443 5459.8188062754925 2444.1609843770275 3852.5381453200243 4010.4228590239072 794.50873839808628 307.13483769877348 5980.5913465246558 61.728988140064757 12.609001518227158 3054.7749486216344 397.92701357870828 1168.9211937477812
leaf_count=17079 4251 16426 737 5970 2706 25594 400 1702 1790 2902 3473 219 634 11758 73057 1301 7144 438 18736 5988 16118 12219 3202 1434 24910 788 67 12233 1100 3763
internal_value=2.06218e-11 -0.00761193 -0.0175742 -0.00972038 0.0222169 0.00106051 -0.0213747 -0.0455961 -0.0710992 0.00150559 -0.084602 -0.0680222 -0.0161315 -0.0140465 0.00109159 0.000122504 -0.00346694 -0.0114869 0.00286693 0.0100487 -0.000104979 -0.0135596 -0.0259077 0.000758479 0.00404215 -0.116722 0.0237162 0.00289174 0.0100798 0.0247104
internal_weight=65046 7954.19 4902.96 3868.18 646.683 57091.8 1110.58 626.829 385.968 55981.3 344.078 106.614 3221.49 3129.6 55002.2 49318.6 21369.4 6312.05 27949.1 7916.59 15057.4 6135.29 2124.87 14761.9 10909.3 199.488 2456.77 10602.2 4621.62 1566.85
internal_count=278139 55529 38450 22024 3662 222610 12404 8153 6451 210206 6051 956 18362 17728 207304 181710 83862 23003 97848 24791 60859 22565 10346 59558 43440 4261 6055 42006 17096 4863
is_linear=0
shrinkage=0.1


Tree=6
num_leaves=31
num_cat=0
split_feature=3 4 3 0 6 2 1 3 0 0 3 3 4 3 2 6 6 3 0 5 3 2 4 0 1 4 1 0 3 7
split_gain=87.1732 56.8449 63.8484 53.6451 48.7095 40.2544 45.3663 44.0708 40.1491 39.4256 37.2426 35.3838 54.9092 58.0357 48.7908 34.9457 41.4262 32.337 48.3053 35.6843 46.1525 33.232 33.1457 32.5207 32.0177 33.634 31.2379 35.657 43.6842 30.8015
threshold=0.12426407262682916 0.19161321222782138 0.04267737269401551 0.82744947075843822 157.50000000000003 0.46351332962512976 0.63877525925636303 0.60456436872482311 0.52873709797859203 0.7722793221473695 0.095130361616611495 0.039753913879394538 0.0014378152554854753 0.0065040821209549913 0.76048099994659435 168.50000000000003 164.50000000000003 0.0097244987264275568 0.69853666424751293 0.0011034483322873714 0.039753913879394538 0.45131292939186102 0.22248551994562152 0.72860985994339 0.63630086183547985 0.045501600950956352 0.6805551052093507 0.60919541120529186 0.0028612830210477118 30.500000000000004
decision_type=2 2 2 2 2 2 2 2 2 2 2 2 2 2 2 2 2 2 2 2 2 2 2 2 2 2 2 2 2 2
left_child=1 4 9 5 -1 -2 24 29 -4 17 15 12 13 -6 26 16 -10 18 21 20 -19 -3 -23 -20 25 -7 27 -14 -29 -8
right_child=3 2 8 -5 11 6 7 -9 10 -11 -12 -13 14 -15 -16 -17 -18 19 23 -21 -22 22 -24 -25 -26 -27 -28 28 -30 -31
leaf_value=-0.0030675803839405468 0.015400413024372143 0.093401525734199575 -0.12466730006656135 0.054007308141193845 0.019168983889202584 -0.0073010155028702924 0.0029029470350628479 0.02896200184969815 0.015217972731434968 0.020716961191919667 -0.0054368363690976765 -0.027350530858566938 -0.044553612869340599 -0.090718400896735038 0.13886841305312575 0.04825723208673037 -0.16296253317592102 -0.026100273231878458 -0.069866268043640239 0.0029025262453502509 -0.20218181122118489 0.044484539636165617 -0.024558833350071238 -0.01697523224457188 -0.023910783078034337 0.002052503886127073 -0.026361304012834753 -0.11702444295752096 0.01052937787181831 -0.030975307727373808
leaf_weight=3097.0704716904438 2029.4687430040794 33.427032417152077 18.918358736205846 196.0348003488034 69.671057336963713 7274.5931147584342 32514.618864115793 647.83002677792683 356.24185970588587 463.79883770982269 356.08989189635031 2497.9912491332507 146.85538731142879 154.95720238343347 23.484191777184606 563.26562121580355 13.544432094320653 258.80642357468605 281.87260603997856 1540.1865785691189 15.794066265225409 87.817553967004642 333.92782625416294 197.84740144910756 721.49216222111136 8153.0084456843324 545.64759090589359 27.474152672861237 1181.0271826379467 270.60119279357605
leaf_count=22980 7968 140 156 465 1235 34461 111992 1720 1199 1948 2426 21753 895 3334 53 1761 93 932 4898 5531 67 597 2709 1542 2838 32286 3160 763 5443 2794
internal_value=-6.31911e-12 -0.00758059 0.00132871 0.00179474 -0.0127824 0.00159643 0.00103141 0.00313369 0.0199541 -0.00625284 0.0220765 -0.0192569 -0.00984931 -0.0566356 -0.00438837 0.0325766 0.00869163 -0.0108019 -0.0259111 -0.0030184 -0.0362279 -0.00257533 -0.0101823 -0.0480528 -0.00332088 -0.00235797 -0.00615811 0.00197542 0.00762956 0.00262332
internal_weight=64073.4 12265.7 4521.54 51807.6 7744.18 51611.6 49582.1 33433.1 1308.06 3213.48 1289.14 4647.11 2149.12 224.628 1924.49 933.052 369.786 2749.68 934.892 1814.79 274.6 455.172 421.745 479.72 16149.1 15427.6 1901 1355.36 1208.5 32785.2
internal_count=278139 83615 23999 194524 59616 194059 186091 116506 5635 18364 5479 36636 14883 4569 10314 3053 1292 16416 9886 6530 999 3446 3306 6440 69585 66747 10261 7101 6206 114786
is_linear=0
shrinkage=0.1


Tree=7
num_leaves=31
num_cat=0
split_feature=3 1 2 1 0 6 4 5 3 2 4 4 4 0 6 3 1 0 1 3 4 4 1 0 4 4 3 6 6 6
split_gain=41.0778 43.9267 98.0722 45.433 37.6595 32.0425 30.7718 29.022 40.4091 29.5057 27.7423 27.6235 58.6138 33.8658 33.244 45.162 40.326 37.6149 32.4615 30.7977 34.4885 27.1013 29.238 27.0524 26.9008 82.4028 67.994 43.8008 44.4224 43.0349
threshold=0.3337045311927796 0.77415210008621227 0.64505451917648327 0.8214436173439027 0.82744947075843822 312.50000000000006 0.017253783531486992 0.0013178124791011216 0.48871925473213201 0.7268756926059724 0.030255016870796684 0.0018975947168655696 0.018655850552022461 0.78364682197570812 165.50000000000003 0.44381223618984228 0.7035413682460786 0.81775686144828807 0.68546536564826976 0.43875533342361456 1.0000000180025095e-35 0.0055197840556502351 0.6127620041370393 0.55575913190841686 0.019246203824877742 0.060654468834400184 0.21227125078439715 157.50000000000003 168.50000000000003 29.500000000000004
decision_type=2 2 2 2 2 2 2 2 2 2 2 2 2 2 2 2 2 2 2 2 2 2 2 2 2 2 2 2 2 2
left_child=24 4 3 23 11 -5 -4 9 10 -8 -9 13 14 -2 15 16 -13 21 -17 20 -15 22 -16 -3 26 -26 27 -1 -29 -28
right_child=1 2 6 5 -6 -7 7 8 -10 -11 -12 12 -14 19 17 18 -18 -19 -20 -21 -22 -23 -24 -25 25 -27 29 28 -30 -31
leaf_value=-0.0017433337608567261 -0.0067102587970583154 0.12004951105665332 0.10047099951967475 -0.025871421421054131 0.095979384313523597 -0.18151894978588423 0.12917058686699676 -0.12359905853698024 0.078974963128165099 -0.037862859786036492 0.014559594462580519 0.020076422277163688 0.0015380199890368403 -0.14176384953277943 -0.053496559071753727 -0.10956134557489026 -0.10625657726737758 -0.14011088236177724 0.031170241395971854 0.0010888630398611181 0.15580968675685919 0.032684436013076058 0.01638515019989464 -0.018299214371003326 0.007133996777463146 -0.0039159176674214216 0.032823751622933599 -0.069526334606424475 -0.014966592557748119 0.00084503261494989494
leaf_weight=3219.9498424575431 1366.0458508565207 15.833542735315858 97.974686450324953 24.153288055444136 43.304933525621891 29.236297900788486 56.482865057885647 15.429820716381071 108.43426530435681 13.011650116182862 250.3538039594423 315.91182388970628 15486.784735975787 49.337503085669596 74.990855342010036 61.327455268241465 27.463406762108207 13.692983794957398 22.368355240672827 36.242208655690774 4.2286162883974603 1390.9790373933502 296.9572830516845 131.64857020881027 10368.482481940999 19331.454334750888 464.33053715387359 153.75946907501202 5066.154476399417 4491.110920294188
leaf_count=24239 5947 32 175 116 81 222 82 48 193 44 637 994 50673 401 388 276 104 50 44 186 20 3711 933 359 36005 90162 1724 1617 40220 18456
internal_value=7.76669e-11 0.00375384 0.0276185 -0.0320607 0.00283038 -0.111104 0.049749 0.0385493 0.0275282 0.0978965 0.00653892 0.0026197 0.00370934 -0.0106209 0.0189687 -0.00608255 0.00997221 0.0249906 -0.0719497 -0.0701043 -0.118273 0.026273 0.00229585 -0.00344622 -0.00173621 -5.83053e-05 -0.00545644 -0.0109157 -0.0165737 0.00384148
internal_weight=63027.4 19932.2 742.559 200.872 19189.6 53.3896 541.687 443.712 374.218 69.4945 265.784 19146.3 17690.5 1455.85 2203.69 427.071 343.375 1776.62 83.6958 89.8083 53.5661 1762.93 371.948 147.482 43095.2 29699.9 13395.3 8439.86 5219.91 4955.44
internal_count=278139 65716 1908 729 63808 338 1179 1004 878 126 685 63727 57173 6554 6500 1418 1098 5082 320 607 421 5032 1321 391 212423 126167 86256 66076 41837 20180
is_linear=0
shrinkage=0.1


Tree=8
num_leaves=31
num_cat=0
split_feature=2 1 1 3 0 3 4 4 2 1 2 2 3 3 4 3 7 0 1 1 0 6 0 0 2 3 4 0 2 1
split_gain=43.2477 32.3769 44.6025 48.2896 33.2003 43.3553 31.1069 29.6877 25.0062 24.3937 24.3087 25.1239 22.3006 21.4496 23.2677 21.2753 25.8028 29.0464 26.0782 20.8747 21.3896 28.4638 19.9445 41.941 26.344 19.8663 43.0254 37.8748 30.7153 26.7081
threshold=0.75108286738395702 1.000000059604645 0.77415210008621227 0.48871925473213201 0.73879188299179088 0.22251942008733752 0.35275264084339147 0.020176141522824768 0.64575669169425975 0.79664355516433727 0.60253366827964794 0.62598150968551647 0.41044248640537268 0.37766440212726599 0.34760613739490515 0.36646792292594915 13.500000000000002 0.77343443036079418 0.69437235593795787 0.73024684190750133 0.78928926587104808 50.500000000000007 0.74868804216384899 0.76194489002227794 0.73018914461135875 0.46524967253208166 0.15520858019590381 0.50709870457649242 0.74467524886131298 0.5456090271472932
decision_type=2 2 2 2 2 2 2 2 2 2 2 2 2 2 2 2 2 2 2 2 2 2 2 2 2 2 2 2 2 2
left_child=1 2 25 4 -4 10 -2 -7 -3 -9 -6 -12 13 14 -11 16 17 -8 -18 20 -19 -22 -13 -24 -25 -1 27 -27 -28 -29
right_child=6 8 3 -5 5 7 15 9 -10 12 11 22 -14 -15 -16 -17 18 19 -20 -21 21 -23 23 24 -26 26 28 29 -30 -31
leaf_value=-0.0013852150678789719 0.010979716731666873 -0.01179370868194307 -0.0060087945117969386 0.076441302458731666 0.13243416930817076 0.078920570709827206 -0.10062057571849177 0.041098160641056092 -0.12106073356080541 -0.062458403770203265 -0.20186455496669714 0.053717907292395839 -0.15810142012488937 0.09659445736195893 0.076170670402688823 0.099154953040486771 0.089986436280859311 -0.13771319371876176 -0.20597485735849252 0.093547988945975005 0.15155996208402181 -0.052987390641646349 -0.091593677080000643 0.018207892173852446 -0.073332888520190972 0.06228686770018025 -0.0060653686032348681 -0.034862162909459302 0.092813826104631778 0.01263249252932035
leaf_weight=53475.513246408635 1406.3608595547266 45.239447954692878 662.61923555680551 121.45013335160911 12.8105933945626 152.95798370242119 12.320562004344536 287.28310097986832 39.000521947396919 48.152069892734289 6.5466931089758864 50.895489819115028 10.117723648436366 17.741318076848984 16.173949889838696 66.986970731988549 4.5632839798927298 8.6112923696637136 8.5656074159778637 69.697500539477915 12.82238074578345 14.491947759874163 56.481675941031426 204.35966771398671 37.153382631018758 148.89542383002117 2425.3221115535125 123.90295620355755 31.827861083671451 2666.1992005994543
leaf_count=249300 4965 426 2595 276 32 319 51 656 460 147 33 143 50 32 33 121 15 37 83 122 23 60 254 678 160 388 7924 567 69 8120
internal_value=-3.00026e-11 -0.000428752 -0.00034257 0.0157004 0.0109816 0.0234813 0.0162051 0.0417277 -0.062381 0.0267358 -0.0029001 -0.0077778 -0.0180228 -0.000753135 -0.0276019 0.053309 0.0298787 0.0446818 -0.103106 0.0616308 -0.000290031 0.0430349 -0.00413589 -0.0140169 0.00412563 -0.000801677 0.00498115 0.0131458 -0.00478457 0.0105233
internal_weight=62245.1 60640.6 60556.4 1684.74 1563.29 900.674 1604.42 532.426 84.24 379.468 368.248 355.437 92.1851 82.0673 64.326 198.06 131.073 117.944 13.1289 105.623 35.9256 27.3143 348.89 297.995 241.513 58871.7 5396.15 2939 2457.15 2790.1
internal_count=278139 272662 271776 5408 5132 2537 5477 1237 886 918 1300 1268 262 212 180 512 391 293 98 242 120 83 1235 1092 838 266368 17068 9075 7993 8687
is_linear=0
shrinkage=0.1


Tree=9
num_leaves=31
num_cat=0
split_feature=1 0 0 3 4 3 4 7 3 7 6 0 6 5 0 4 3 6 1 3 1 2 0 1 0 3 0 4 0 2
split_gain=62.354 55.0938 34.8035 33.7691 32.772 30.2415 31.0186 27.7709 26.6069 33.9626 27.984 27.7004 41.1893 42.25 28.0295 26.1396 33.3446 32.5699 45.2363 52.4143 37.5923 32.6271 35.2036 34.2714 32.3832 28.8005 25.9164 27.3505 25.8079 25.4403
threshold=0.76769953966140758 0.74083858728408825 0.81775686144828807 0.26443448662757879 0.021150941960513595 0.46524967253208166 0.041773036122322089 20.500000000000004 0.54869896173477184 19.500000000000004 86.500000000000014 0.80816009640693676 767.50000000000011 0.0037250886671245102 0.8121471405029298 0.077047865837812438 0.38954202830791479 54.500000000000007 0.63683602213859569 0.14165963977575305 0.58667081594467174 0.52129444479942333 0.62554007768630993 0.57518857717514049 0.71570056676864635 0.059199521318078048 0.80816009640693676 0.029181873425841335 0.61322087049484264 0.57837525010108959
decision_type=2 2 2 2 2 2 2 2 2 2 2 2 2 2 2 2 2 2 2 2 2 2 2 2 2 2 2 2 2 2
left_child=2 7 5 -3 -5 6 26 -2 9 10 -6 12 13 -12 -13 16 17 18 24 25 21 -19 28 -24 -8 -20 -1 -28 -23 -7
right_child=1 3 -4 4 8 29 15 -9 -10 -11 11 14 -14 -15 -16 -17 -18 20 19 -21 -22 22 23 -25 -26 -27 27 -29 -30 -31
leaf_value=-0.0039868241063851281 -0.0071740067344806023 0.012706569316318674 0.025866641017825334 0.080118216576126708 0.10385835036697184 0.017144998133851244 -0.0047974992059257255 0.078007850150830449 0.092271181303600194 -0.15546677721307245 0.065423499101366064 -0.13884131106561767 -0.16246591693231097 -0.0062990408883894684 0.0026500747345453665 -0.0010204819479265412 -0.011553336010489426 0.0079699655698817155 -0.10658794057200618 -0.074540629076180642 0.014803605639608565 -0.057709673301001768 0.079757879435983267 -0.044524569346585989 0.060479590031092434 0.069703110831928622 -0.02872597728320879 -0.15327736915546675 -0.20060280403947442 0.0019283404565837504
leaf_weight=23797.82610657168 849.55012712662574 693.72673582972493 491.88705363264307 183.4141340055503 42.974800209980458 1546.1839345560875 506.6583321695216 40.078820306807756 62.797790350392461 10.429665856529025 202.81521136499941 20.070091910660267 10.745778913609682 138.02939532930031 46.298907021060586 23013.022120843962 933.00214891228825 323.37009175121784 11.547149104066191 173.99726330675185 4528.1328068203293 131.28618165617809 38.351049982011318 52.644993233494461 89.408164964988828 46.930284834466875 118.11627321178094 20.724052544683218 13.986011214554308 3796.4444428670686
leaf_count=125201 3579 2502 1664 455 93 5271 1738 292 114 94 426 62 60 405 112 105190 2952 850 81 625 12353 457 113 185 239 156 760 82 76 11952
internal_value=1.54949e-12 0.0161532 -0.000623265 0.0284388 0.0436481 -0.000843584 -0.00155618 -0.00333646 0.0311254 0.0229792 0.0270169 0.0191161 0.0303012 0.0363785 -0.0401371 0.000593596 0.00601674 0.00878754 -0.00959854 -0.0470136 0.0117817 -0.012669 -0.0409167 0.00785532 0.00499387 0.0348921 -0.00423815 -0.0473172 -0.0714666 0.00633212
internal_weight=61934.4 2300.93 59633.5 1411.3 717.576 59141.6 53799 889.629 534.162 471.364 460.934 417.959 351.59 340.845 66.369 29862.3 6849.31 5916.31 828.541 232.475 5087.77 559.638 236.268 90.996 596.066 58.4774 23936.7 138.84 145.272 5342.63
internal_count=278139 8194 269945 4323 1821 268281 251058 3871 1366 1252 1158 1065 891 831 174 125015 19825 16873 2839 862 14034 1681 831 298 1977 237 126043 842 533 17223
is_linear=0
shrinkage=0.1


Tree=10
num_leaves=31
num_cat=0
split_feature=1 3 0 5 6 0 6 3 5 4 2 5 1 3 0 4 6 0 0 3 5 3 4 6 5 1 0 3 4 2
split_gain=60.1401 50.0374 42.8595 42.4834 50.3727 37.8183 37.4056 26.6997 24.9152 23.9083 20.6231 19.5552 19.2793 19.1728 19.0696 21.4133 26.9727 26.9129 23.6677 19.9469 18.8476 18.4352 36.964 31.8696 36.9485 31.2511 29.7285 29.2 27.5241 39.0976
threshold=0.77415210008621227 0.31639520823955541 0.73948869109153759 0.0024089132202789192 280.50000000000006 0.70853176712989818 774.50000000000011 0.60456436872482311 0.0010007506352849307 0.23341979831457141 0.62598150968551647 0.0012059090659022333 0.46011376380920416 0.70714285969734203 0.77948507666587841 0.035912791267037399 357.50000000000006 0.71453207731246959 0.7173944115638734 0.025729383341968063 0.011054087895900013 0.20306114107370379 0.0099108126014471071 154.50000000000003 0.0013938901247456672 0.67620128393173229 0.82744947075843822 0.10013192519545557 0.03462371043860913 0.69866943359375011
decision_type=2 2 2 2 2 2 2 2 2 2 2 2 2 2 2 2 2 2 2 2 2 2 2 2 2 2 2 2 2 2
left_child=7 3 6 4 8 9 -3 21 -2 10 -5 -6 13 -9 15 -7 18 -18 19 -17 -11 22 23 27 25 -25 -23 -1 29 -24
right_child=1 2 -4 5 11 14 -8 12 -10 20 -12 -13 -14 -15 -16 16 17 -19 -20 -21 -22 26 28 24 -26 -27 -28 -29 -30 -31
leaf_value=-0.013784085571575519 -0.20790635898321241 0.02149900257532739 0.062899701182663387 -0.014332977672464171 0.0021647249552894819 0.049396057754283552 -0.11889270912011898 -0.20712355484000644 -0.032200097225233232 -0.19928093520785628 -0.12864648239104901 0.050058572403925666 0.018351512429322529 -0.014182631364665261 -0.022698322446946285 0.097965152150550294 0.080800418520643721 -0.076180179984315699 0.031339231103261964 -0.20305149035695333 0.039244179220295883 0.00046091879087381543 0.0090153010540993447 -0.012898207745418581 -0.023689525877250518 0.032773638644662609 0.057605890866903653 0.0078631636735263556 -0.0032902240613411531 -0.016486637483851176
leaf_weight=1151.274051964283 10.303211650345473 298.0074210827006 360.88066095032264 68.289741072105244 114.11985656712204 115.93358753342181 20.268949602730572 7.3004786856472519 37.238645288627595 18.386005097534511 20.525309221353382 337.01303517026827 929.99984529707581 17.487204357981682 232.82172065600753 3.0349445431493214 13.061069156974552 66.658384807524271 148.06792485830374 8.0150083727203292 4.0408028699457637 35301.071503950283 4309.6577660648618 420.1260151064489 2207.4008098015329 232.85762576421257 91.272134804166853 1358.3190674048383 12758.843383410887 698.63462816504762
leaf_count=11936 76 1052 975 482 390 385 106 40 164 183 175 979 3152 46 817 21 45 512 592 57 17 127477 20533 4706 24354 1928 226 8807 64814 3092
internal_value=3.22426e-11 0.0176256 0.039308 0.00532858 0.0276257 -0.0105822 0.0125584 -0.000556069 -0.0702789 -0.064047 -0.040751 0.0379432 0.0160316 -0.0710077 -0.000460377 0.0141335 -0.00298326 -0.0504608 0.0208034 -0.120375 -0.156304 -0.000826663 -0.00302168 -0.0102921 -0.017508 0.00338863 0.000608288 -0.0020675 -0.000824259 0.00545789
internal_weight=61360.9 1876.67 679.157 1197.51 498.675 698.834 318.276 59484.2 47.5419 111.242 88.8151 451.133 954.788 24.7877 587.593 354.771 238.837 79.7195 159.118 11.05 22.4268 58529.5 23137.1 5369.98 2860.38 652.984 35392.3 2509.59 17767.1 5008.29
internal_count=278139 7028 2133 4895 1609 3286 1158 271111 240 857 657 1369 3238 86 2429 1612 1227 557 670 78 200 267873 140170 51731 30988 6634 127703 20743 88439 23625
is_linear=0
shrinkage=0.1


Tree=11
num_leaves=31
num_cat=0
split_feature=1 3 2 0 4 3 3 3 3 4 3 4 4 1 1 5 1 2 6 3 5 5 0 5 5 7 6 2 0 0
split_gain=52.825 33.3534 55.1785 23.2544 39.4123 27.5473 22.9479 22.6346 32.8243 22.5675 24.7731 20.1123 20.3171 32.1466 23.6086 19.6277 19.365 27.0909 21.3694 18.6909 17.2368 18.63 23.1834 17.1643 23.2996 16.3809 23.4643 22.3695 28.9837 17.9617
threshold=0.77415210008621227 0.22251942008733752 0.64435419440269481 0.80816009640693676 0.33452381193637853 0.24665883183479312 0.60456436872482311 0.23730348795652392 0.25024272501468664 0.020176141522824768 0.48871925473213201 0.32703335583209997 0.013740984257310631 0.69437235593795787 0.6923540234565736 0.013524946290999653 0.8214436173439027 0.62300056219100963 242.00000000000003 0.24964985996484759 0.009829735383391382 0.020434260368347171 0.67763447761535656 0.0057397044729441413 0.0054805248510092506 3.5000000000000004 21.500000000000004 0.72850519418716442 0.7722793221473695 0.72016814351081859
decision_type=2 2 2 2 2 2 2 2 2 2 2 2 2 2 2 2 2 2 2 2 2 2 2 2 2 2 2 2 2 2
left_child=3 20 7 6 11 -6 -1 -3 -9 19 15 12 13 -5 -14 -11 -10 18 -18 -4 -2 22 -22 24 -16 27 29 28 -8 -27
right_child=1 2 9 4 5 -7 25 8 16 10 -12 -13 14 -15 23 -17 17 -19 -20 -21 21 -23 -24 -25 -26 26 -28 -29 -30 -31
leaf_value=-0.0010365066453088179 0.0038677328213407788 0.10285066150584082 -0.030881463695206491 0.11063751235897551 -0.00073744011389597275 0.10144224525234875 0.029236291032417386 -0.20342268622853649 0.004625919824551533 0.028809887452556051 0.083119287524288266 -0.15993423469889997 -0.090081202349223385 -0.04972264058641792 0.012630457623008295 -0.077784542611129603 0.046528617966797081 -0.19799285326967014 -0.086221468293717365 0.086677390392048054 0.065711753546193158 0.045343318112577205 -0.15188349888928318 0.050177609473301445 -0.15614928143853798 -0.069548319213144805 0.012335140728020109 0.11803633977468771 -0.1133320995455943 0.041387449436843471
leaf_weight=57184.535898654489 686.99571874318644 16.930597303435206 14.959752192720769 14.22742218384519 39.117879112716764 81.056171621195972 362.78865157533437 9.063335254788397 207.1256574941799 547.58770169666968 85.781551877036691 7.1380211822688571 21.071815739385784 103.01637445320375 629.85353413480334 17.837017374113202 21.794656022218987 11.473711038590407 27.334542036987841 140.96469565946609 6.2226544925943044 11.377044104039667 22.973896118579432 131.00487124035135 8.2867460120469314 66.029507895931602 449.22952920524403 26.887400433421135 14.84301485866308 18.736501667648554
leaf_count=264071 3179 55 47 69 168 160 998 60 603 1589 203 31 83 904 1994 89 93 123 261 376 63 63 224 381 37 371 1691 42 50 61
internal_value=-4.11688e-11 0.0167406 0.0277207 -0.000517411 0.0143419 0.0681817 -0.000781954 -0.00939213 -0.0162577 0.0412264 0.0330442 0.00726759 0.00858279 -0.0302631 0.0143463 0.0254472 -0.00992167 -0.0596417 -0.027331 0.0753985 0.000127183 -0.0632081 -0.105507 0.0172073 0.0104387 0.0147282 0.00322947 0.0299074 0.0236326 -0.0450273
internal_weight=60986.2 1828.42 1100.85 59157.8 1034.77 120.174 58123.1 293.722 276.792 807.131 651.206 914.599 907.461 117.244 790.217 565.425 267.729 60.6029 49.1292 155.924 727.569 40.5736 29.1966 769.145 638.14 938.515 533.996 404.519 377.632 84.766
internal_count=278139 7028 3499 271111 3827 328 267284 1195 1140 2304 1881 3499 3468 973 2495 1678 1080 477 354 423 3529 350 287 2412 2031 3213 2123 1090 1048 432
is_linear=0
shrinkage=0.1


Tree=12
num_leaves=31
num_cat=0
split_feature=1 3 2 4 3 4 3 0 3 4 5 1 4 4 4 5 7 5 3 6 6 5 7 3 3 4 4 6 5 4
split_gain=60.6924 33.2589 38.2555 22.3896 21.7726 21.3475 21.2715 22.2943 21.4725 25.5041 32.9246 19.0515 18.5179 17.5971 27.5003 17.3805 17.1091 17.0154 23.1155 76.813 30.7311 28.5844 20.3311 23.1983 17.4075 16.9374 30.5316 17.3689 31.1936 20.815
threshold=0.76769953966140758 0.23228587210178378 0.64435419440269481 0.020176141522824768 0.52854886651039135 0.0020746977534145121 0.60456436872482311 0.81775686144828807 0.15082462131977084 0.12206346169114114 0.0016187781002372505 0.79664355516433727 0.27079217135906225 0.024281671270728115 0.039637306705117233 0.0010343936737626793 12.500000000000002 0.0010855799191631379 0.0041753835976123818 468.50000000000006 101.50000000000001 0.0033258504699915652 22.500000000000004 0.28363502025604254 0.18765529245138171 0.0083449399098753946 1.0000000180025095e-35 748.00000000000011 0.0019573302706703548 0.12394855916500093
decision_type=2 2 2 2 2 2 2 2 2 2 2 2 2 2 2 2 2 2 2 2 2 2 2 2 2 2 2 2 2 2
left_child=6 25 13 5 -5 11 7 17 9 -9 12 -4 15 -3 -15 -11 -10 22 19 20 -19 -22 -1 24 -24 26 -2 29 -29 -27
right_child=1 2 3 4 -6 -7 -8 8 16 10 -12 -13 -14 14 -16 -17 -18 18 -20 -21 21 -23 23 -25 -26 27 -28 28 -30 -31
leaf_value=-0.0060628051873939789 0.14494272523460711 0.052560695400671265 -0.11850680997668646 0.024659135657292042 0.08338895542962893 0.082506987324025366 0.014547438274835168 -0.088008460657769821 0.042611936364998389 0.05755171197370567 0.047633669882588367 0.094821875829949276 -0.1659759146643657 -0.12994409622868863 -0.0041443740047534964 -0.098966365896706709 -0.040879536922413973 0.0039805124675130208 -1.6752237813156823e-05 -0.11768705165410367 -0.00070210166049260332 -0.069846803639604882 0.012764982117693755 0.054102859889327407 -0.086240356761525236 0.029187209146749465 -0.080795282599041299 0.0078652453773093278 -0.10349011477749266 -0.0038823050943518102
leaf_weight=7968.1125523578376 6.8659176602959624 48.232440013205633 10.576711254194381 659.33196623250842 69.80715446639806 152.97193313436583 912.26148249302059 32.830146298743784 292.16977364686318 14.62891693133861 82.105664232745767 6.9286989774554959 12.125156386755405 18.726093849167228 241.22210685606115 13.775451133958994 26.794693022035062 618.75664431985933 48175.962506557291 68.716513477673288 110.46503023116384 130.32310040865559 70.986715514911339 120.84618007624522 23.684251305647194 346.34695283090696 47.049609793350101 71.258023750036955 38.882882865145802 422.54704301303718
leaf_count=36751 26 178 60 1998 169 439 3216 248 751 53 309 17 85 135 968 54 152 5974 212561 1481 1540 4105 1287 948 430 1138 474 208 235 2149
internal_value=-4.58179e-11 0.0165388 0.0274935 0.0379101 0.0302819 0.0705363 -0.000603418 -0.000842702 0.0207457 -0.00972698 0.0112294 -0.0340706 -0.0625191 -0.00291365 -0.0132067 -0.0183559 0.0355982 -0.00102149 -0.000317923 -0.0159484 -0.00781488 -0.0381257 -0.00524308 0.025064 -0.0120036 0.00235671 -0.0520485 0.00569364 -0.0314464 0.0110138
internal_weight=60815.3 2140.75 1207.8 899.616 729.139 170.477 58674.5 57762.3 474.43 155.465 122.635 17.5054 40.5295 308.181 259.948 28.4044 318.964 57287.9 49104.2 928.261 859.545 240.788 8183.63 215.517 94.671 932.95 53.9155 879.035 110.141 768.894
internal_count=278139 8194 3964 2683 2167 516 269945 266729 1652 749 501 77 192 1281 1103 107 903 265077 225661 13100 11619 5645 39416 2665 1717 4230 500 3730 443 3287
is_linear=0
shrinkage=0.1


Tree=13
num_leaves=31
num_cat=0
split_feature=1 0 3 5 4 6 0 1 6 5 3 4 3 5 4 3 7 7 0 3 4 1 0 0 1 4 0 3 0 6
split_gain=57.1679 31.8731 28.0842 23.6898 24.2428 41.6116 41.3917 25.3514 28.469 30.539 25.4202 24.2326 23.7822 23.5193 26.2807 24.0536 24.1146 21.7034 20.2162 19.7759 21.559 45.4736 21.0183 19.5541 23.6594 39.7985 23.1121 22.9229 21.6004 19.4971
threshold=0.76769953966140758 0.81775686144828807 0.49749770760536199 0.0025726229650899772 0.12206346169114114 774.50000000000011 0.62675082683563244 0.78642088174819957 411.00000000000006 0.0014953273348510268 0.38624423742294317 0.17411334812641147 0.25483952462673193 0.0027107619680464272 0.014226442202925684 0.12852182984352115 1.0000000180025095e-35 4.5000000000000009 0.76286071538925182 0.46524967253208166 0.42943723499774938 0.70127272605896007 0.79927265644073497 0.52873709797859203 0.55098974704742443 0.18442968279123309 0.57554954290390026 0.48550386726856237 0.57271617650985729 84.500000000000014
decision_type=2 2 2 2 2 2 2 2 2 2 2 2 2 2 2 2 2 2 2 2 2 2 2 2 2 2 2 2 2 2
left_child=1 19 3 4 5 7 -6 -2 9 10 -9 12 -8 14 -5 16 -15 -14 -18 -1 22 -22 23 24 25 -21 27 -25 -29 -3
right_child=2 29 -4 13 6 -7 11 8 -10 -11 -12 -13 17 15 -16 -17 18 -19 -20 20 21 -23 -24 26 -26 -27 -28 28 -30 -31
leaf_value=-0.0013643156266999008 0.081593337232482577 -0.039708411320014306 0.061808622819364015 0.076945532844427914 -0.14458586897279554 -0.057941501858877524 -0.19736712928134473 -0.16114126999469569 0.053609310125730808 0.024309951473967431 0.12078006425900914 0.023038779729761566 0.039491050852380173 -0.19476623544240368 -0.086101180939294475 0.012825820170950283 0.0047249235204708901 -0.13964167899518576 -0.088962771862219639 0.040511895095953036 0.0038649270300257169 0.084011589868943456 -0.041391751815873158 -0.097341915645427282 0.093228347772437881 -0.065059037498933214 0.0044515298488874136 -0.0045291735534654853 -0.15765575995252806 0.032705508292692941
leaf_weight=52829.020271818154 166.58699204656295 40.940603570081294 127.3448325577192 12.197693744674323 16.877499165944755 37.78339541843161 9.4190921541303378 19.766765027074147 160.01142756198533 46.242523843422532 3.8157300353050223 378.71206627949141 21.720052741467956 8.7302388185635191 52.158622084883973 891.60538542782888 80.043978807399981 9.8222599870059621 32.336859663017094 155.6568723549135 215.56895289476961 105.40898613259196 102.41268753586337 40.305265411967412 49.832673500757664 46.339763797819614 4359.8323718535248 158.96623054239899 9.7788446838967484 404.92765086214058
leaf_count=251058 450 204 376 35 108 186 69 147 495 136 11 1229 70 97 235 3406 840 69 235 470 818 256 354 189 129 220 14127 605 55 1460
internal_value=-4.07343e-11 -0.000578415 0.016311 0.0133365 0.0256018 0.0423325 0.00896103 0.0518896 0.0303602 -0.0229176 -0.115525 0.015136 -0.0579294 0.00342064 -0.0551983 0.00714577 -0.0346701 -0.0162908 -0.0222331 -0.000782909 0.00507418 0.030185 0.003437 0.00438935 0.0315172 0.016293 0.00289411 -0.0295865 -0.0134029 0.0260563
internal_weight=60594.2 58519 2075.18 1947.83 870.758 434.207 436.551 396.423 229.836 69.825 23.5825 419.673 40.9614 1077.07 64.3563 1012.72 121.111 31.5423 112.381 58073.1 5244.1 320.978 4923.12 4820.71 251.829 201.997 4568.88 209.05 168.745 445.868
internal_count=278139 269945 8194 7818 2970 1425 1545 1239 789 294 158 1437 208 4848 270 4578 1172 139 1075 268281 17223 1074 16149 15795 819 690 14976 849 660 1664
is_linear=0
shrinkage=0.1


Tree=14
num_leaves=31
num_cat=0
split_feature=1 3 0 5 4 3 0 4 3 0 0 1 1 0 5 1 4 3 6 3 6 1 7 1 2 2 4 4 4 1
split_gain=63.388 27.2041 25.7259 29.7716 26.4812 21.9404 21.6637 33.9817 20.7386 18.0862 17.3011 75.4559 38.8404 38.5736 30.0936 43.0904 56.4436 39.7057 36.1375 33.5384 28.4081 28.395 26.2521 25.1289 34.4206 24.3856 23.7165 23.9747 57.8226 33.4239
threshold=0.77415210008621227 0.22251942008733752 0.73468595743179332 0.011677697300910951 0.020176141522824768 0.48871925473213201 0.80816009640693676 0.32335007190704351 0.60456436872482311 0.70060616731643688 0.64761638641357433 0.75578656792640697 0.61359968781471264 0.66400963068008434 0.0024515814147889618 0.6436508595943452 0.28168769180774694 0.17669014632701877 198.50000000000003 0.39164833724498754 892.50000000000011 0.55531242489814769 30.500000000000004 0.74289667606353771 0.62518230080604564 0.49324886500835424 0.39054678380489355 0.1647259518504143 0.16287682950496676 0.7035413682460786
decision_type=2 2 2 2 2 2 2 2 2 2 2 2 2 2 2 2 2 2 2 2 2 2 2 2 2 2 2 2 2 2
left_child=6 -2 3 -3 -4 -6 8 -8 10 -5 11 12 20 23 15 18 19 -16 -14 -17 -1 -15 -19 26 -25 -13 27 28 -12 -29
right_child=1 2 4 9 5 -7 7 -9 -10 -11 13 25 14 21 17 16 -18 22 -20 -21 -22 -23 -24 24 -26 -27 -28 29 -30 -31
leaf_value=-0.00069754561108627147 0.003975700013914861 0.016600630328113677 0.083208989655173815 -0.20566479113122496 0.023828158671563234 0.088369334842370834 0.0071223112246320804 0.063212735168303849 0.014265657598405474 -0.028184590481519542 -0.014514433030292102 0.062419836520720598 -0.042167216844087328 0.069900611654219832 -0.0084780206675652281 0.0020690847474597539 -0.10799034793236927 0.025766349872026879 0.022996443755858464 -0.043027526791992926 -0.073671958065884433 -0.0012756305064079655 -0.13409461968149197 -0.17604646752793285 0.084866851780204963 -0.15200047867438846 -0.066939555703234219 -0.0035279012601729513 -0.19964546268887431 0.056893767653299392
leaf_weight=9727.3769575988408 684.57656981633045 343.67161905218381 126.97920656925999 9.5207509177271294 422.1249011347536 60.179764785803854 854.25717991124839 123.64445244753733 900.02427503326908 14.466007896233348 2233.8520317957154 6.0907142385840407 93.95822515944019 56.129500772338361 445.24477915168973 869.87293652445078 57.722701631952077 1800.4824882866815 903.03331587603316 203.49154653958976 53.640050512272865 39286.509528487251 10.331499707885085 19.775295643135909 6.7931117285042992 41.061666409485042 75.861928825266659 813.37140497996006 16.999316055327654 103.16499251034111
leaf_count=51797 3529 1426 409 75 1349 171 3447 380 3213 69 11762 20 475 244 3087 3340 301 5353 3683 688 306 178423 149 111 23 178 400 3437 66 228
internal_value=-6.00015e-11 0.0192615 0.0299728 0.00908279 0.0425784 0.0318813 -0.000545177 0.0142143 -0.000795214 -0.0986295 -0.00103376 0.00198762 0.00240801 -0.00204146 0.0102293 0.00169881 -0.0116608 0.018276 0.0168553 -0.00648046 -0.00109774 -0.00117408 0.0248543 -0.0124778 -0.109335 -0.124304 -0.0116843 -0.0103609 -0.0159126 0.00327314
internal_weight=60364.2 1661.52 976.942 367.658 609.284 482.305 58702.7 977.902 57724.8 23.9868 56824.8 14212.3 14165.2 42612.5 4384.14 2128.08 1131.09 2256.06 996.992 1073.36 9781.02 39342.6 1810.81 3269.82 26.5684 47.1524 3243.25 3167.39 2250.85 916.536
internal_count=278139 7028 3499 1570 1929 1520 271111 3827 267284 144 264071 69377 69179 194694 17076 8487 4329 8589 4158 4028 52103 178667 5502 16027 134 198 15893 15493 11828 3665
is_linear=0
shrinkage=0.1


Tree=15
num_leaves=31
num_cat=0
split_feature=1 4 4 0 5 3 3 3 3 1 5 2 1 2 4 4 7 5 7 2 2 4 5 4 3 1 6 3 2 2
split_gain=59.1521 33.6466 26.8176 38.5294 26.6398 23.9079 20.5737 18.4985 27.6371 19.6116 18.0793 21.2019 18.0667 21.8634 18.1376 19.8207 27.1131 24.5836 28.1267 23.9402 19.6834 17.8904 17.6898 17.2408 17.5394 16.8049 16.6888 24.4173 17.8688 18.8314
threshold=0.7380453646183015 0.4171940833330155 0.12394855916500093 0.76891562342643749 0.0036690516863018279 0.60456436872482311 0.018744676373898986 0.40797035396099096 0.39698301255702978 0.747124344110489 0.0045889106113463649 0.70794188976287853 0.72567862272262584 0.59538573026657116 0.049193339422345168 0.015754926018416885 15.500000000000002 0.0024515814147889618 12.500000000000002 0.69129300117492687 0.65277022123336803 0.013740984257310631 0.0027331741293892269 0.032584005966782577 0.39698301255702978 0.77415210008621227 150.50000000000003 0.47343082726001745 0.51427435874938976 0.59630233049392711
decision_type=2 2 2 2 2 2 2 2 2 2 2 2 2 2 2 2 2 2 2 2 2 2 2 2 2 2 2 2 2 2
left_child=5 2 3 6 23 -1 -2 8 -8 -10 11 -6 14 -14 15 16 20 19 -19 -17 -7 -13 -11 24 -5 -24 -9 28 -28 -30
right_child=1 -3 -4 4 10 12 7 26 9 22 -12 21 13 -15 -16 17 -18 18 -20 -21 -22 -23 25 -25 -26 -27 27 -29 29 -31
leaf_value=-0.0012152120870315608 -0.12385282883785841 0.057706883020166279 0.00168103946952417 0.021301098932106185 0.030794042661083827 0.014971594805472064 0.0047856201461950699 0.082897466937902009 -0.20433777659101451 0.048349125030252765 0.023083214101501871 -0.2063268887803289 -0.064836225820911739 0.11078708711748309 0.0235719788540871 -0.17045143344245461 0.10272763550137823 0.0086265402786933187 -0.20247942186386181 0.058596883869293181 -0.067755534077138524 -0.044654158409430454 -0.20244172961107113 0.062237456356706744 0.088669900705838633 -0.019823160139850141 0.17448943234671599 -0.036717990671175128 -0.061750807514068952 0.045157830360476756
leaf_weight=54032.361814344127 12.090403180802239 145.60408216156065 2506.8088743741391 324.76890073996037 35.738810701761395 120.65558640472591 1126.167698621517 50.413667997578159 9.4130840599536878 13.363666167948393 238.91055296454579 7.9990814095363012 8.7772295828908664 36.842343764379621 509.07572984602302 22.284894599579278 27.555187568068504 62.652702251449227 7.0182713698595753 5.7382442951202384 37.762527316808701 47.42247067950666 8.9430079960729945 279.87147678434849 43.864993866533041 11.543064587283878 9.2430049465037865 57.498717491514981 18.980548001360148 124.87143136793748
leaf_count=256399 176 429 9757 1193 118 390 4221 117 39 34 829 68 38 76 1841 128 93 223 79 15 155 163 37 673 120 44 17 211 104 352
internal_value=4.15576e-11 0.0103306 0.00893082 0.0164372 0.0317535 -0.000955202 0.00604701 0.00714496 0.00177251 -0.0766613 0.00862642 -0.0292616 0.0158024 0.0769971 0.0122808 -0.00798246 0.0111762 -0.0444533 -0.0126391 -0.12355 -0.00474828 -0.0679886 -0.0411565 0.0435246 0.0293175 -0.0995436 0.031216 0.018844 0.0397117 0.0310518
internal_weight=59944.2 5073.52 4927.91 2421.1 978.576 54870.7 1442.53 1430.44 1169.43 43.2628 330.071 91.1604 838.363 45.6196 792.743 283.667 185.973 97.6941 69.671 28.0231 158.418 55.4216 33.8497 648.505 368.634 20.4861 261.007 210.594 153.095 143.852
internal_count=278139 18702 18273 8516 3164 259437 5352 5176 4375 154 1178 349 3038 114 2924 1083 638 445 302 143 545 231 115 1986 1313 81 801 684 473 456
is_linear=0
shrinkage=0.1


Tree=16
num_leaves=31
num_cat=0
split_feature=1 4 4 3 6 3 4 0 2 5 3 6 5 6 6 0 5 1 4 1 7 7 7 6 3 2 1 6 4 5
split_gain=45.6084 54.3677 41.3529 42.8086 32.8005 29.538 32.7853 29.8554 35.1026 26.6414 32.2695 44.0396 24.9346 27.8383 26.7939 24.3855 23.4123 23.1527 22.6288 21.2411 20.7677 20.4966 25.4099 19.5405 19.4827 30.6669 22.9391 27.8816 23.3575 38.2094
threshold=0.72429904341697704 0.4171940833330155 0.12206346169114114 0.3337045311927796 27.500000000000004 0.082083165645599379 0.0026041843229904775 0.70853176712989818 0.69866943359375011 0.0012828742037527265 0.24111597239971164 581.50000000000011 0.0030366568826138978 203.50000000000003 825.00000000000011 0.69187262654304515 0.0015777019434608521 0.7380453646183015 0.29080337285995489 1.0000001788139345 21.500000000000004 16.500000000000004 19.500000000000004 185.50000000000003 0.19489976763725284 0.63664162158966076 0.73661366105079662 268.50000000000006 0.014226442202925684 0.0013591574970632794
decision_type=2 2 2 2 2 2 2 2 2 2 2 2 2 2 2 2 2 2 2 2 2 2 2 2 2 2 2 2 2 2
left_child=-1 2 3 5 -3 6 -2 8 9 -7 15 17 13 16 -14 -11 -9 -12 -4 21 24 -20 -23 -18 25 -15 -27 -28 29 -29
right_child=1 4 18 -5 -6 7 -8 12 -10 10 11 -13 14 20 -16 -17 23 -19 19 -21 -22 22 -24 -25 -26 26 27 28 -30 -31
leaf_value=-0.001066536642215479 -0.17343222659565755 -0.068303946525549011 -0.0067270328214330977 0.027307128412181893 0.067883640114930102 0.048123568100822231 -0.02204649012467326 -0.17085253475473403 -0.19906939093240014 0.023439740808578385 -0.13305459443811385 0.020828117892451599 0.022340200427652713 0.073204617175006037 0.13309507169995502 -0.089652848516605391 0.0068306229510165717 -0.048643991265250514 0.016071657182194263 -0.10274862760259725 -0.11615594299132806 -0.17276568822508673 -0.007850450907469244 -0.20594070461655636 0.019418888661954667 -0.063508643978742466 -0.204591780039098 -0.19606246225737839 0.021920571214632038 -0.0070958782839373527
leaf_weight=51988.404597995366 16.274741252302192 19.379659422673285 2657.1966350243893 1348.9607183305779 202.24197968188673 65.190921305678785 118.24140022275969 15.832315915497018 10.145916738314552 158.1983474069275 51.419329595286399 63.312505360227078 910.83892276685219 39.100652004592121 22.379569740500301 21.678890433162451 29.67190277017653 88.287453460972756 936.34909949637949 16.176384112564847 13.691347402287645 12.592045672703533 36.208058967953548 5.0510382223874322 568.26655965321697 89.663679198827595 6.7150580007582894 13.956138731911777 162.29771248437464 45.868746959837154
leaf_count=249698 446 80 10649 4023 546 181 917 121 93 789 221 192 2869 120 51 151 118 359 3024 82 162 116 291 34 1597 404 50 112 448 195
internal_value=7.8014e-11 0.00715897 0.005721 0.012934 0.0559747 0.00522808 -0.0403622 0.00780312 -0.0151353 -0.0109706 -0.0210318 -0.0483577 0.0132682 0.00221412 0.0249962 0.00980977 -0.0700724 -0.0797115 -0.00189918 0.0109124 0.00610367 0.0127787 -0.0504041 -0.0241206 0.00791159 -0.0103747 -0.0206353 -0.00383652 0.00223257 -0.0511786
internal_weight=59733.6 7745.19 7523.57 3865.04 221.622 2516.08 134.516 2381.57 458.233 448.087 382.897 203.019 1923.33 990.115 933.218 179.877 50.5553 139.707 3658.52 1001.33 939.56 985.149 48.8001 34.7229 925.869 357.602 318.501 228.838 222.123 59.8249
internal_count=278139 28441 27815 13653 626 9630 1363 8267 1986 1893 1712 772 6281 3361 2920 940 273 580 14162 3513 3088 3431 407 152 2926 1329 1209 805 755 307
is_linear=0
shrinkage=0.1


Tree=17
num_leaves=31
num_cat=0
split_feature=1 4 4 3 0 4 0 4 0 5 5 2 2 5 7 3 2 2 6 5 3 0 3 2 2 3 0 3 0 6
split_gain=65.2485 50.3114 40.188 26.9191 33.4563 28.8937 32.7093 26.193 26.0091 24.4168 27.9227 23.6851 23.3588 35.8572 31.8276 23.1356 29.6799 36.7867 27.1679 21.8847 21.5536 31.5884 21.4581 24.6074 20.9721 20.3801 23.8325 20.3236 30.9145 20.7956
threshold=0.72429904341697704 0.4171940833330155 0.12206346169114114 0.25024272501468664 0.74155774712562572 0.0052151328418403873 0.76022404432296764 0.017253783531486992 0.68224188685417186 0.0021562180481851105 0.0024867891333997254 0.49324886500835424 0.71157667040824901 0.010572421364486219 7.5000000000000009 0.17529120296239856 0.7166011929512025 0.66904598474502575 199.50000000000003 0.0034087036037817602 0.18374849855899814 0.79226398468017589 0.15537992864847186 0.7221164107322694 0.60522168874740612 0.27824810147285467 0.74083858728408825 0.46243280172348028 0.50709870457649242 142.50000000000003
decision_type=2 2 2 2 2 2 2 2 2 2 2 2 2 2 2 2 2 2 2 2 2 2 2 2 2 2 2 2 2 2
left_child=27 2 3 7 -5 6 19 8 11 24 -11 -2 13 14 -9 18 17 -17 -12 -6 21 -14 23 -23 -10 26 -3 -1 29 -29
right_child=1 25 -4 4 5 -7 -8 12 9 10 15 -13 20 -15 -16 16 -18 -19 -20 -21 -22 22 -24 -25 -26 -27 -28 28 -30 -31
leaf_value=-0.0018968291616400868 -0.13727481915052497 0.068320755978917111 -0.00022452918997190705 0.0078455798372852135 -0.15325755927846352 0.03825487691378341 0.015356744761423721 0.018399761326865331 0.11140524124980374 -0.15707827588178708 -0.10928238372612481 0.039129368639588852 0.044283379928939243 -0.13172641038638419 -0.036906900419480707 -0.15612034172580258 -0.18656322317597684 0.0076333843312149686 0.011191210936550473 0.030719460796749188 0.059492408968576049 0.065919913001818403 0.0065101217979604362 -0.14772088571769768 -0.0085011690072177605 0.067694072535414637 -0.14904396053440958 0.0022325750912849029 0.0033095063342804439 0.070793386075735362
leaf_weight=47059.153343737969 8.1690321313217265 10.304011219181122 3597.4480300215073 984.7115685378667 22.134488448500637 1084.9992944258265 119.59908492426621 483.83164050220512 16.131218502297997 20.9649363970384 22.674654502654448 111.47643193940166 111.37347916734871 19.354694477864541 132.55961968796328 20.128192087868229 19.169538068119437 43.08043923927471 107.28617039963137 9.133718913421033 173.87516334699467 6.868242900818589 42.841298404615372 25.072047443129122 152.34931035200134 186.41091958526522 9.8815620695240778 71.409046476706862 4630.7316797990352 116.28014737134799
leaf_count=233108 74 37 14162 3174 90 3065 514 1423 44 234 231 639 342 133 726 142 129 141 845 27 450 25 122 126 957 511 78 271 15991 328
internal_value=9.59094e-11 0.00869106 0.00732033 0.0145819 0.0215967 0.0325532 -0.00845142 0.00431515 -0.0138422 -0.0260298 -0.0469787 0.027085 0.0138231 0.0022973 0.00650564 -0.0361082 -0.0775679 -0.0445124 -0.00982818 -0.0995163 0.0341756 0.0105288 -0.0397425 -0.101781 0.00297931 0.0573587 -0.0380871 -0.00126348 0.0049221 0.0447084
internal_weight=59419.4 7541.83 7335.23 3737.78 2220.58 1235.87 150.867 1517.21 521.43 401.784 233.304 119.645 995.776 635.746 616.391 212.339 82.3782 63.2086 129.961 31.2682 360.03 186.155 74.7816 31.9403 168.481 206.596 20.1856 51877.6 4818.42 187.689
internal_count=278139 28441 27815 13653 6870 3696 631 6783 3436 2723 1722 713 3347 2282 2149 1488 412 283 1076 117 1065 615 273 151 1001 626 115 249698 16590 599
is_linear=0
shrinkage=0.1


Tree=18
num_leaves=31
num_cat=0
split_feature=1 4 4 0 3 6 4 4 2 5 5 3 3 4 3 6 6 1 7 0 2 4 3 6 6 4 4 1 2 2
split_gain=80.3242 41.7682 55.2842 29.897 33.2653 22.5603 20.6176 32.0475 28.3773 24.5918 35.5414 32.1012 28.8018 27.3422 26.3336 24.7585 24.3293 23.8889 37.1571 34.8642 28.6745 28.9639 27.2645 33.817 25.0582 26.7798 23.8493 23.7969 23.7436 32.4422
threshold=0.72429904341697704 0.12206346169114114 0.4171940833330155 0.74583166837692272 0.25024272501468664 27.500000000000004 0.041110714897513397 0.0798810049891472 0.6103409230709077 0.0027107619680464272 0.00057686763466335844 0.095130361616611495 0.29035779833793646 0.21060907095670703 0.0028612830210477118 468.50000000000006 831.00000000000011 0.68481913208961498 10.500000000000002 0.61126825213432323 0.57146754860878002 0.081993069499731078 0.0041753835976123818 97.500000000000014 24.500000000000004 0.13565375655889514 0.33231493830680853 0.48503898084163671 0.52988240122795116 0.5032731592655183
decision_type=2 2 2 2 2 2 2 2 2 2 2 2 2 2 2 2 2 2 2 2 2 2 2 2 2 2 2 2 2 2
left_child=6 3 -3 -2 -5 -4 -1 8 16 10 -9 13 -13 -12 15 -15 -8 18 22 -19 24 -22 23 -11 -20 -26 -21 -16 29 -14
right_child=1 2 5 4 -6 -7 7 9 -10 17 11 12 28 14 27 -17 -18 19 20 26 21 -23 -24 -25 25 -27 -28 -29 -30 -31
leaf_value=-0.0036574801854081713 0.0073546353315374407 -0.00039516154287129847 -0.054125123787426191 0.011036763842665477 0.037122442068661006 0.064711869064693867 0.01529097310855302 0.0068752598590764262 0.0011417986310245814 -0.0076904704618643198 -0.016074400280887621 -0.021618233060939254 -0.010137972310417086 -0.009215134998337397 -0.19944516424455816 -0.13511490128773576 -0.07280031743870459 0.065489278449312127 -0.16658491543158854 0.0027456407497642786 -0.19818036789577334 -0.0076740121757461659 0.0022999677403444346 -0.082776719195486057 -0.11343318816436852 -0.024434515071367218 0.025245900454514247 0.01649571073607092 -0.0033710974132124243 -0.066917667269140682
leaf_weight=22622.572859442269 1612.0873862205772 3593.5589760512812 17.542159087955952 870.52870220318437 1115.0281807405408 178.82167449966073 2690.6713758206461 1849.686326565803 4174.9976164348191 217.92148404789623 508.6820649484871 2090.4801834551618 329.48484188062139 54.836129550240003 5.126826310530304 21.841025153873488 31.721534946933389 104.45034271851182 16.042051197960973 2627.328357634251 8.0432588495314103 1025.1026473015663 8233.7303546337644 82.760157221433474 39.816535642137751 224.10711715614889 574.00650941231288 1111.813229835825 2943.4832924256334 144.87651180149987
leaf_count=124149 6153 14162 80 3963 3537 546 8404 8860 12991 1932 3192 12092 1437 699 37 537 131 262 240 10803 143 9866 29757 2774 471 2168 1997 4330 11671 755
internal_value=9.75315e-11 0.0097541 0.00242812 0.0174716 0.0256857 0.0540956 -0.00139289 0.000366959 0.00632133 -0.00148189 -0.00549085 -0.00866303 -0.0123722 0.00333931 0.0116128 -0.0450769 0.0142645 0.00127958 -0.00118961 0.00863498 -0.0168497 -0.00915714 0.00121986 -0.0283573 -0.0452371 -0.0378612 0.00677999 0.0155045 -0.00671706 -0.0274793
internal_weight=59121.1 7387.57 3789.92 3597.64 1985.56 196.364 51733.6 29111 6897.39 22213.6 9060.31 7210.62 5508.32 1702.3 1193.62 76.6772 2722.39 13153.3 9847.52 3305.79 1313.11 1033.15 8534.41 300.682 279.966 263.924 3201.33 1116.94 3417.84 474.361
internal_count=278139 28441 14788 13653 7500 626 249698 125549 21526 104023 43610 34750 25955 8795 5603 1236 8535 60413 47351 13062 12888 10009 34463 4706 2879 2639 12800 4367 13863 2192
is_linear=0
shrinkage=0.1


Tree=19
num_leaves=31
num_cat=0
split_feature=1 4 4 4 2 3 4 0 1 6 3 0 7 5 4 5 3 3 1 5 6 6 2 6 4 6 4 2 3 2
split_gain=64.5453 38.2716 36.4077 33.9497 34.0425 28.5392 33.0089 26.181 38.5138 30.4127 27.5284 24.7118 23.5726 23.8919 25.4486 23.0003 22.1316 23.2973 21.9506 20.4875 44.9628 26.4406 20.3629 19.8801 19.3295 26.8948 23.5082 18.6089 29.5424 23.3421
threshold=0.71218720078468334 0.40031056106090551 0.10014326870441438 0.037258181720972068 0.68698635697364818 0.48871925473213201 0.17411334812641147 0.73811140656471264 0.73295205831527721 55.500000000000007 0.42212028801441198 0.72794133424758922 1.5000000000000002 0.0028182250680401926 0.029667303897440437 0.0081535587087273615 0.11820420995354654 0.059199521318078048 0.71417677402496349 0.0023100024554878478 581.50000000000011 185.50000000000003 0.67279788851737987 36.500000000000007 0.14084921777248385 305.50000000000006 0.15520858019590381 0.74467524886131298 0.13708039373159411 0.68037050962448131
decision_type=2 2 2 2 2 2 2 2 2 2 2 2 2 2 2 2 2 2 2 2 2 2 2 2 2 2 2 2 2 2
left_child=-1 2 3 11 -5 6 7 9 24 -4 -10 12 -2 -14 18 -13 17 -11 -15 -18 21 22 -21 -6 27 26 -26 29 -29 -9
right_child=1 -3 5 4 23 -7 -8 8 10 16 -12 15 13 14 -16 -17 19 -19 -20 20 -22 -23 -24 -25 25 -27 -28 28 -30 -31
leaf_value=-0.0015302133556053298 -0.040502395523073477 0.03830584476586732 -0.2023053101685649 0.01107810184690191 -0.077331597812650116 0.027586605883456791 0.0025765693048619338 -0.044446661524602679 -0.0034075509716293023 -0.0019477564779818782 -0.16373785205494917 0.0089864998726919814 0.017666176188844692 -0.20094219909724048 -0.085356542741187383 0.053293997278860306 0.0494721924223646 -0.16352063712159604 -0.0033484077620259314 0.028675629861932263 -0.14340665548549469 -0.011423837467895631 0.15297217112027484 0.041373615870327007 -0.022617742344482411 -0.0048092185644622839 -0.15191923517339115 0.14712021892318966 -0.091022389713728336 -0.1392645967502128
leaf_weight=48171.973196124047 181.7829913101159 381.39214385743253 7.0786349768750361 989.95767435780726 14.378104758914558 351.24134450475685 3627.5544532634085 42.739448897540569 363.96236771950498 22.364058698702138 11.033672406803815 2041.0091351356823 359.72852646792307 5.7475551334209731 50.191804799251258 124.29463706491515 113.98977199289948 14.849953407887368 257.60110409243498 44.114321828586981 20.575982218841091 150.01967970491387 18.795898751821369 752.32257487811148 27.053933825343847 109.66288637276739 29.277406254084781 8.340245312079789 13.875954241491852 66.144638583064079
leaf_count=237874 709 1277 52 3237 75 992 14535 202 1376 166 75 9000 1511 59 259 514 402 190 1387 137 131 534 30 2253 103 429 189 19 53 369
internal_value=9.18118e-11 0.00722604 0.00601891 0.012275 0.0233291 9.2449e-05 -0.001966 -0.017455 -0.0294323 0.00309138 -0.00812502 0.0058458 -0.00854837 7.92383e-05 -0.0200985 0.0115299 0.00687067 -0.0664221 -0.00766087 0.0147197 -0.00224524 0.0113956 0.0658121 0.0391475 -0.0563266 -0.0336584 -0.0898203 -0.0850283 -0.00162061 -0.102046
internal_weight=58373.1 10201.1 9819.69 4777.01 1756.66 5042.67 4691.43 1063.88 672.091 391.788 374.996 3020.36 855.052 673.269 313.54 2165.3 384.71 37.214 263.349 347.496 233.506 212.93 62.9102 766.701 297.095 165.994 56.3313 131.1 22.2162 108.884
internal_count=278139 40265 38988 19004 5565 19984 18992 4457 2815 1642 1451 13439 3925 3216 1705 9514 1590 356 1446 1234 832 701 167 2328 1364 721 292 643 72 571
is_linear=0
shrinkage=0.1


Tree=20
num_leaves=31
num_cat=0
split_feature=1 3 4 4 0 1 3 3 4 6 3 0 1 1 0 1 3 7 0 4 1 2 3 0 1 4 2 6 2 3
split_gain=55.0901 50.6026 28.2834 27.6548 36.0994 31.4593 20.3436 19.768 34.0084 36.6092 21.753 22.0906 32.0357 21.1436 20.3132 40.818 36.1457 39.1716 36.7752 31.4886 32.349 29.7734 25.0395 24.0413 23.8149 23.7268 22.5313 21.3823 22.134 21.3392
threshold=0.72429904341697704 0.25024272501468664 0.4171940833330155 0.17019873112440112 0.67919114232063305 1.000000059604645 0.52854886651039135 0.17981388419866565 0.0074165749829262504 97.500000000000014 0.1818843483924866 0.80472517013549816 0.72179567813873302 0.48503898084163671 0.60327762365341198 0.55978897213935863 0.25694026052951818 18.500000000000004 0.56685751676559459 0.0090293502435088175 0.71512907743453991 0.46861025691032415 0.19489976763725284 0.46343326568603521 0.52121073007583629 0.022740201093256477 0.58048099279403698 10.500000000000002 0.53563812375068676 0.19980237632989886
decision_type=2 2 2 2 2 2 2 2 2 2 2 2 2 2 2 2 2 2 2 2 2 2 2 2 2 2 2 2 2 2
left_child=7 -2 3 4 -3 6 -6 8 9 13 -9 14 -13 -1 15 22 17 18 23 -18 -21 -20 -12 -17 -16 -23 -27 -24 29 -29
right_child=1 2 -4 -5 5 -7 -8 10 -10 -11 11 12 -14 -15 24 16 19 -19 21 20 -22 25 27 -25 -26 26 -28 28 -30 -31
leaf_value=-0.041225172270106206 -0.001154921257199022 -0.0085868463278793751 0.055727443767156506 0.0021952332133715882 0.023444316929040917 -0.14649043617905061 0.063962700245377424 0.021102113011885193 -0.0015470351034927677 -0.021069009272866132 0.037182252127477909 0.040377283247910428 -0.12678958883558897 0.0018449033692997307 0.0629761912222256 -0.1301760525130517 0.045599632451888951 -0.19539427593574474 0.061368711588079432 0.015499875232190839 -0.17399855420825114 -0.073349746775420568 -0.042376476631910284 0.033044993694341551 -0.0014508046100535389 -0.0036619003469431375 -0.13819394606437127 -0.094186612929310062 0.020079838476140744 -0.0066301614045879385
leaf_weight=122.95014865556732 3217.5053551756428 373.65476856241003 169.02042237017304 1317.4791046668543 1992.4001008567284 10.630797895835711 132.13281730189919 492.52763191517442 13254.040129939007 2108.0693425588543 141.23401520214975 210.96930916234851 12.122688877861945 1562.1849998469697 57.491272918879986 9.4104067427106184 407.68847194779664 10.930817284621297 34.657468799501657 1559.8225934347138 9.0607581450603885 109.37337573384866 152.52056252327748 219.84823236986995 28083.523819418973 161.93585526384413 13.485747376456855 28.282495588064194 332.54706754977815 1761.8900976378936
leaf_count=995 15231 1476 516 4214 6496 133 375 2176 73782 28076 568 857 112 12804 193 58 1430 234 100 5491 59 622 732 706 110565 574 62 156 1491 7855
internal_value=7.21241e-11 0.0081787 0.0156952 0.0139269 0.0200876 0.0251057 0.0259643 -0.00115996 -0.00393647 -0.0122855 0.000240007 -6.8401e-05 0.0312935 -0.00129756 -0.000279819 0.00562581 0.0144872 -0.00794832 -0.00421423 0.0208396 0.0144055 -0.0261456 -0.00367471 0.0263452 -0.00131918 -0.0367954 -0.0140042 -0.00621088 -0.00361233 -0.00801344
internal_weight=58069.4 7212.82 3995.32 3826.3 2508.82 2135.16 2124.53 50856.6 17047.2 3793.2 33809.3 33316.8 223.092 1685.14 33093.7 4952.69 2536.21 559.642 548.711 1976.57 1568.88 319.452 2416.47 229.259 28141 284.795 175.422 2275.24 2122.72 1790.17
internal_count=278139 28441 13210 12694 8480 7004 6871 249698 115657 41875 134041 131865 969 13799 130896 20138 9336 2356 2122 6980 5550 1358 10802 764 110758 1258 636 10234 9502 8011
is_linear=0
shrinkage=0.1


Tree=21
num_leaves=31
num_cat=0
split_feature=1 3 4 4 6 4 4 0 5 5 0 6 5 4 0 2 3 4 4 3 0 1 3 5 0 0 0 5 2 6
split_gain=43.9926 30.4588 35.4283 21.5403 32.1614 31.2951 39.6253 25.0219 23.6656 23.4559 33.2996 25.2959 20.4844 23.2732 20.2845 24.5094 18.7096 18.194 33.1575 30.8436 31.9663 22.0384 21.3707 24.7162 20.8873 19.1958 22.3655 17.8715 25.7335 17.3186
threshold=0.71218720078468334 0.30217804014682775 0.41395762562751776 1.0000000180025095e-35 595.50000000000011 0.022740201093256477 0.02364534325897694 0.69569754600524913 0.0012059090659022333 0.0029680931475013499 0.72992131114006054 581.50000000000011 0.0007760963635519148 0.37047930061817175 0.68846336007118236 0.55500888824462902 0.36115257441997534 0.034028079360723502 0.12206346169114114 0.36115257441997534 0.70791763067245495 0.71317318081855785 0.38184760510921484 0.0041586218867450961 0.73879188299179088 0.72420853376388561 0.71960803866386425 0.0039250319823622712 0.71529930830001842 280.50000000000006
decision_type=2 2 2 2 2 2 2 2 2 2 2 2 2 2 2 2 2 2 2 2 2 2 2 2 2 2 2 2 2 2
left_child=-1 12 3 4 7 16 8 -3 -7 11 -11 -9 13 14 15 -2 27 24 19 -19 -21 22 23 -20 25 26 -8 -5 -29 -22
right_child=1 2 -4 5 -6 6 17 9 -10 10 -12 -13 -14 -15 -16 -17 -18 18 21 20 29 -23 -24 -25 -26 -27 -28 28 -30 -31
leaf_value=-0.001268026763939608 0.0073161162139887912 0.10310053847490962 0.052386620475424139 0.023783678182734705 -0.17529900206978202 0.084836411110439117 -0.059179882027797059 -0.12177414879056431 -0.18627279586500292 -0.1968269119276578 0.04440903352413806 0.09467808685787639 0.0028321806927858201 -0.20482327409172219 -0.011961078141641662 -0.20016137444965798 0.049087973534413874 0.048109122105358393 -0.12269388192547448 -0.012190484122495479 0.052238576866182787 0.00082829632239324888 0.092047082487818468 0.074519839255745013 0.0041777154054221041 -0.17582832310166871 0.10442783914318564 -0.12204316986816961 0.045001120679443833 0.010836124664539504
leaf_weight=47559.011637463409 10.155102560063826 15.907752427505327 211.67657000105828 231.38500473368913 13.710870684124528 4.0250953789800432 65.450555108487606 35.087140311370604 16.093572231475264 6.5783368665724984 43.961482520215213 6.3810665984638026 5466.5450595854782 6.8457910728175184 315.43204015842639 12.959854755550621 322.98848769674078 374.39980992174242 12.176298037171366 299.32380483392626 196.18302838504314 1848.4911023846362 51.98036615177989 13.292086615692822 157.92294887080789 11.735312282107769 9.5782163878902775 21.53151355846785 16.131584870629013 208.30979141662829
leaf_count=237874 50 45 687 783 86 11 292 311 91 45 160 22 24517 46 1567 105 997 1084 54 1037 587 6024 110 28 522 65 20 125 45 749
internal_value=1.96344e-11 0.00602685 0.0125214 0.0104026 -0.0310333 0.0117079 0.00787649 -0.0127041 -0.132033 -0.0327261 0.0130094 -0.0884668 0.0013399 -0.0222786 -0.0185873 -0.10901 0.0328632 0.00874289 0.0108786 0.0249196 0.0125838 0.00301791 0.0552779 -0.019767 -0.0174785 -0.0568959 -0.0382936 0.0133855 -0.050496 0.0309167
internal_weight=57565.3 10006.2 4194.3 3982.63 121.627 3861 3268.96 107.916 20.1187 92.008 50.5398 41.4682 5811.94 345.393 338.547 23.115 592.037 3248.84 3004.16 1078.22 703.817 1925.94 77.4488 25.4684 244.687 86.7641 75.0288 269.048 37.6631 404.493
internal_count=278139 40265 13980 13293 669 12624 10674 583 102 538 205 333 26285 1768 1722 155 1950 10572 9673 3457 2373 6216 192 82 899 377 312 953 170 1336
is_linear=0
shrinkage=0.1


Tree=22
num_leaves=31
num_cat=0
split_feature=1 3 4 4 1 0 1 0 4 6 3 5 4 4 4 5 7 3 1 4 5 0 6 5 3 6 0 1 5 0
split_gain=42.0676 41.4427 31.1929 28.5547 26.462 22.4287 21.9052 24.67 21.2025 18.6453 19.8818 27.3443 19.1313 20.8816 17.6967 17.6962 26.8977 15.8599 15.2701 27.0174 23.0491 23.1384 22.1063 24.9431 20.4972 19.5995 19.5746 19.497 19.3229 18.4294
threshold=0.71218720078468334 0.25024272501468664 0.41395762562751776 0.12206346169114114 0.71317318081855785 0.76671627163887035 0.7380453646183015 0.79074376821517955 0.28168769180774694 62.500000000000007 0.43875533342361456 0.0081535587087273615 0.041110714897513397 0.029667303897440437 1.0000000180025095e-35 0.004043515771627427 5.5000000000000009 0.60456436872482311 0.75578656792640697 0.19614048302173617 0.0010855799191631379 0.70991694927215587 144.50000000000003 0.0026462028035894041 0.40339741110801702 771.50000000000011 0.79713848233222973 0.8214436173439027 0.0063716822769492873 0.78364682197570812
decision_type=2 2 2 2 2 2 2 2 2 2 2 2 2 2 2 2 2 2 2 2 2 2 2 2 2 2 2 2 2 2
left_child=17 -2 3 5 -5 -3 7 15 18 -9 11 12 13 14 -11 16 -7 -1 19 24 21 -21 23 -22 -6 27 -26 -20 -25 -23
right_child=1 2 -4 4 8 6 -8 9 -10 10 -12 -13 -14 -15 -16 -17 -18 -19 25 20 22 29 -24 28 26 -27 -28 -29 -30 -31
leaf_value=-0.0014617690661747982 -0.0010175479064309671 0.010679966344226077 0.049202617850487296 0.054878292036173476 -0.01034158122359656 0.0451288923444194 0.045869474844122592 -0.21434069889564544 0.015891950308428018 -0.14578448228454158 0.046389369624034268 0.096640994181635131 0.026810877212903622 -0.14738628695354394 -0.019230167067300019 0.075109228977988163 -0.042869845525576621 0.013680464087355196 0.022081258603358921 -0.20452168016183225 0.072007278939012709 0.00865040342189188 -0.012576940908062823 -0.20864105391305424 0.034350033398459233 -0.08097516881210709 -0.053133877951172831 -0.054615913883920078 -0.066788640287105669 -0.12112508859779539
leaf_weight=46762.234584811144 4607.654316093307 1677.9032026448986 215.56192141398787 93.342356455512345 578.52732383506373 115.58025838201866 451.29582977760583 4.2587853334844104 656.28929964988492 12.558203158201648 60.548638551030308 18.187645947560668 40.819664532318711 19.406492601148784 91.96537937130779 83.751196905970573 49.658068448537961 702.09034968120977 386.89558907458559 13.447053530253468 8.7174918539822084 22.467656983062625 340.81431651720777 14.286527307704089 217.83981520449743 22.155407354934141 28.97861667489633 36.249751362833194 29.290948389098048 21.33260578289628
leaf_count=235089 21909 6016 724 260 2026 304 1669 33 2019 237 177 47 134 101 345 220 290 2785 1178 60 18 66 1020 63 614 124 141 287 100 83
internal_value=3.32645e-11 0.00592258 0.0119423 0.0103664 0.00264958 0.0176268 0.0299219 0.0154332 0.000598861 -0.00690826 -0.00328009 -0.0197197 -0.0325654 -0.0521226 -0.0344353 0.0376629 0.0186832 -0.00123779 -0.00523302 -0.0107982 -0.0304992 -0.0897819 -0.021866 -0.0824044 -4.82569e-05 0.0107103 0.0240787 0.0155108 -0.113294 -0.0545558
internal_weight=57384.1 9919.78 5312.13 5096.57 2470.63 2625.93 948.03 496.734 2377.29 247.745 243.486 182.937 164.75 123.93 104.524 248.99 165.238 47464.3 1721 1275.7 450.357 57.2473 393.109 52.295 825.346 445.301 246.818 423.145 43.5775 43.8003
internal_count=278139 40265 18356 17632 8059 9573 3557 1888 7799 1074 1041 864 817 683 582 814 594 237874 5780 4191 1410 209 1201 181 2781 1589 755 1465 163 149
is_linear=0
shrinkage=0.1


Tree=23
num_leaves=31
num_cat=0
split_feature=1 3 4 2 3 5 3 3 4 6 3 3 7 1 4 6 6 6 5 1 0 2 6 3 2 5 7 3 3 4
split_gain=49.0106 42.7582 25.5376 21.8824 20.6079 18.5564 23.7948 18.1981 24.0946 39.088 21.1977 29.1046 27.7656 19.3743 37.1454 29.1065 18.7498 25.0596 18.5452 18.4096 29.1682 32.4792 18.7901 33.9197 17.6908 17.4903 16.8637 16.6006 33.2711 28.3993
threshold=0.71600750088691723 0.30608613789081579 0.4171940833330155 0.64505451917648327 0.307900220155716 0.0012059090659022333 0.52854886651039135 0.17981388419866565 0.0041753835976123818 97.500000000000014 0.1053953990340233 0.0085714985616505163 9.5000000000000018 0.71512907743453991 0.0099108126014471071 483.50000000000006 103.50000000000001 144.50000000000003 0.0018888714257627728 0.71218720078468334 0.67842015624046337 0.59630233049392711 74.500000000000014 0.40797035396099096 0.64023542404174816 0.0013938901247456672 1.0000000180025095e-35 0.06981822103261949 0.0097244987264275568 0.34760613739490515
decision_type=2 2 2 2 2 2 2 2 2 2 2 2 2 2 2 2 2 2 2 2 2 2 2 2 2 2 2 2 2 2
left_child=7 -2 3 24 -5 -6 -7 8 9 -1 11 -11 16 19 -15 18 -12 -18 -16 -9 -21 -22 23 -23 -3 -14 -17 28 -10 -29
right_child=1 2 -4 4 5 6 -8 13 27 10 12 -13 25 14 15 26 17 -19 -20 20 21 22 -24 -25 -26 -27 -28 29 -30 -31
leaf_value=-0.0018585287928495576 0.0011815918636878561 0.005449825063504261 0.053680509220997347 0.08677733485289317 0.039266885656763874 0.010175707434666887 0.048658074200516627 -2.0261981399496921e-05 -0.012664509192645376 0.0049941213609979883 -0.14732204778895905 -0.045611379615334798 0.013236048974791631 0.053941578590291472 -0.20102135772567969 0.031966140265085659 0.058428170344161694 -0.0087834721905236737 -0.021671232402882872 0.059579530629324778 -0.12156751366057519 -0.15167665555323739 0.017136283053139616 0.080363701686333083 -0.045263098375382602 -0.10118065686158904 -0.18356264266181416 -0.0061056245914177677 0.0063853112297960332 0.028561729210175864
leaf_weight=1686.1351556923473 5247.7276597383316 1037.1606099565979 166.4557639346458 44.327835174044594 342.55629448778927 1655.3763586641871 177.95188529975712 31449.23468017613 1176.2280788290955 140.14083886262961 8.878495099488644 601.20256592851365 18.190543215489015 35.443515114486217 6.2076494479551902 4.2745112078264382 62.96475527191069 466.26133976061828 80.925794525071979 130.69253674987704 19.154368907213211 17.576643772888932 394.40221639699303 9.8191346637904626 73.673794316360727 50.315233374014497 24.087714593857527 7659.3584718320053 4157.178925789427 243.82391340844333
leaf_count=13745 23644 3783 588 116 1144 5909 522 126952 13423 2437 86 12291 375 120 45 14 438 4309 328 331 81 95 1301 31 288 1623 139 43670 19362 949
internal_value=-4.67013e-12 0.00689003 0.0154551 0.0135449 0.019278 0.0179029 0.013911 -0.00124384 -0.00396927 -0.012007 -0.0247015 -0.0360451 -0.0108383 0.000134522 -0.0356085 -0.0630898 -0.00320472 -0.000786957 -0.0344487 0.000303007 0.0180878 0.00579014 0.0115736 -0.0685093 0.0020864 -0.0707992 -0.15108 -0.00212688 0.00218407 -0.00503609
internal_weight=57187.7 8745.23 3497.5 3331.05 2220.21 2175.88 1833.33 48442.5 16270.7 3034.09 1347.95 741.343 606.61 32171.8 150.939 115.496 538.105 529.226 87.1334 32020.9 571.645 440.952 421.798 27.3958 1110.83 68.5058 28.3622 13236.6 5333.41 7903.18
internal_count=278139 35994 12350 11762 7691 7575 6431 242145 112708 35304 21559 14728 6831 129437 646 526 4833 4747 373 128791 1839 1508 1427 126 4071 1998 153 77404 32785 44619
is_linear=0
shrinkage=0.1


Tree=24
num_leaves=31
num_cat=0
split_feature=1 3 4 1 1 0 5 0 2 0 5 2 4 0 6 6 5 2 3 4 1 0 3 3 6 4 1 4 0 5
split_gain=35.0041 37.3118 22.0912 15.2322 13.9913 25.6791 28.8627 27.58 33.6329 25.8825 23.1613 22.3295 21.3013 20.3714 21.1904 20.154 27.0591 28.7315 32.8375 28.36 28.1224 28.0665 25.251 23.4639 21.1524 20.8645 28.1156 31.2236 25.0222 20.6628
threshold=0.71218720078468334 0.30217804014682775 0.41395762562751776 1.000000059604645 0.65026628971099865 0.74941709637641918 0.001784784719347954 0.7312254309654237 0.64297714829444896 0.57271617650985729 0.003295435919426382 0.73018914461135875 0.0090293502435088175 0.55092215538024913 736.50000000000011 44.500000000000007 0.01202576979994774 0.64643269777297985 0.20912998169660571 0.041110714897513397 0.65737631916999828 0.72794133424758922 0.19980237632989886 0.18698312342166903 47.500000000000007 0.11497126519680025 0.66092970967292797 0.27669072151184088 0.71060019731521618 0.010035542771220209
decision_type=2 2 2 2 2 2 2 2 2 2 2 2 2 2 2 2 2 2 2 2 2 2 2 2 2 2 2 2 2 2
left_child=4 -2 3 -3 -1 6 7 13 -9 10 12 15 -8 14 -6 16 19 -18 23 -11 -20 -22 -21 -19 -17 -24 -27 28 -28 -29
right_child=1 2 -4 -5 5 -7 9 8 -10 11 -12 -13 -14 -15 -16 24 17 18 20 22 21 -23 25 -25 -26 26 27 29 -30 -31
leaf_value=-0.0027428103612960153 0.0003429366127380786 0.011697717110701979 0.045932000097293757 -0.081533421218999702 -0.095891843377470559 -0.0045713204233378693 0.085817104135094857 0.04256599344277949 -0.00022906998082981362 0.00028798457564367202 0.070069146685670908 0.048657711230852836 -0.017870692541672714 -0.0083212223388449569 0.042078087427961874 0.074591967159188879 0.038151351267320915 -0.0051248754317783293 -0.17174607496278776 -0.16048254752253913 0.013145654827821998 -0.10155368857240597 -0.13683311818624391 0.11677186419514395 0.004977160536158572 0.080079349456211868 -0.13834735424437811 -0.20252043294628624 0.076194498030149674 0.031117676279241582
leaf_weight=25079.219910001702 5777.4610714390874 3734.8187170795863 193.2300735488534 17.606857554987073 50.067761640064418 6482.7716800358612 25.806246055290103 235.89918332570232 829.03769155498594 84.091701648198068 116.1747621493414 114.74763372750022 85.31295401789248 2795.225168296136 14.314603630453346 43.826708766166121 135.68312335666269 68.715323727112263 18.429315686225891 27.115847898647189 50.004104301333427 37.208206172799692 21.078827140154317 20.502926399931312 10655.418407850811 19.02678369358182 7.8016192307695773 17.178824465721849 17.930525668896735 4.8551145680248728
leaf_count=134362 26285 13089 687 204 268 32262 109 986 3802 389 311 479 318 13329 41 150 450 448 99 215 164 174 106 58 49117 53 39 83 47 15
internal_value=-5.8815e-12 0.00546225 0.0129582 0.0112603 -0.00112862 0.000713319 0.00292423 -0.0044864 0.00925067 0.00543772 0.0388496 0.00476824 0.00620969 -0.00960217 -0.065216 0.00431974 -0.014722 0.00281974 -0.0217821 -0.0438476 -0.0595074 -0.0357896 -0.0761244 0.0228878 0.00526232 -0.0500928 -0.0227188 -0.0636667 0.0111485 -0.151039
internal_weight=56780.6 9723.12 3945.66 3752.43 47057.4 21978.2 15495.5 3924.54 1064.94 11570.9 227.294 11343.6 111.119 2859.61 64.3824 11228.9 529.622 330.543 194.86 199.079 105.642 87.2123 114.988 89.2183 10699.2 87.8717 66.7929 47.7661 25.7321 22.0339
internal_count=278139 40265 13980 13293 237874 103512 71250 18426 4788 52824 738 52086 427 13638 309 51607 2340 1393 943 947 437 338 558 506 49267 343 237 184 86 98
is_linear=0
shrinkage=0.1


Tree=25
num_leaves=31
num_cat=0
split_feature=3 4 1 6 5 4 2 6 2 1 0 3 4 4 4 2 1 6 3 4 6 5 1 2 5 2 0 2 3 5
split_gain=33.291 38.7222 34.7059 29.7099 23.9439 34.8879 42.9764 29.679 27.9753 33.7128 21.5102 22.0108 23.0333 37.2561 21.9487 22.5994 21.4426 22.0782 21.279 27.0477 20.5379 23.7075 27.3205 20.9004 20.0139 24.7616 22.4503 30.5505 32.7787 28.2125
threshold=0.20306114107370379 0.0041753835976123818 0.67968690395355236 512.50000000000011 0.001295057241804898 1.0000000180025095e-35 0.55772605538368236 648.00000000000011 0.58770990371704113 0.73661366105079662 0.57554954290390026 0.40339741110801702 0.15520858019590381 0.40031056106090551 0.15867542475461963 0.70583301782608043 0.59463015198707592 548.50000000000011 0.10355340689420701 0.0020746977534145121 14.500000000000002 0.023635348305106166 0.71027877926826488 0.68958997726440441 0.0064539269078522929 0.7268756926059724 0.78509613871574413 0.71529930830001842 0.50757750868797313 0.0012612991849891844
decision_type=2 2 2 2 2 2 2 2 2 2 2 2 2 2 2 2 2 2 2 2 2 2 2 2 2 2 2 2 2 2
left_child=1 16 -2 10 8 6 -6 -8 9 -5 -4 -12 -13 14 15 -14 17 -1 20 -20 23 -22 -23 -18 26 -26 -16 -28 -29 -30
right_child=2 -3 3 4 5 -7 7 -9 -10 -11 11 12 13 -15 24 -17 18 -19 19 -21 21 22 -24 -25 25 -27 27 28 29 -31
leaf_value=-0.0041722406182908385 -0.00052939466672550985 -0.0011561568104465603 0.05223171022301424 -0.018252696537285295 0.14925770528204566 -0.005960936917698321 -0.034583896989071536 -0.16867720672293765 0.017597275183700169 -0.20850146379775644 0.0050539435437122245 0.023355588087222771 -0.13943197861586365 0.044577871146869529 0.014348029852647638 0.031084247064684978 0.04083444275450656 0.07446640258012098 -0.0038487088400222429 -0.042980355165770472 -0.031140297481096792 -0.16930704539449359 0.17637547621921829 -0.052774132172856925 -0.049942319365927211 0.042036313272002607 -0.086383187146502116 0.029728783649175129 0.064044315797584239 -0.16717094641112876
leaf_weight=1234.0529136250261 21188.33031359117 18619.113167514151 111.87716155708767 56.527230440173298 7.5941362250596276 2047.1064817602746 32.859412723395508 33.164939519483596 732.1477324643638 11.151870707049964 6940.733645863249 1624.5148866402451 22.388777210842818 208.01300549088046 752.98483738047071 11.905902197118847 76.688194731250405 36.765537807485089 1160.8593032656936 208.33342381357215 892.41313802526565 21.283941951114688 2.5614532120525828 34.619328603614122 136.22392093297094 37.278427487239242 55.897677297703922 95.7580630723387 7.5132121648639467 17.732566379010677
leaf_count=11614 87648 102964 355 261 14 7902 208 200 2722 62 25375 5395 118 782 2354 43 518 361 9075 2114 16111 272 8 299 564 113 262 324 22 79
internal_value=-1.50795e-12 -0.00300614 0.00196289 0.00604277 -0.00283266 -0.00839325 -0.0760284 -0.101941 0.0119111 -0.0496011 0.00862898 0.00813679 0.0153407 0.00566522 -0.00144953 -0.0802348 -0.0123979 -0.00189718 -0.0179656 -0.0098029 -0.0288422 -0.0337697 -0.132174 0.0117199 0.000999211 -0.0301799 0.00681676 -0.0252403 0.00300469 -0.0983607
internal_weight=56418.4 22286.7 34131.7 12943.4 2920.55 2120.72 73.6185 66.0244 799.827 67.6791 10022.8 9910.94 2970.21 1345.7 1137.68 34.2947 3667.58 1270.82 2396.76 1369.19 1027.57 916.259 23.8454 111.308 1103.39 173.502 929.886 176.902 121.004 25.2458
internal_count=278139 143336 134803 47155 11369 8324 422 408 3045 323 35786 35431 10056 4661 3879 161 40372 11975 28397 11189 17208 16391 280 817 3718 677 3041 687 425 101
is_linear=0
shrinkage=0.1


Tree=26
num_leaves=31
num_cat=0
split_feature=3 1 6 3 0 6 1 2 1 0 7 1 4 7 3 6 5 5 4 3 0 0 0 2 7 4 4 4 3 0
split_gain=25.0096 20.7384 32.8931 29.5349 20.1913 33.2852 25.888 29.2801 22.8078 25.1002 32.2412 24.6147 19.7988 32.0476 25.3297 25.2568 26.1476 32.7854 25.5908 23.849 21.3087 27.9775 21.1668 20.9874 19.9584 19.5543 42.0441 35.6381 34.6479 34.192
threshold=0.46243280172348028 0.71218720078468334 517.50000000000011 0.53144779801368724 0.66598623991012584 10.500000000000002 0.62048071622848522 0.55202054977417003 0.56759095191955578 0.67919114232063305 19.500000000000004 0.59345945715904247 0.30865049362182623 8.5000000000000018 0.47736579179763799 154.50000000000003 0.0075219403952360162 0.0062272038776427516 0.036654546856880195 0.62678572535514843 0.69495844841003429 0.71796438097953807 0.75086402893066417 0.58048099279403698 22.500000000000004 0.11858129128813745 0.14084921777248385 0.047044264152646072 0.080166205763816847 0.73333942890167247
decision_type=2 2 2 2 2 2 2 2 2 2 2 2 2 2 2 2 2 2 2 2 2 2 2 2 2 2 2 2 2 2
left_child=25 4 -3 -4 6 -6 7 -2 -7 10 11 -10 13 14 -11 18 17 23 -15 20 -20 -22 -14 -17 -23 27 -27 29 -29 -1
right_child=1 2 3 -5 5 8 -8 -9 9 12 -12 -13 22 15 -16 16 -18 -19 19 -21 21 24 -24 -25 -26 26 -28 28 -30 -31
leaf_value=-0.0034832235717399615 0.017695759060544949 0.028564835470464775 -0.091951396241088654 0.01142135074224964 0.049409269952990033 0.10020104504112222 0.03092858121054818 -0.015096816865138597 -0.17160779903171894 0.024135856721092377 0.087884214164534416 -0.037099284406967956 0.0051699323974429426 -0.1411394394712274 -0.0057953219724187462 -0.12140370413689323 -0.19841543956740468 0.10704588418444237 0.032315964759862689 0.068575831978476526 -0.20119888793406396 -0.095492327272932553 0.065644007251159278 -0.0083014526146449035 0.03678273274906773 -0.017797548289935919 -0.0016767863839408014 -0.025105928449507226 0.008589291587720484 0.0047573681975426226
leaf_weight=16454.805817567802 649.19737937813625 743.13661910919473 45.087535911239684 71.420560847036541 122.00948476046324 20.804829940199852 521.1406442229636 468.98273012088612 14.526162680704145 365.59407929796726 19.637268546968699 214.51419613976032 189.40361907891929 33.852122443262488 1247.5358339273371 18.029315771069378 7.2493731863796702 23.21851058723405 18.770002354867756 16.670133154839277 16.537157936953008 34.455476451665163 83.348192121367902 182.27715959493071 17.052345010451972 1775.4889431721531 18219.970831944811 319.41081919253338 6844.2763091393281 7255.1205110661685
leaf_count=97654 2525 2536 180 281 326 45 1672 2072 94 976 110 889 696 299 3785 172 62 74 109 61 167 257 254 1093 105 9741 89350 2284 23529 36741
internal_value=5.53775e-12 0.00664453 0.0208196 -0.0285829 0.00380064 -0.00160311 0.0125211 0.00394203 -0.00406955 -0.00493636 -0.0350869 -0.0456301 -0.00160992 -0.00508735 0.000988175 -0.0317114 -0.0115045 -0.00544255 -0.065666 -0.0409771 -0.0620134 -0.0880338 0.0236498 -0.0184816 -0.0517009 -0.000671969 -0.00310822 0.000905883 0.00708691 -0.000961643
internal_weight=56013.5 5144.45 859.645 116.508 4284.81 2645.49 1639.32 1118.18 2523.48 2502.67 248.678 229.04 2253.99 1981.24 1613.13 368.112 230.774 223.525 137.337 103.485 86.815 68.045 272.752 200.306 51.5078 50869.1 19995.5 30873.6 7163.69 23709.9
internal_count=278139 18840 2997 461 15843 9574 6269 4597 9248 9203 1093 983 8110 7160 4761 2399 1401 1339 998 699 638 529 950 1265 362 259299 99091 160208 25813 134395
is_linear=0
shrinkage=0.1


Tree=27
num_leaves=31
num_cat=0
split_feature=3 1 3 3 2 5 0 6 0 4 1 1 0 3 2 5 4 4 5 1 0 5 5 2 0 0 2 4 1 4
split_gain=38.0423 18.2917 19.7167 22.8274 22.7469 20.8807 25.0256 29.7133 16.8046 19.8669 17.1354 17.922 30.5969 27.0096 23.215 19.9079 16.6808 24.0913 21.2795 20.5753 23.4041 22.1488 21.178 21.0562 20.5323 33.5721 17.4104 16.6374 18.5687 16.2507
threshold=0.46243280172348028 0.74986574053764354 0.25024272501468664 0.24452438205480578 0.64364361763000499 0.0021886628819629554 0.80816009640693676 771.50000000000011 0.7699415683746339 0.022740201093256477 0.76025357842445385 0.77892425656318676 0.72606459259986889 0.29558718204498297 0.61913686990737926 0.0019052156130783262 0.15520858019590381 0.17293093353509906 0.013524946290999653 0.70925238728523265 0.65997797250747692 0.0053295437246561059 0.0015777019434608521 0.7128196954727174 0.50709870457649242 0.52873709797859203 0.70682150125503551 0.0047281589359045037 0.76769953966140758 0.041110714897513397
decision_type=2 2 2 2 2 2 2 2 2 2 2 2 2 2 2 2 2 2 2 2 2 2 2 2 2 2 2 2 2 2
left_child=1 -1 3 27 8 6 7 -6 10 -10 -4 12 13 -12 -14 -15 19 18 26 22 21 -21 23 -2 -24 -26 -18 28 -3 -25
right_child=16 2 4 -5 5 -7 -8 -9 9 -11 11 -13 14 15 -16 -17 17 -19 -20 20 -22 -23 24 29 25 -27 -28 -29 -30 -31
leaf_value=-0.0012853491274564795 0.031657496196603137 -0.1814534432542626 0.034808460441443943 -0.096151307696930005 0.065032345575804201 0.013246242713170667 -0.026326099647864105 -0.048665298957050213 0.051669692140483253 -0.18813278013108276 -0.20322281905656775 0.010716834152248788 0.12254787902433416 0.022195473369399046 -0.046772522425489835 -0.088898563381955675 -0.032658725686800671 0.00542598936701653 0.059372355525152166 -0.0069707597690209554 0.040926557501159283 -0.21081120578964552 0.066757891963930518 -0.012864599918391601 -0.13491945527365173 0.0040362562562299134 -0.1586934336656175 0.0024307282068077429 -0.019946740132489642 -0.20037709671055484
leaf_weight=47730.35682586435 502.60231214109808 10.174586593871934 96.923708416987211 24.670221835840493 262.40297112800181 616.32824654481374 43.480160524137318 25.191870855167508 5.2089646123349658 10.258984396234153 13.730169729329644 130.25768205663189 16.495087986811996 24.827428663149476 15.905511791817842 46.047422741772607 185.74699690984562 2086.0797246203292 24.13772550644353 32.602644577622414 394.90531447785906 6.3724167356267563 51.375418290495872 15.882259247824551 17.571709431707859 1654.637751435861 11.647734497673808 1465.6420752123231 23.701559380046092 6.5187784675508729
leaf_count=246966 1795 207 288 145 800 2281 176 137 22 67 78 671 29 104 53 247 953 7879 64 136 1359 52 134 83 76 6210 58 6751 277 41
internal_value=3.72212e-11 -0.000822107 0.00698743 -0.00074038 0.015999 0.0241271 0.0443828 0.055073 -0.00541205 -0.107377 -0.000829679 -0.0147993 -0.0432054 -0.0748511 0.0394282 -0.0499824 0.00832993 0.00209631 -0.0292579 0.0136924 0.0336302 -0.0402986 0.00984533 0.0274295 0.00448918 0.0025761 -0.0400957 0.00082933 -0.0684547 -0.0674314
internal_weight=55551.7 50561.6 2831.25 1524.19 1307.06 947.403 331.075 287.595 359.655 15.4679 344.187 247.263 117.006 84.605 32.4006 70.8749 4990.08 2307.61 221.532 2682.47 433.88 38.9751 2248.59 525.003 1723.58 1672.21 197.395 1499.52 33.8761 22.401
internal_count=278139 259299 12333 7380 4953 3394 1113 937 1559 89 1470 1182 511 429 82 351 18840 8954 1075 9886 1547 188 8339 1919 6420 6286 1011 7235 484 124
is_linear=0
shrinkage=0.1


Tree=28
num_leaves=31
num_cat=0
split_feature=3 1 3 0 5 0 3 2 1 2 6 4 4 3 0 2 3 3 6 4 2 4 5 3 1 4 1 1 2 4
split_gain=35.0569 21.6867 23.5295 16.9285 20.6985 19.4875 22.239 24.121 23.5178 16.3894 16.3774 35.4339 19.1696 16.4489 16.0595 24.4362 33.5859 19.4371 18.4871 51.6344 37.4736 17.9337 39.4623 23.8496 26.6805 20.8288 16.136 28.1721 16.9103 17.957
threshold=0.46243280172348028 0.74986574053764354 0.23537372052669528 0.68638914823532116 0.0021886628819629554 0.80816009640693676 0.42212028801441198 0.60338401794433605 0.78642088174819957 0.54113742709159862 311.50000000000006 0.0086830859072506445 0.020176141522824768 0.24665883183479312 0.75385719537734996 0.68199035525321972 0.018744676373898986 0.33647075295448309 69.500000000000014 0.4171940833330155 0.75529566407203685 0.4171940833330155 0.0072540426626801499 0.15913728624582293 0.65254041552543651 0.53804799914360057 0.65626922249794017 0.66219082474708568 0.66975384950637828 0.27360837161540991
decision_type=2 2 2 2 2 2 2 2 2 2 2 2 2 2 2 2 2 2 2 2 2 2 2 2 2 2 2 2 2 2
left_child=1 14 -3 9 5 6 7 -5 -8 -4 11 -6 -13 -12 15 -1 -17 18 19 -16 -21 -18 23 -23 -25 -24 28 -28 29 -20
right_child=-2 2 3 4 10 -7 8 -9 -10 -11 13 12 -14 -15 17 16 21 -19 26 20 -22 22 25 24 -26 -27 27 -29 -30 -31
leaf_value=-0.0013604695388371639 0.0080437653969844744 -0.0011564825205115069 0.029261965947144017 -0.11804523074215528 -0.16732871398706431 -0.021459734141716456 -0.16097254261843039 0.059221109931722686 0.043693347479952072 -0.035508993211779277 -0.10068766049570213 0.098596304443676008 0.024235573447290434 0.0024369300192755581 0.011000558151954028 -0.025097909102274336 0.00946550967852074 0.0032094348232107293 -0.18253527291102392 -0.17938559944143193 0.044717418009580338 0.1280779291344756 -0.18282975643819943 -0.1614754454491043 0.028836620318830511 0.0066350475855990482 0.043912579263726943 -0.010464489661771775 -0.029367895900167307 0.07403436172044188
leaf_weight=34655.033614151907 4935.4993054360384 1429.3403003045823 60.902908081654459 7.8663828396238378 9.1329374378547055 45.322823782451451 10.11495472956449 317.42217145906761 12.618498085066674 108.95629048440605 16.092076947912574 38.753359064459801 328.84038755763322 398.32008402817883 804.08633806696162 317.14522949210368 4300.577215296129 2038.7366033233702 15.511873225215824 24.878922944888473 10.658101928886024 13.675655095838009 21.185794490389529 10.458238102495669 24.918268859386444 7.9909761911258093 97.029992641881108 5273.527866839082 62.865916738519445 3.3099520206451407
leaf_count=183368 18840 7035 301 46 61 181 66 1032 44 620 75 101 1177 1594 3935 3611 18729 7624 132 172 51 31 143 51 94 42 468 28108 394 13
internal_value=2.327e-11 -0.00078668 0.00779291 0.0172379 0.0214716 0.0402192 0.0482516 0.0549343 -0.0473701 -0.0122854 0.0121506 0.0272409 0.032075 -0.00156751 -0.00128756 -0.000443157 0.0063264 -0.00527625 -0.00802584 0.00578721 -0.112174 0.00860238 -0.0388477 0.0159292 -0.0274247 -0.130939 -0.010153 -0.00948206 -0.0542634 -0.137416
internal_weight=55400.8 50465.3 2783.68 1354.34 1184.48 393.345 348.022 325.289 22.7335 169.859 791.139 376.727 367.594 414.412 47681.6 39351 4695.95 8330.61 6291.87 839.623 35.537 4378.81 78.2289 49.0522 35.3765 29.1768 5452.25 5370.56 81.6877 18.8218
internal_count=278139 259299 12333 5298 4377 1369 1188 1078 110 921 3008 1339 1278 1669 246966 206069 22701 40897 33273 4158 223 19090 361 176 145 185 29115 28576 539 145
is_linear=0
shrinkage=0.1


Tree=29
num_leaves=31
num_cat=0
split_feature=3 1 4 3 3 0 0 0 1 1 6 1 0 5 6 6 3 6 0 4 6 5 7 3 7 1 6 6 5 5
split_gain=25.1487 22.0619 19.2408 35.9698 38.0332 31.6411 34.3148 32.653 32.8866 30.6601 37.5969 25.7048 26.5956 28.6723 22.8882 21.527 20.8283 65.0211 21.1403 23.0088 19.1911 22.8672 22.8004 19.7452 18.6514 18.5302 18.0955 17.9544 17.6429 17.3385
threshold=0.46524967253208166 0.70925238728523265 0.0030627943342551593 0.083551485091447844 0.0065040821209549913 0.57000118494033825 0.46343326568603521 0.68364909291267406 0.71721771359443676 0.68967401981353771 691.00000000000011 0.72429904341697704 0.75933215022087108 0.0023478772491216664 54.500000000000007 759.50000000000011 1.0000000180025095e-35 101.50000000000001 0.82744947075843822 0.022241248749196533 33.500000000000007 0.015510558616369964 9.5000000000000018 0.30217804014682775 10.500000000000002 0.57378739118576061 445.50000000000006 517.50000000000011 0.00324543658643961 0.011313817463815214
decision_type=2 2 2 2 2 2 2 2 2 2 2 2 2 2 2 2 2 2 2 2 2 2 2 2 2 2 2 2 2 2
left_child=2 -2 3 4 -1 6 29 9 25 10 20 12 -10 -14 -6 -8 17 -4 -18 -20 21 22 -7 24 -24 -9 28 -3 -19 -5
right_child=1 27 16 5 14 7 15 8 11 -11 -12 -13 13 -15 -16 -17 18 26 19 -21 -22 -23 23 -25 -26 -27 -28 -29 -30 -31
leaf_value=3.6155552640286535e-06 0.0038255198768782223 0.027609188118552366 0.0057728910478415212 -0.047069802612935779 -0.0056773129305950805 0.022287402817186122 0.022683586395529313 0.073072175951747739 -0.1453866495413757 0.043551168690961241 -0.10377272367397522 -0.01242998300680432 -0.17942694282843172 0.03101777821983508 -0.047210015890361758 0.1197228720423683 0.00021599465424756859 -0.020781313150488104 -0.1434437812665938 0.039420254817964268 -0.025150887403899615 -0.028718759903711269 -0.19711612178334992 -0.15842463666013565 0.0012112199648467411 0.0036855772121898219 -0.11161628809333204 -0.015473558090671861 -0.082358634830806104 0.057340603193307797
leaf_weight=482.45455800904892 3841.6277596557047 718.06602014193777 443.02575878240168 105.03643537883181 178.55643868539482 334.00870165787637 599.4954909629887 39.105042025912553 35.950470168376341 82.002791353967041 50.820784112205729 155.81068181002047 8.6681215902790409 25.579384475480765 516.5270404855255 23.766943658236414 43220.561354539474 120.649415152031 7.1364573128521434 192.05417499179021 976.98131790221669 218.87841295497492 5.2085960395634165 11.803581276442854 52.915129424538463 2440.6322936487268 50.556389215344097 111.78985872678459 75.738595383911161 18.74264841421973
leaf_count=5536 14919 2553 4251 1218 1855 1423 3187 133 278 367 507 1024 202 169 11746 76 196230 1343 47 607 9103 1208 57 159 506 14639 1083 468 3165 80
internal_value=7.43467e-11 0.00701954 -0.000649691 -0.00579038 -0.0215681 -0.00220747 0.0168328 -0.00541223 0.00145147 -0.0161309 -0.0190959 -0.0350665 -0.0853101 -0.0222463 -0.0365409 0.026384 9.18663e-05 -0.0171462 0.000365791 0.0328687 -0.016406 -0.0026883 0.0114167 -0.0405076 -0.0165613 0.00477979 -0.0582637 0.0218055 -0.0445291 -0.03126
internal_weight=55144.2 4671.48 50472.7 6362.94 1177.54 5185.41 747.042 4438.37 2705.75 1732.62 1650.62 226.009 70.198 34.2475 695.083 623.262 44109.7 689.97 43419.8 199.191 1599.8 622.814 403.936 69.9273 58.1237 2479.74 246.944 829.856 196.388 123.779
internal_count=278139 17940 260199 53473 19137 34336 4561 29775 16445 13330 12963 1673 649 371 13601 3263 206726 9842 196884 654 12456 3353 2145 722 563 14772 5591 3021 4508 1298
is_linear=0
shrinkage=0.1


Tree=30
num_leaves=31
num_cat=0
split_feature=1 4 4 3 2 1 6 1 1 5 1 1 3 1 0 6 7 7 4 1 2 0 6 4 4 4 3 0 7 7
split_gain=24.2579 23.5698 25.0012 25.0599 18.5166 34.4813 44.1087 28.1442 25.7546 22.766 22.02 20.9795 26.7011 25.9655 23.456 19.9928 19.1875 18.3851 17.2482 17.2249 29.8188 22.8701 24.7266 22.2084 27.3208 21.8568 21.2578 21.1484 18.5374 24.4805
threshold=0.71218720078468334 0.35037291049957281 0.12648999691009524 0.10793410614132883 0.56549721956253063 0.68546536564826976 335.50000000000006 0.67789882421493541 0.70245745778083812 0.041841737926006324 0.68612399697303783 0.68118268251419078 0.38624423742294317 0.68309214711189281 0.67422252893447887 387.50000000000006 43.500000000000007 15.500000000000002 0.013346055988222362 0.5855679214000703 0.50032636523246776 0.67763447761535656 293.50000000000006 0.012832274660468103 0.35275264084339147 0.44722221791744238 0.22736185789108279 0.67842015624046337 10.500000000000002 14.500000000000002
decision_type=2 2 2 2 2 2 2 2 2 2 2 2 2 2 2 2 2 2 2 2 2 2 2 2 2 2 2 2 2 2
left_child=4 2 3 -2 5 7 10 9 17 16 -7 14 15 -14 -9 -13 19 -8 -17 -1 23 22 25 26 -25 -22 -21 -23 -28 -30
right_child=1 -3 -4 -5 -6 6 8 11 -10 -11 -12 12 13 -15 -16 18 -18 -19 -20 20 21 27 -24 24 -26 -27 28 -29 29 -31
leaf_value=-0.0013680289308130034 -0.020416905805064861 0.022857406915837139 -0.0024201589158993502 0.0102272862361482 -0.0020617789232879858 0.16214835637953806 0.0017288047144972864 -0.11001435912648515 -0.069505655442627115 -0.11267361909475389 0.046734740970795809 0.059323657456158078 -0.018746652460242437 -0.20351913181078374 0.015879307330361431 -0.19365385881375261 -0.15795437856685476 0.10796345762332385 -0.008102306023366191 0.011039888156453421 0.016035907441272226 -0.19571097886688646 -0.0032703417226660177 0.007945153761572012 0.099189123896144496 -0.14952728579240812 0.073866992858560437 -0.01491526575055642 -0.20523646164914133 0.038344602093689228
leaf_weight=5301.8693243818125 284.50379282666836 660.06712957343552 4098.4574298526859 4303.1220640529646 34947.935554921656 17.598554089665413 160.86690725339577 56.301252138335258 48.741453417576849 17.229873212985694 272.54794283071533 50.666410441976041 20.225846476852894 12.188625530339776 20.076955553842708 5.8543836281169197 7.45863532135263 18.126050126273185 34.723418863024563 126.31956185714807 1440.8532502317103 6.5557050546631208 1475.9340571486973 725.35774642333854 34.370986551046371 8.0180693236179632 180.04584954876918 494.6189612679882 5.5476010157726732 16.101626877207309
leaf_count=30252 2894 2447 17788 17136 181422 32 680 302 311 112 941 202 87 78 120 52 330 93 149 1122 7169 68 7834 2933 100 64 413 2867 51 90
internal_value=1.42914e-11 0.00464031 0.00325597 0.00832687 -0.000953038 0.00271693 0.0278795 0.00141903 -0.00506181 0.0021739 0.053735 -0.0357148 -0.0102632 -0.0882256 -0.0769217 0.0174329 0.00237535 0.0124869 -0.0348729 0.00249718 0.0070373 0.00245748 0.00583959 0.021462 0.0120731 0.0151197 0.0432079 -0.0172802 0.0633545 -0.0240729
internal_weight=54852.3 9346.15 8686.08 4587.63 45506.1 10558.2 517.881 10040.3 227.734 9840.28 290.146 200.037 123.659 32.4145 76.3782 91.2442 9823.05 178.993 40.5778 9815.59 4513.72 3425.98 2924.81 1087.74 759.729 1448.87 328.015 501.175 201.695 21.6492
internal_count=278139 40265 37818 20030 237874 56452 2057 54395 1084 53405 973 990 568 165 422 403 53293 773 201 52963 22711 18002 15067 4709 3033 7233 1676 2935 554 141
is_linear=0
shrinkage=0.1


Tree=31
num_leaves=31
num_cat=0
split_feature=3 1 1 2 3 6 5 2 6 1 6 5 0 4 0 3 3 5 7 7 4 4 7 4 7 0 4 1 2 0
split_gain=22.0782 15.2544 22.3535 29.287 23.6772 18.9043 21.6697 16.4204 15.7131 14.0577 16.3604 32.1204 22.5922 18.9101 19.8666 14.581 14.1601 13.8655 13.7852 17.5871 16.7276 20.6976 18.1469 16.3397 14.9581 14.2443 14.7251 32.3251 13.7793 13.3156
threshold=0.46524967253208166 0.65570488572120678 0.65254041552543651 0.66975384950637828 0.51835015416145336 517.50000000000011 0.00044953924953006213 0.71029222011566173 305.50000000000006 0.74986574053764354 523.00000000000011 0.0021886628819629554 0.78509613871574413 0.0079813776537776011 0.77697545289993297 0.41044248640537268 0.25694026052951818 0.0060768686234951028 19.500000000000004 38.500000000000007 0.33835928142070776 0.19161321222782138 1.0000000180025095e-35 0.60357144474983226 65.500000000000014 0.67842015624046337 0.060654468834400184 0.66458642482757579 0.72529962658882152 0.72355294227600109
decision_type=2 2 2 2 2 2 2 2 2 2 2 2 2 2 2 2 2 2 2 2 2 2 2 2 2 2 2 2 2 2
left_child=9 2 7 4 8 18 -7 29 -4 -1 -11 13 15 16 -15 -13 -12 -5 20 25 21 -3 23 -22 -21 -20 27 -27 -8 -2
right_child=1 5 3 17 -6 6 28 -9 -10 10 11 12 -14 14 -16 -17 -18 -19 19 24 22 -23 -24 -25 -26 26 -28 -29 -30 -31
leaf_value=-0.0010145808501491533 0.0036733418894972498 0.017846544650899188 -0.098666196788210522 -0.034163687904363166 -0.15209933804903869 -0.20359543839451688 -0.0042123084930885211 0.064669384985978684 0.047675139064986286 0.011384751847337667 -0.15826444174228232 -0.0098924699505810575 -0.079604820699459122 -0.00082589725518280471 0.041653680503228499 -0.11883730877421979 -0.0091838182541264801 0.11628285860487192 0.10955762675065912 -0.21856767121071852 -0.16866387303676525 -0.0061271850246529952 0.047432702215404042 0.07824842462748377 0.13359918668654597 0.14327690371219221 0.056201613515118848 -0.13115010074640759 -0.13282133972373139 -0.028319201534692692
leaf_weight=47253.102014630684 2098.3181517159101 1136.0896036867052 14.561729922890665 12.127043902873995 29.213049003854394 5.8348739556968203 241.54146096878685 42.178977233823389 14.788654378615318 1922.829063077108 11.132612270303072 222.81799699540716 72.868813288165256 303.40701639186591 172.79417097941041 13.001813218928872 14.896703081671147 12.379155861213802 35.027847982011735 4.305751953739672 7.5306861009448749 527.25168050359935 197.3384768073447 4.161058871075511 1.6753809452056883 6.348750859033319 67.50507873063907 13.251011396292595 8.6283122152090055 138.69474455527961
leaf_count=247833 8562 3861 72 57 149 26 974 146 43 8519 145 1325 383 1250 568 96 80 33 104 93 40 1885 676 16 1 18 397 173 39 575
internal_value=6.61879e-11 0.00661498 0.000998195 -0.0499557 -0.0883655 0.0124951 -0.0130913 0.00285531 -0.0249298 -0.00061122 0.00636091 -0.00555148 -0.0309374 0.0100516 0.0145882 -0.0158991 -0.0729449 0.0418335 0.0157694 0.0475043 0.013598 0.0102473 0.0402609 -0.0807885 -0.119922 0.0557035 0.0340469 -0.0422578 -0.00864801 0.0016898
internal_weight=54605.6 4618.75 2362.26 83.0696 58.5634 2256.49 256.005 2279.19 29.3504 49986.9 2733.75 810.919 308.689 502.231 476.201 235.82 26.0293 24.5062 2000.49 128.114 1872.37 1663.34 209.03 11.6917 5.98113 122.133 87.1048 19.5998 250.17 2237.01
internal_count=278139 17940 9637 354 264 8303 1039 9283 115 260199 12366 3847 1804 2043 1818 1421 225 90 7264 786 6478 5746 732 56 94 692 588 191 1013 9137
is_linear=0
shrinkage=0.1


Tree=32
num_leaves=31
num_cat=0
split_feature=3 7 1 1 5 3 4 4 4 1 5 4 0 4 5 2 4 6 3 3 0 2 2 6 6 0 0 0 3 0
split_gain=24.814 14.9758 17.5775 29.7284 16.1069 13.8834 28.4783 20.5829 50.2253 24.1865 33.7437 24.6828 35.0568 23.7301 25.6844 23.639 21.4019 20.598 20.2029 38.9858 24.7377 24.5537 21.8583 26.8155 26.2291 21.5212 27.0781 19.5872 19.245 18.4381
threshold=0.46524967253208166 16.500000000000004 0.69118276238441478 0.68967401981353771 0.0021420923294499521 0.20912998169660571 0.010591358412057163 0.057451847940683372 0.051811048761010177 0.68731620907783519 0.0010855799191631379 0.023168377578258518 0.74725541472435009 0.21861869841814044 0.023635348305106166 0.75529566407203685 0.22248551994562152 8.5000000000000018 0.10793410614132883 0.022756041958928112 0.52873709797859203 0.57837525010108959 0.70375412702560436 52.500000000000007 58.500000000000007 0.76571959257125866 0.79226398468017589 0.75016358494758617 0.19654833525419238 0.55092215538024913
decision_type=2 2 2 2 2 2 2 2 2 2 2 2 2 2 2 2 2 2 2 2 2 2 2 2 2 2 2 2 2 2
left_child=5 2 3 -2 -5 6 -1 8 9 10 11 28 -13 14 -9 17 -17 -15 19 29 -21 -20 23 -23 -24 -22 -27 -26 -8 -19
right_child=1 -3 -4 4 -6 -7 7 13 -10 -11 -12 12 -14 15 -16 16 -18 18 21 20 25 22 24 -25 27 26 -28 -29 -30 -31
leaf_value=-0.0089851922423504465 0.0023550418602602536 0.026832946913974601 0.016094778550342574 -0.014204618845223064 -0.18052447023244708 0.00085584978897107413 0.010632695543778197 -0.010755878986918942 0.037655477584656594 -0.0079985142561413754 0.0083971652203784566 -0.042424095545440348 0.087915100685727221 -0.066315021979953551 0.032856338806078543 -0.16745413643999105 0.038201374114830794 0.042555998549659461 0.016169651431472132 -0.14859681443872053 0.020807287104765173 -0.065372593511382429 0.070118468877490112 -0.013271747963077727 0.037813880962382043 -0.065383233811253147 0.046104345627270817 -0.012463816181850253 -0.11975852836048431 -0.0087811328259633867
leaf_weight=5193.427927416109 3044.5108247740427 353.67418913706206 1125.4747446984984 10.131474419496955 13.69117654673755 27590.287632948137 277.84046816918999 3993.9219729974575 406.62287227855995 1932.1704553333111 4286.4996470782207 326.4026106018573 22.028513834811747 47.299177447333932 139.76275720749982 5.1856224294751874 209.30765897128731 73.689435609383509 395.3836920899339 9.0003972675185633 1417.1319534264039 105.81287083076313 58.532628804445267 1487.5773174169008 100.09632978448644 64.580330973491073 32.875494911335409 343.02646978711709 11.800102499313651 1382.5222846572869
leaf_count=54201 11300 2575 3942 42 81 113655 1479 25412 1165 8515 19714 1690 74 364 614 35 858 367 2192 131 4991 664 247 8874 415 333 96 2168 78 11867
internal_value=7.90854e-11 0.00707179 0.00540528 0.00148434 -0.109791 -0.0006443 -0.00249846 -0.000531729 0.00350827 0.00148325 0.00520345 -0.0162516 -0.0341838 -0.00350607 -0.00928132 0.000658784 0.0332294 -0.000607396 -3.92447e-05 0.00551657 0.016699 -0.00668679 -0.0110003 -0.0167316 0.00720381 0.0176813 -0.0277743 -0.00110666 0.00532049 -0.00618329
internal_weight=54460.3 4547.48 4193.81 3068.33 23.8227 49912.8 22322.5 17129.1 7263.36 6856.74 4924.57 638.072 348.431 9865.71 4133.68 5732.02 214.493 5517.53 5470.23 2979.8 1523.59 2490.43 2095.05 1593.39 501.655 1514.59 97.4558 443.123 289.641 1456.21
internal_count=278139 17940 15365 11423 123 260199 146544 92343 32715 31550 23035 3321 1764 59628 26026 33602 893 32709 32345 17785 5551 14560 12368 9538 2830 5420 429 2583 1557 12234
is_linear=0
shrinkage=0.1


Tree=33
num_leaves=31
num_cat=0
split_feature=3 1 1 2 2 0 6 0 5 2 2 0 1 6 4 3 7 5 4 5 5 4 3 7 1 4 4 2 3 6
split_gain=19.9252 13.7276 18.0358 19.3881 18.7826 14.9873 14.6478 14.5563 24.6023 23.5398 22.4381 39.8771 17.9722 18.3229 19.0697 20.176 19.4157 21.9296 20.8784 16.905 28.4792 21.6375 24.4408 20.5227 19.4369 28.1489 17.7075 15.9627 17.0876 15.6363
threshold=0.46524967253208166 0.7018742859363557 0.69118276238441478 0.7221164107322694 0.51904895901680004 0.79226398468017589 10.500000000000002 0.76286071538925182 0.0045501079875975856 0.76735565066337597 0.73412033915519725 0.76022404432296764 0.68967401981353771 369.00000000000006 0.17019873112440112 0.38365435600280767 1.5000000000000002 0.004043515771627427 0.505680412054062 0.0021717884810641412 0.0026717133587226276 0.0074165749829262504 0.31639520823955541 7.5000000000000009 0.64658156037330639 0.054364245384931571 0.22046852111816409 0.75108286738395702 0.19320107251405719 35.500000000000007
decision_type=2 2 2 2 2 2 2 2 2 2 2 2 2 2 2 2 2 2 2 2 2 2 2 2 2 2 2 2 2 2
left_child=1 2 3 5 -4 -1 -6 8 12 19 -10 -12 13 14 -5 16 -16 18 -18 23 -21 22 27 24 -9 -26 -27 28 29 -22
right_child=-2 -3 4 7 6 -7 -8 9 10 -11 11 -13 -14 -15 15 -17 17 -19 -20 20 21 -23 -24 -25 25 26 -28 -29 -30 -31
leaf_value=-0.0013245949092129021 0.0063585405074801224 0.0025390716747083404 0.0429332819484061 0.075537507310034085 -0.19663954108731163 0.044755705320298149 -0.0098281682305621839 0.15194568471248099 0.023286294405781241 0.081408772338434424 -0.083275498587619443 0.10338161444707611 0.14464534132138537 -0.0090168691697104196 0.085096889178439411 0.11552843553272824 -0.16402576769877272 0.084164442610765847 0.11299565043402399 0.10432991726547206 -0.19564798567111194 0.0085081794238504715 -0.19902679661468259 -0.14190605133222234 -0.10771027223449181 0.054640892417654741 -0.091464278181064188 -0.19654516627491614 0.05575700662717778 -0.0073772748700973376
leaf_weight=34414.692229438078 4515.7288442886202 10973.21703699365 68.34395046485588 129.94464251259342 4.2032539220526806 70.72689492162317 2944.4102088452782 6.0265875309705725 145.12700403993949 33.961916191503406 56.398720714496449 14.359615430701522 17.415453447727486 58.883308608550578 10.378095882944761 12.196586202830074 18.540445317281417 6.6492872601374975 3.1885286234319201 26.781379041494802 6.897354161366823 277.66612501488999 10.293357091955839 16.934495993889868 30.919444266008213 32.29621097818017 11.162190347909926 5.0039208200760177 20.763069511856884 12.238982992479576
leaf_count=189986 17940 49852 249 516 32 314 15118 9 709 122 342 48 46 259 34 27 190 25 8 106 74 1231 69 234 192 94 69 52 65 127
internal_value=5.9498e-11 -0.000580778 -0.00147077 -0.000839076 -0.00889322 -0.00123009 -0.0100945 0.0131483 0.0256661 0.00108595 0.000775221 -0.0453955 0.0465591 0.039435 0.0552064 0.00335621 -0.0319443 -0.0747469 -0.123375 -0.00488346 0.00512263 -0.00285936 -0.0600436 -0.0418536 -0.0207809 -0.0347763 0.0171141 -0.028184 -0.00706921 -0.0752361
internal_weight=53955.3 49439.6 38466.4 35449.4 3016.96 34485.4 2948.61 964.027 473.082 490.945 215.885 70.7583 257.196 239.781 180.898 50.9529 38.7564 28.3783 21.729 456.983 359.644 332.863 55.1967 97.3389 80.4044 74.3778 43.4584 44.9033 39.8994 19.1363
internal_count=278139 260199 210347 194948 15399 190300 15150 4648 2204 2444 1099 390 1105 1059 800 284 257 223 198 2322 1724 1618 387 598 364 355 163 318 266 201
is_linear=0
shrinkage=0.1


Tree=34
num_leaves=31
num_cat=0
split_feature=3 1 0 4 5 7 1 6 6 7 0 5 0 2 5 4 6 4 7 1 6 6 2 1 2 5 4 7 4 0
split_gain=18.3082 22.2285 21.0118 30.3297 27.3644 25.9859 30.5194 29.7682 24.8173 39.3842 24.9415 23.6094 18.5659 26.61 30.0282 22.664 29.2475 26.4981 20.034 19.5727 18.8149 18.5454 18.3874 22.5541 20.8306 26.5766 18.9861 18.3375 18.086 17.9556
threshold=0.17981388419866565 0.62278795242309581 0.64635536074638378 0.010591358412057163 0.0007760963635519148 6.5000000000000009 0.62771230936050426 23.500000000000004 342.00000000000006 2.5000000000000004 0.59763985872268688 0.004644861677661539 0.50709870457649242 0.42510616779327398 0.002051632734946907 0.0020746977534145121 29.500000000000004 0.20597392320632937 5.5000000000000009 0.39398761093616491 335.50000000000006 781.50000000000011 0.45757135748863226 0.56902268528938305 0.47796292603015905 0.003107761731371284 0.017758988775312904 5.5000000000000009 0.019246203824877742 0.80816009640693676
decision_type=2 2 2 2 2 2 2 2 2 2 2 2 2 2 2 2 2 2 2 2 2 2 2 2 2 2 2 2 2 2
left_child=28 12 3 8 27 6 -6 -8 9 -3 -11 -9 15 14 -14 16 -2 -17 20 -18 22 -19 23 -15 25 -24 -27 -5 29 -1
right_child=1 2 -4 4 5 -7 7 11 -10 10 -12 -13 13 18 -16 17 19 21 -20 -21 -22 -23 24 -25 -26 26 -28 -29 -30 -31
leaf_value=-0.0067212640399124503 0.026991695471541267 0.068566254610277058 0.0018389738097306617 -0.014412059131975498 0.053503778188880496 0.026537401884551056 -0.20372199700784882 -0.0072956553302269619 0.055099065336411027 0.0077587007069216622 -0.098872722235332042 0.023423757091188234 -0.16202902680645198 0.00166576409704267 -0.024166063801182781 0.023052069433086662 -0.14619399355211668 -0.05529393750249182 0.0028428323025749399 -0.035508344831234294 -0.018312599492061068 0.18266075603959084 0.0044761645509172714 0.089905684500470442 -0.0040347751501561818 -0.015990795246498719 -0.11866860563254583 -0.094654746004702417 -0.00038722775587861553 -0.072226251202265446
leaf_weight=5797.1812975396169 67.85137396864593 56.97862464748323 23614.266547627456 117.24777499143966 109.25244771037251 639.90071423142217 7.2305102311074725 1099.0331072481349 257.36027578031644 51.389788111438975 38.272245167288929 323.92051436658949 21.713734349235892 80.278654280118644 58.002105924300849 723.73898960044608 20.209459792706184 63.00918482709676 3064.6456828712253 76.265232685953379 1199.2317151662428 3.4548588767647734 65.056575098074973 45.318430922925472 4246.6029276828049 28.022205146960914 50.396196436136961 37.616274724248797 11774.085261982458 42.14990696660243
leaf_count=57342 278 147 95393 420 300 3072 29 3609 967 195 254 867 147 276 262 2433 450 397 20698 536 4742 4 223 102 15563 101 220 307 68258 547
internal_value=5.66898e-11 0.00128761 0.00280051 0.0110928 0.00671435 0.00960061 0.00256046 -0.00133112 0.0363904 0.00355596 -0.0377569 -0.000302702 -0.00277491 -0.00420261 -0.0617184 0.0104759 -0.0233142 0.0175027 -0.00368038 -0.0586947 -0.00717848 -0.0429248 -0.00422159 0.0335048 -0.00530091 -0.0427764 -0.0819775 -0.0339029 -0.00264389 -0.0071941
internal_weight=53779.7 36166.3 26352.5 2738.2 2334.2 2179.34 1539.44 1430.18 404.001 146.641 89.662 1422.95 9813.8 8859.27 79.7158 954.529 164.326 790.203 8779.55 96.4747 5714.91 66.464 4515.67 125.597 4390.08 143.475 78.4184 154.864 17613.4 5839.33
internal_count=278139 151992 105560 10167 8604 7877 4805 4505 1563 596 449 4476 46432 42334 409 4098 1264 2834 41925 986 21227 401 16485 378 16107 544 321 727 126147 57889
is_linear=0
shrinkage=0.1


Tree=35
num_leaves=31
num_cat=0
split_feature=3 3 6 0 4 6 2 0 0 3 6 1 1 0 1 6 5 1 4 5 7 4 7 7 6 5 6 2 7 1
split_gain=16.6339 11.1618 38.6077 16.1614 16.1604 13.4835 14.8996 13.0324 20.9543 12.734 11.9934 23.9731 11.3054 15.223 11.0755 10.9441 10.6865 10.5931 9.45531 10.4631 28.894 19.8537 9.33845 12.3324 11.0839 10.214 20.0042 12.1073 17.2234 9.53613
threshold=0.60456436872482311 1.0000000180025095e-35 101.50000000000001 0.82744947075843822 0.022241248749196533 472.00000000000006 0.76735565066337597 0.74868804216384899 0.69853666424751293 0.0028612830210477118 679.50000000000011 0.75578656792640697 0.65126770734786998 0.70196849107742321 0.56759095191955578 199.50000000000003 0.011677697300910951 0.73661366105079662 0.12887675315141681 0.002622664207592607 12.500000000000002 0.20597392320632937 21.500000000000004 14.500000000000002 177.50000000000003 0.0022809351794421677 258.50000000000006 0.68037050962448131 6.5000000000000009 0.74289667606353771
decision_type=2 2 2 2 2 2 2 2 2 2 2 2 2 2 2 2 2 2 2 2 2 2 2 2 2 2 2 2 2 2
left_child=1 2 7 -3 -5 12 -7 8 -1 -6 18 -12 -4 15 -10 -14 -9 -16 -11 -20 21 -21 23 24 -15 26 -26 -28 -29 -25
right_child=-2 3 5 4 9 6 -8 16 14 10 11 -13 13 22 17 -17 -18 -19 19 20 -22 -23 -24 29 25 -27 27 28 -30 -31
leaf_value=0.0059727739935618151 0.01449888706129614 -0.0001124996513815814 -0.062415732455177945 -0.12450053737310307 0.1142945414568291 -0.12372090225557762 0.052428329899496487 0.052612743486600437 0.16881319004431894 0.080775077857526176 0.08306171890680307 -0.18449431153616988 -0.1017801790689298 0.018376224366556775 -0.038377893783737217 0.11354114587583133 -0.0208588691743271 0.14131911746351952 0.05229895737332077 -0.11225025540207623 -0.21253807199714753 0.041313454958289746 -0.18720059845536338 -0.087508496898327237 -0.18265337909004392 -0.096497287925999431 -0.10385896605419567 0.093638690089150559 -0.089304095699839617 0.11276986910141917
leaf_weight=524.64898344106041 779.7145588635467 51333.495704891218 86.911235344712622 6.6355067766271523 17.985811589285731 33.212770756043028 5.6134826475754371 76.426939872093499 2.6968833021819583 33.415437834337354 6.0726846707984787 7.4660682384856045 2.8733009080169749 27.60784199507907 188.8054782319814 13.226469804998485 26.717634419677779 3.338521782308816 56.354455419816077 10.163813671097158 6.164441877976059 49.045109969563782 3.5976961976266457 3.0903655792353666 6.4313424474094054 33.602540442137979 7.2487172696273765 18.43055778415874 7.1398139367811373 10.305097010452299
leaf_count=4593 3370 259551 3064 59 41 1020 36 508 11 106 21 46 91 485 2700 135 227 14 150 46 53 161 185 166 112 868 126 93 59 42
internal_value=-6.28897e-11 -0.000214888 -0.010267 -3.82163e-06 0.0288566 -0.0439141 -0.0982533 0.000338487 -0.00442714 0.034308 0.0257794 -0.0644845 -0.0343443 -0.0160766 -0.032431 0.0751131 0.0335813 -0.0352556 0.0336564 0.0207219 -0.00649877 0.0149527 -0.0285763 -0.023564 -0.0355818 -0.0560294 -0.0213845 0.0102183 0.042557 0.0665652
internal_weight=53388.4 52608.7 1081.93 51526.8 193.303 259.291 38.8263 822.634 719.49 186.668 168.682 13.5388 220.465 133.554 194.841 16.0998 103.145 192.144 155.143 121.728 65.3734 59.2089 117.454 113.856 100.461 72.853 39.2504 32.8191 25.5704 13.3955
internal_count=278139 274769 14535 260234 683 6482 1056 8053 7318 624 583 67 5426 2362 2725 226 735 2714 516 410 260 207 2136 1951 1743 1258 390 278 152 208
is_linear=0
shrinkage=0.1


Tree=36
num_leaves=31
num_cat=0
split_feature=0 3 1 0 0 3 5 0 6 1 2 0 4 5 2 2 7 6 4 4 2 4 5 7 6 2 2 6 0 4
split_gain=18.5096 15.1457 14.1032 14.9477 13.3619 13.3144 11.5372 17.7536 22.9907 13.6989 9.49976 8.97793 25.0337 12.7421 15.5991 12.9473 16.1581 11.4484 8.90243 30.6675 25.1434 24.5593 21.862 21.0037 18.2232 25.3379 31.7028 25.4048 24.8459 22.6097
threshold=0.82744947075843822 0.48871925473213201 0.77415210008621227 0.79713848233222973 0.78509613871574413 0.50757750868797313 0.0057397044729441413 0.8121471405029298 132.50000000000003 0.71027877926826488 0.60338401794433605 0.77826911211013805 0.25758214294910436 0.0090157827362418192 0.74193739891052257 0.69583624601364147 4.5000000000000009 170.50000000000003 0.12206346169114114 0.1647259518504143 0.65064775943756115 0.041773036122322089 0.034833164885640151 1.0000000180025095e-35 181.50000000000003 0.67206665873527538 0.63308095932006847 133.50000000000003 0.7367575764656068 0.052812609821558006
decision_type=2 2 2 2 2 2 2 2 2 2 2 2 2 2 2 2 2 2 2 2 2 2 2 2 2 2 2 2 2 2
left_child=1 18 3 4 11 -6 7 8 -5 -10 -4 -3 13 14 15 16 -13 -17 21 20 23 -1 -22 -20 25 26 28 -28 -23 -27
right_child=-2 2 10 6 5 -7 -8 -9 9 -11 -12 12 -14 -15 -16 17 -18 -19 19 -21 22 24 -24 -25 -26 29 27 -29 -30 -31
leaf_value=-0.0013033169235492385 0.027834698425860695 0.006112395765018497 -0.025406591774779094 -0.21165899847387615 -0.033945072319087402 0.062467564051908175 0.017158739631997974 -0.20761755208634811 -0.14463795928317011 0.01762229872498354 0.060725609371588968 -0.20798600437737844 -0.2144135973164375 0.10719298120051715 -0.20790197529039409 -0.086253313678796295 0.02135889141396077 0.095230552964848808 -0.031830832176129982 -0.00036652368903945868 -0.022435989796587303 -0.0013167764763206626 0.12179299287326482 -0.00033913635454839062 0.008633609326632926 0.040674925706855075 -0.013718395404492021 -0.059347655198832318 0.054321256767957675 0.0046964267765819212
leaf_weight=21645.544136807759 237.83983745286241 2840.2360093265306 15.493604489136485 6.6874518245458594 17.718621663749218 74.756629854440689 25.112453143112361 7.510948850773274 6.2742260619997969 30.477240469306707 73.793094907421619 5.8239558450877684 6.8451882237568489 7.794580850750207 4.5039658145979038 4.7523573553189662 6.5009354231879115 12.941380903124807 238.78033468057401 15933.370112222299 1353.4699566263007 1791.5481302100234 10.591834515333174 1873.5958727562102 5338.1993781854399 229.37137425853871 577.39102031942457 154.7154706614092 84.0267717204988 732.34853026317433
leaf_count=130592 1077 11416 81 46 72 272 93 50 46 111 277 31 55 22 24 31 31 41 1089 81195 7401 7042 34 10842 19181 745 2292 760 256 2934
internal_value=-1.79487e-11 -0.00012465 0.00660381 0.00545995 0.00657659 0.0439945 -0.0383157 -0.0656582 -0.0411122 -0.0100788 0.0457794 0.00537902 -0.0369897 -0.00828976 -0.0343637 -0.00832617 -0.0870148 0.0464858 -0.000548484 -0.00222322 -0.0107329 0.000515446 -0.0213161 -0.00389892 0.00493506 -0.000596297 -0.00571293 -0.0233612 0.00117584 0.0132773
internal_weight=53348 53110.2 3147.22 3057.94 2981.87 92.4753 76.0623 50.9499 43.4389 36.7515 89.2867 2889.4 49.1624 42.3172 34.5226 30.0186 12.3249 17.6937 49963 19409.8 3476.44 30553.1 1364.06 2112.38 8907.6 3569.4 2607.68 732.106 1875.57 961.72
internal_count=278139 277062 12699 12341 11995 344 346 253 203 157 358 11651 235 180 158 134 62 72 264363 100561 19366 163802 7435 11931 33210 14029 10350 3052 7298 3679
is_linear=0
shrinkage=0.1


Tree=37
num_leaves=31
num_cat=0
split_feature=0 4 5 1 5 3 2 3 1 4 5 5 4 3 1 6 2 2 1 3 4 5 2 2 3 5 5 1 6 4
split_gain=14.2955 19.8944 33.1424 26.6752 20.7496 18.3438 17.8725 17.3985 18.2358 18.1961 17.5984 17.4711 17.3479 28.1366 24.226 31.7765 19.6688 22.7729 21.0609 17.8855 18.9499 19.8343 18.0899 23.6739 28.3898 17.8389 19.9012 23.7613 17.7874 17.1676
threshold=0.77826911211013805 0.0071132211014628419 0.005684126168489457 0.68677726387977611 0.0051449153106659659 0.23228587210178378 0.65203458070755016 0.2623975276947022 0.73024684190750133 1.0000000180025095e-35 0.0029680931475013499 1.0000000180025095e-35 0.10014326870441438 0.091089468449354186 0.68612399697303783 29.500000000000004 0.59253644943237316 0.54276537895202648 0.68731620907783519 0.17529120296239856 0.18770067393779757 0.012358406558632852 0.69045385718345653 0.71924120187759411 0.54869896173477184 0.018412980251014236 0.0055883270688354978 0.68794977664947521 19.500000000000004 0.42943723499774938
decision_type=2 2 2 2 2 2 2 2 2 2 2 2 2 2 2 2 2 2 2 2 2 2 2 2 2 2 2 2 2 2
left_child=-1 2 3 -2 5 6 -5 8 -7 10 11 -9 13 -3 19 -16 17 -15 -18 20 28 -22 -21 24 -24 26 27 -17 -14 -25
right_child=1 12 -4 4 -6 7 -8 9 -10 -11 -12 -13 14 16 15 25 18 -19 -20 22 21 -23 23 29 -26 -27 -28 -29 -30 -31
leaf_value=-0.00051910133283282445 -0.1218160230769146 -0.059060391995412867 0.028488910399738877 0.10892451924488984 -0.1695331199643553 0.097768793107714289 -0.072261653834817349 0.11692455876098631 -0.10463775764863821 0.015858813435194619 0.016814408935502165 -0.10379147990098313 0.11142538821194697 0.063046096448002742 0.07395949568392611 -0.19308527748927284 0.046861359233779487 -0.19038281535054494 0.01369561500917137 0.0098792982060006834 0.082799980864041056 -0.097526780897089702 -0.19884834745724486 -0.065999096088076026 0.13810275503399735 -0.14147474799119639 0.02460214311879582 -0.0001651723292014989 -0.15166405256863413 0.1057895680044658
leaf_weight=48246.756117598503 30.219797749770805 50.15101566282101 124.48919985513203 5.8843717060517511 9.3401378677226585 27.459741230122745 72.78224854846485 3.8957985378801814 5.3122991826385251 87.775785970501602 25.01210521813482 45.149050819745753 3.396476703695952 5.6369801275432101 64.128311776788905 6.4048842359334222 219.34154508309439 9.5575707461684924 1506.7172672292218 28.897862290963531 31.657501555979252 7.5551984999328843 22.787863403093073 49.57601231103763 2.8087129332125178 8.5604506609961373 365.31488040462136 1989.7320334583055 10.558889363892375 6.5906583159230641
leaf_count=255263 352 433 811 53 121 99 1096 18 43 360 148 594 7 18 213 80 713 57 5798 114 189 45 174 262 8 50 1636 9253 106 25
internal_value=3.79082e-11 0.00518884 -0.0151507 -0.0325168 -0.022968 -0.0179586 -0.0587087 -0.00148583 0.064959 -0.0149413 -0.051447 -0.0862593 0.00721531 0.0147861 0.00199493 0.00450015 0.016913 -0.096364 0.0179102 -0.0352272 0.0124409 0.048056 -0.0581297 -0.0821663 -0.161875 0.00262071 0.00314306 -0.000784183 -0.087633 -0.0458412
internal_weight=53073.5 4826.69 437.321 312.831 282.612 273.271 78.6666 194.605 32.772 161.833 74.057 49.0448 4389.37 1791.4 2597.97 2434.14 1741.25 15.1946 1726.06 163.829 53.1681 39.2127 110.661 81.7632 25.5966 2370.01 2361.45 1996.14 13.9554 56.1667
internal_count=278139 22876 3695 2884 2532 2411 1149 1262 142 1120 760 612 19181 7019 12162 11232 6586 75 6511 930 347 234 583 469 182 11019 10969 9333 113 287
is_linear=0
shrinkage=0.1


Tree=38
num_leaves=31
num_cat=0
split_feature=3 3 1 5 5 2 4 4 5 4 3 5 0 0 3 0 0 5 3 1 1 6 4 0 5 5 3 5 6 2
split_gain=15.0097 23.1317 36.6086 18.5376 18.1126 19.7292 16.8544 39.6067 28.9314 24.7558 27.1956 31.0588 22.8076 29.4393 20.4197 20.1846 32.3816 26.629 23.68 24.3486 40.9251 20.1117 19.2303 27.1664 25.2889 21.7527 19.6353 18.0878 18.0046 17.0648
threshold=0.3337045311927796 0.33647075295448309 0.5855679214000703 0.0032211306970566515 0.0014147607726044955 0.6103409230709077 0.029667303897440437 0.052812609821558006 0.0030631222762167458 0.0050062655936926612 0.41898326575756079 0.002801681170240045 0.77454340457916271 0.63169482350349437 0.41226664185523992 0.78509613871574413 0.6964305341243745 0.0021420923294499521 0.34116834402084356 0.70433002710342418 0.65570488572120678 329.00000000000006 0.035338180139660842 0.75310131907463085 0.0026717133587226276 0.0028906955849379305 0.40042284131050115 0.0030366568826138978 679.50000000000011 0.67740443348884594
decision_type=2 2 2 2 2 2 2 2 2 2 2 2 2 2 2 2 2 2 2 2 2 2 2 2 2 2 2 2 2 2
left_child=-1 2 -2 6 5 -4 9 8 15 -3 11 14 13 27 -11 16 18 -18 -8 20 -20 -16 25 24 28 -19 -25 -13 -24 -9
right_child=1 3 4 -5 -6 -7 7 29 -10 10 -12 12 -14 -15 21 -17 17 22 19 -21 -22 -23 23 26 -26 -27 -28 -29 -30 -31
leaf_value=-0.0011182255872984796 -0.19360304114376592 -0.0097849351637719698 0.060030361156162476 0.0055877749590484659 0.050903178486101076 -0.07156455763047137 0.092229102081319916 -0.003677575960709634 -0.092993908339197656 0.013036199343477405 0.032033304055639727 -0.10521910909607386 0.054555780828608902 -0.11352558630789947 -0.10451339485023987 0.035454464906982425 -0.065663591133118066 0.084341067842963635 -0.022401514746731573 -0.072341149335588703 0.048668652990586335 0.032734391434592308 -0.16883482368591107 0.092546872202428243 -0.0042067434826395592 -0.12423501204197825 -0.044751645434993964 0.072666627711936424 -0.020286133919092869 0.0098613410942886056
leaf_weight=36744.409980048862 6.9997622407972804 665.79735484567937 19.273442559875548 7680.828122945386 207.77948479843326 27.86321415938437 23.888807093724608 3894.05227478093 54.962515854276717 860.85656172432937 514.66696805064566 8.4321956601925212 17.317425195127726 54.84027221146971 29.659577569924295 64.913008357398212 228.16225467482582 31.224362649023533 270.88029237277806 54.850157716777176 115.60271646548063 16.681716505438089 27.106985624879599 23.459384817630053 32.180464693345129 5.953554891049861 18.734164927154779 17.746294643729925 11.672587022650985 1223.4580400963314
leaf_count=212423 67 4071 66 30094 699 155 53 16316 237 3192 1876 47 44 290 142 236 1141 93 1164 252 386 59 151 54 127 38 86 43 40 4497
internal_value=3.95892e-11 0.00253479 0.0320119 0.00205068 0.0382071 -0.0177575 -0.00123558 -0.00394274 -0.0225412 0.00629532 0.0133379 0.00376901 -0.0496122 -0.0718777 0.00955529 -0.0182795 -0.0224136 -0.0441332 -0.00474307 -0.00999205 -0.00114339 -0.0551076 -0.0114561 -0.0319571 -0.0697402 0.0509403 0.0315856 0.0153689 -0.124122 -0.000440788
internal_weight=52954.3 16209.8 261.916 15947.9 254.916 47.1367 8267.1 6081.1 963.591 2186 1520.2 1005.53 98.3362 81.0188 907.198 908.629 843.716 378.494 465.222 441.333 386.483 46.3413 150.332 113.154 70.96 37.1779 42.1935 26.1785 38.7796 5117.51
internal_count=278139 65716 987 64729 920 221 34635 24871 4058 9764 5693 3817 424 380 3393 3821 3585 1730 1855 1802 1550 201 589 458 318 131 140 90 191 20813
is_linear=0
shrinkage=0.1


Tree=39
num_leaves=31
num_cat=0
split_feature=3 4 3 4 0 6 0 3 5 0 0 6 3 6 6 2 5 4 2 4 1 5 4 4 1 0 5 0 1 4
split_gain=16.6878 23.2235 20.8689 37.4169 39.0847 33.0317 29.4868 26.6077 24.5226 25.8305 22.3031 25.442 19.9285 29.7933 35.2609 28.5415 19.48 19.1643 17.6673 18.0297 16.3932 16.1955 16.189 18.8415 17.3011 19.4729 36.5569 16.086 22.7817 20.038
threshold=0.21227125078439715 0.019246203824877742 0.034204283729195602 0.0030627943342551593 0.59950342774391185 205.50000000000003 0.66197097301483165 0.083551485091447844 0.004043515771627427 0.65565073490142833 0.70060616731643688 771.50000000000011 0.19075556099414828 84.500000000000014 52.500000000000007 0.66409528255462658 0.0077590388245880612 0.015404390171170236 0.68282982707023632 0.011379824019968511 0.69388055801391613 0.0088928430341184157 0.057451847940683372 0.051811048761010177 0.69659915566444408 0.74226951599121105 0.0060768686234951028 0.64993223547935497 0.6127620041370393 0.0074165749829262504
decision_type=2 2 2 2 2 2 2 2 2 2 2 2 2 2 2 2 2 2 2 2 2 2 2 2 2 2 2 2 2 2
left_child=1 2 3 5 -5 -1 -7 -4 9 -6 11 -11 -9 14 -14 27 -16 -12 -17 -20 -21 -18 23 -3 25 -25 -27 -15 -29 -30
right_child=-2 22 7 4 8 6 -8 12 -10 10 17 -13 13 15 16 18 21 -19 19 20 -22 -23 -24 24 -26 26 -28 28 29 -31
leaf_value=-0.0019739618823552047 0.0015040351425340541 0.002786888439501463 -0.026710093971001481 -0.095201628265303553 0.056916508864853568 3.7831071714275222e-05 -0.082441309900987081 -0.0038939095959548775 -0.009232126234569803 -0.024247995208077626 0.019733065562935699 0.10807366693070437 -0.026766031156964361 -0.045306868169175334 0.082747888453106988 -0.13466276799453533 -0.19579312610924918 0.082267430551683951 -0.083282120427678019 0.061112908018746276 -0.059953320520376989 0.015944579988327195 -0.0023238356873323891 0.023235031186701918 0.0625450726514373 0.0062891923643110083 -0.20455855831331218 0.082472203828415441 0.011639379655938534 -0.047794677165090144
leaf_weight=533.47839298396138 30770.010660371452 4915.6267243156908 803.32348212134093 30.910731222713366 217.90142473531887 69.896635446930304 114.10548764042323 3716.7176315777469 231.79451406211592 163.94332341011614 261.85143509611953 15.943981265649198 121.23637688905001 156.34447454218753 69.577447351999581 33.67517262743786 4.1636701982934055 60.290211072191596 72.669485278893262 21.231914716772735 23.635000872891396 27.285459092352539 9669.9720292422571 289.58244258072227 94.147085975389928 31.13811366725713 11.173812642693518 26.890360373537987 127.46536316326819 102.21531075495295
leaf_count=6712 129458 20897 12020 361 1083 1500 3225 31672 1735 1034 1613 44 662 1221 243 283 45 208 518 73 132 129 60477 837 241 96 57 152 779 632
internal_value=-8.71579e-12 -0.00210186 -0.0068556 0.00278624 0.0154629 -0.0145752 -0.0511101 -0.00994473 0.0190571 0.0281653 0.0156861 -0.0125199 -0.0069539 -0.0214164 0.00959317 -0.0336339 0.0532258 0.0314366 -0.0708035 -0.0525073 -0.00266238 -0.0120882 0.000116903 0.00453535 0.0247089 0.0139761 -0.0493919 -0.0200223 -0.0046148 -0.0148107
internal_weight=52788.2 22018.2 7006.55 1700.12 982.636 717.481 184.002 5306.43 951.725 719.93 502.029 179.887 4503.11 786.39 222.263 564.127 101.027 322.142 151.212 117.536 44.8669 31.4491 15011.6 5341.67 426.041 331.894 42.3119 412.916 256.571 229.681
internal_count=278139 148681 66076 17515 6078 11437 4725 48561 5717 3982 2899 1078 36541 4869 1079 3790 417 1821 1006 723 205 174 82605 22128 1231 990 153 2784 1563 1411
is_linear=0
shrinkage=0.1


Tree=40
num_leaves=31
num_cat=0
split_feature=1 4 2 1 2 2 0 6 3 4 6 6 6 1 0 5 4 5 7 3 7 3 4 6 2 0 3 6 5 7
split_gain=12.6988 15.3113 12.6914 15.7491 12.5149 11.8948 33.0009 26.1019 21.1152 22.1833 19.9876 19.8505 19.1399 19.0452 18.6094 17.0733 24.3558 28.0258 16.96 16.9272 16.525 16.2927 16.1238 34.6959 15.7441 14.8522 14.5194 14.2704 13.7693 16.6669
threshold=0.65026628971099865 0.44722221791744238 0.6016795039176942 0.65254041552543651 0.76048099994659435 0.42510616779327398 0.46343326568603521 391.00000000000006 0.39422321319580084 0.18442968279123309 275.00000000000006 340.50000000000006 311.50000000000006 0.52121073007583629 0.47998982667922979 0.002051632734946907 0.0020746977534145121 0.0014953273348510268 12.500000000000002 0.29818271100521093 9.5000000000000018 0.48079966008663183 0.038011405616998679 152.50000000000003 0.31843045353889471 0.46343326568603521 0.38365435600280767 87.500000000000014 0.008408411871641876 2.5000000000000004
decision_type=2 2 2 2 2 2 2 2 2 2 2 2 2 2 2 2 2 2 2 2 2 2 2 2 2 2 2 2 2 2
left_child=5 -2 -3 -4 -5 7 11 8 10 21 24 18 -12 -13 19 16 -9 -18 28 -8 -14 -10 -21 27 -1 -19 -26 -24 29 -7
right_child=1 2 3 4 -6 6 14 15 9 -11 12 13 20 -15 -16 -17 17 25 -20 22 -22 -23 23 -25 26 -27 -28 -29 -30 -31
leaf_value=-0.059094945908210461 0.0011181045359018212 0.073153331972054134 -0.12789368116734767 0.012077152133425988 0.080738363260871707 -0.070219882073561238 0.063214256910588615 -0.11258883562698729 0.067335008567419502 -0.077899445706830495 -0.13028512097614939 -0.16411840427597885 -0.0092717032419670341 -0.020369156706742806 -0.0021416916994021606 0.07390422715810202 0.047348988118883439 -0.011253486320376257 -0.20126039786545269 0.055615626465006118 -0.18219403337286583 -0.0085661113965100604 -0.074525385062088487 -0.16346869338712244 0.0062471299071474662 -0.15392354631029825 -0.20345049731079154 0.11494501700726523 -0.12532625878244882 0.025252888061604896
leaf_weight=43.773729137843475 29047.465886129794 42.09786270884797 7.5500703002326182 298.10974283865653 29.141212226822972 26.444277691654861 82.99676155205816 13.102308894041924 94.02536462014541 16.637565043754876 24.375536535400897 24.77519104606472 57.154570656246506 14.676476122578604 21902.835655945179 79.6706024101004 152.70597365149297 27.303657189942896 5.2971629593521348 23.076722206547856 6.117917892523109 40.446683415677398 6.3370309211313751 15.235675621777771 364.37801859213505 9.9578100619837624 3.3320750223938367 10.665499471127985 10.540046697715296 59.261681640986353
leaf_count=425 141912 151 78 1527 109 124 369 259 352 115 202 162 300 73 127734 306 601 121 96 73 141 198 33 92 2135 78 28 29 64 252
internal_value=2.511e-11 0.00137795 0.0214039 0.014897 0.0181913 -0.00175406 -0.00221928 0.00930696 -0.00172254 0.0310283 -0.0116377 -0.0504448 -0.0549965 -0.110642 -0.00191079 0.0346724 0.0192806 0.0283758 -0.0270569 0.0346545 -0.0259918 0.0445054 -0.00819767 -0.0538764 -0.00240204 -0.0493808 0.00434691 0.0443273 -0.0174691 -0.00420491
internal_weight=52539.5 29424.4 376.899 334.801 327.251 23115.1 22182.1 932.982 650.241 151.11 499.132 140.995 87.648 39.4517 22041.1 282.74 203.07 189.967 101.543 138.312 63.2725 134.472 55.3149 32.2382 411.484 37.2615 367.71 17.0025 96.246 85.706
internal_count=278139 143777 1865 1714 1636 134362 129101 5261 3896 665 3231 771 643 235 128330 1365 1059 800 536 596 441 550 227 154 2588 199 2163 62 440 376
is_linear=0
shrinkage=0.1


Tree=41
num_leaves=31
num_cat=0
split_feature=3 0 3 3 3 7 4 2 7 7 3 2 0 4 4 0 0 1 4 7 1 1 0 0 1 0 1 2 5 0
split_gain=12.6245 11.7236 13.4282 12.9277 12.0773 18.1934 12.4936 11.3054 14.372 10.835 10.5524 23.8424 25.3677 20.4625 14.6486 31.4306 45.6664 37.0811 33.9851 29.3374 24.7978 20.3263 21.6714 19.2902 19.9765 17.9769 17.9219 22.8006 18.4909 18.7352
threshold=0.60456436872482311 0.82744947075843822 1.0000000180025095e-35 0.01069110492244363 0.12426407262682916 3.5000000000000004 0.21060907095670703 0.43564955890178686 29.500000000000004 42.500000000000007 0.17981388419866565 0.45131292939186102 0.50709870457649242 0.17411334812641147 0.12206346169114114 0.60327762365341198 0.6814599633216859 0.59680089354515087 0.047776136547327049 11.500000000000002 0.50105080008506786 0.75578656792640697 0.62431690096855175 0.60919541120529186 0.64244970679283153 0.67919114232063305 0.72429904341697704 0.49690310657024389 0.0047913757152855405 0.74583166837692272
decision_type=2 2 2 2 2 2 2 2 2 2 2 2 2 2 2 2 2 2 2 2 2 2 2 2 2 2 2 2 2 2
left_child=1 7 -3 -4 5 -5 -7 8 -1 -10 11 12 -9 -14 15 17 18 -12 19 20 -17 -20 -23 -21 -25 -24 27 -18 29 -28
right_child=-2 2 3 4 -6 6 -8 10 9 -11 14 -13 13 -15 -16 16 26 -19 21 23 -22 22 25 24 -26 -27 28 -29 -30 -31
leaf_value=0.010464689808059115 0.012750410262715089 -0.018512269632168652 0.085393249808255078 -0.15465247618564082 0.034424631590793855 -0.093940841347097459 0.10817698268054173 -0.1208094326971284 -0.19864677216338358 0.082477073185672337 0.0031269312678324649 -0.0022725057505774567 -0.053016490135112004 0.06081423767208094 -0.0020663735009663763 0.17157719069538047 -0.1321190175937772 0.027534290324239277 0.0057604287790097818 0.083221444651456172 -0.016898147367620769 0.027129708235322087 -0.20232214219154188 -0.012884878958431665 0.032680793712435603 0.050210995112665108 -0.007233642140033943 0.0024952576275038413 0.03119392832610586 0.016175756745227927
leaf_weight=1132.3869033205556 765.21150854043663 60.554411546327174 40.827369362348691 9.1234387732110935 112.06513301492669 4.9915268281474692 7.8963176682591438 34.138232209952548 5.5703179050469762 1.8185786239337174 1645.791700446629 16505.422022341634 48.803009969124105 23.346788311377168 13372.805149361491 6.9970201821997753 12.597376799676566 1001.0814145309851 1670.1475504962727 34.331894913222641 3007.5988364219666 11.505901333875956 13.648712019901724 243.33938697760459 159.13742740510497 3.5526222907938054 540.82915123226121 10593.800905276439 427.45603415428195 929.39515976281837
leaf_count=6145 3370 384 115 42 455 49 22 376 189 51 7589 121663 509 94 58896 10 80 3473 5917 207 14151 50 124 2943 1112 9 1950 42811 1634 3719
internal_value=-1.01411e-10 -0.000188861 0.022074 0.0361256 0.0211233 -0.0465975 0.0298957 -0.000290795 0.00955762 -0.129456 -0.000514019 -0.00257652 -0.0497871 -0.0161823 0.000503433 0.00219621 0.000672666 0.0123581 -0.00725206 -0.0129512 -0.0164607 0.00432636 -0.0791056 0.0112692 0.00513157 -0.150166 0.00393675 0.00233537 0.0128871 0.0075645
internal_weight=52426.2 51661 235.458 174.904 134.076 22.0113 12.8878 51425.5 1139.78 7.3889 50285.7 16611.7 106.288 72.1498 33674 20301.2 17654.3 2646.87 5150.26 3451.4 3014.6 1698.85 28.7072 436.809 402.477 17.2013 12504.1 10606.4 1897.68 1470.22
internal_count=278139 274769 1067 683 568 113 71 273702 6385 240 267317 122642 979 603 144675 85779 74717 11062 24523 18423 14161 6100 183 4262 4055 133 50194 42891 7303 5669
is_linear=0
shrinkage=0.1


Tree=42
num_leaves=31
num_cat=0
split_feature=0 6 3 3 6 6 2 7 1 5 7 3 5 3 1 0 6 5 6 3 1 5 6 0 1 5 1 4 1 4
split_gain=13.5458 12.2741 11.9966 9.86246 11.4294 15.0809 9.51281 10.1659 22.2996 20.3028 20.8375 28.277 20.1249 20.113 19.9027 19.3615 19.2668 18.3418 16.5745 20.6021 15.8298 15.5996 30.6616 16.0219 16.8544 16.6866 15.4685 15.0469 20.0627 23.5927
threshold=0.82744947075843822 781.50000000000011 0.60456436872482311 1.0000000180025095e-35 709.50000000000011 416.50000000000006 0.45757135748863226 3.5000000000000004 0.49394011497497564 0.00089305653818883013 10.500000000000002 0.25998522341251379 0.005436894018203021 0.11634059622883798 0.69995462894439708 0.60147672891616832 32.500000000000007 0.0021192054264247422 39.500000000000007 0.38365435600280767 0.64986354112625133 0.00044953924953006213 240.50000000000003 0.50709870457649242 0.5531873106956483 0.0035042634699493651 0.4735082238912583 0.20597392320632937 0.57679039239883434 0.33231493830680853
decision_type=2 2 2 2 2 2 2 2 2 2 2 2 2 2 2 2 2 2 2 2 2 2 2 2 2 2 2 2 2 2
left_child=2 3 6 4 5 -2 7 8 13 20 18 15 21 17 -13 -12 -14 -1 19 -11 -9 22 -10 27 25 -25 -20 -23 29 -29
right_child=1 -3 -4 -5 -6 -7 -8 9 12 10 11 14 16 -15 -16 -17 -18 -19 26 -21 -22 23 -24 24 -26 -27 -28 28 -30 -31
leaf_value=-0.18712140107112554 0.00095294992780450046 -0.1121346817813101 0.012356342908553461 0.040867066797509961 0.15419121363294785 -0.15662602600149308 -0.00054924320193516871 0.02628407840694752 0.04532947348281622 -0.099008484211643197 -0.027852282089167759 -0.12167203210305835 -0.091455381629670832 0.0017140973347442531 0.10646845967456467 0.10837919413503123 0.08688144163552948 -0.024598583602926605 0.036301036589867629 0.11471772098647 -0.14100826986605794 0.054137335909886758 -0.13383746665469184 -0.024050972912735256 0.021190465012494344 -0.19545608999936348 -0.0051278894331679 -0.15035369113988997 0.12994069577952788 0.09058198935256033
leaf_weight=11.124676660168918 45.463718548300676 6.3958298228681079 761.03291407739744 163.19069400499575 4.053213487379252 7.0098195481114081 49337.538612685748 273.99964883545181 19.59134218050167 29.823790672700852 79.412135378224775 46.681284242542461 6.5797593742609015 238.74013195349835 4.1650963872671118 12.010148907313122 76.394007555674762 18.478125396650285 116.71079007769004 5.3137863501906386 5.7754048670176408 181.35804927768186 18.639035874046385 40.679988587275147 138.13506163575221 6.6012763306498519 395.62781564053148 13.518410760909324 6.1117920391261569 5.8113404167816034
leaf_count=130 298 40 3360 659 10 70 264073 1811 74 193 1096 556 32 996 13 104 230 194 498 14 51 562 101 201 547 58 2051 85 14 18
internal_value=-2.94082e-11 0.0244227 -0.000106506 0.0283978 -0.00760039 -0.0200977 -0.000292156 0.00695057 0.0154353 0.000109021 -0.00910735 -0.0432036 0.0276454 -0.00792634 -0.102984 -0.00995555 0.0727395 -0.0856743 -0.000247017 -0.0666871 0.0228307 0.018953 -0.0420225 0.0248964 0.00355143 -0.0479821 0.00430962 0.0440343 -0.0279845 -0.0779182
internal_weight=52076 226.113 51849.9 219.717 56.5268 52.4735 51088.8 1751.28 781.763 969.52 689.745 142.269 513.42 268.343 50.8464 91.4223 82.9738 29.6028 547.476 35.1376 279.775 430.446 38.2304 392.216 185.416 47.2813 512.339 206.8 25.4415 19.3298
internal_count=278139 1077 277062 1037 378 368 273702 9629 3242 6387 4525 1769 1922 1320 569 1200 262 324 2756 207 1862 1660 175 1485 806 259 2549 679 117 103
is_linear=0
shrinkage=0.1


Tree=43
num_leaves=31
num_cat=0
split_feature=0 2 5 3 1 6 3 3 5 0 1 4 1 2 3 3 2 6 4 7 0 4 4 4 1 6 1 1 1 6
split_gain=13.0467 12.6069 11.9842 21.8379 18.548 16.5846 20.9294 18.8104 15.5043 14.9005 16.7623 13.2913 13.2786 13.0313 14.6404 16.1519 21.1254 15.8227 14.5217 18.6182 14.1258 12.6332 13.4475 12.4392 12.0998 12.0901 11.7129 11.1527 22.7125 21.7505
threshold=0.82744947075843822 0.45757135748863226 0.0029680931475013499 0.10793410614132883 0.64859250187873851 502.00000000000006 0.04267737269401551 0.41704474389553076 0.003175443504005671 0.65565073490142833 0.60210466384887706 0.26860013604164129 0.58042800426483165 0.3939253836870194 0.10793410614132883 0.19320107251405719 0.37033173441886907 329.00000000000006 0.050539880990982063 7.5000000000000009 0.42543646693229681 0.033236812800168998 0.020176141522824768 0.0028756305109709506 0.43814843893051153 138.50000000000003 0.57679039239883434 0.55098974704742443 0.55531242489814769 331.50000000000006
decision_type=2 2 2 2 2 2 2 2 2 2 2 2 2 2 2 2 2 2 2 2 2 2 2 2 2 2 2 2 2 2
left_child=1 2 4 9 5 6 11 13 -5 10 -4 12 -1 14 -8 -16 17 18 19 -17 24 22 -6 -19 -15 -21 -18 -3 29 -29
right_child=-2 27 3 8 21 -7 7 -9 -10 -11 -12 -13 -14 20 15 16 26 23 -20 25 -22 -23 -24 -25 -26 -27 -28 28 -30 -31
leaf_value=-0.042212840721001448 0.024323214645469438 -0.0069949745164724093 -0.029581274311693492 0.072056558675222357 -0.065556586883866036 0.025759250923195351 -0.15680281575987262 0.02342163205147502 0.019679586379031284 0.10340389154547212 -0.19206033454326249 0.11125899585565824 0.10661330683743807 0.00072105464096901251 0.0034529159042314323 -0.16659875304694163 -0.16387930406896692 -0.16008425632625267 0.013636519272057796 0.075685683684851068 -0.00042758285501450909 -0.096578625955239916 0.061051209481882557 0.052537502827976784 -0.16137730287151375 -0.12921920229224079 0.066860233974050415 0.034004812984798377 -0.00025219896708982952 -0.038345524810397547
leaf_weight=17.23338923370466 219.59479462914169 2437.0209001371404 60.711573679698631 63.357782384380698 18.459023231174797 282.42935098672751 9.72985881869681 158.02684099506587 523.36426600418054 7.3416664581745854 7.0911244065500787 25.015743463300169 9.1930733356857655 8.2568877651356178 77.057064417516813 19.332566655939448 21.234037988353524 3.1007530883071039 15.029303096933289 7.0728014007909206 353.52599147532601 30.739179797936231 15.378366886638103 24.431544870138168 10.411364787025375 4.8569565112702549 2.4542732029221943 321.38235450233333 47224.162386807438 47.721502365777269
leaf_count=246 1077 14977 852 193 130 1335 188 703 2281 43 86 80 35 47 412 208 180 94 46 83 2089 188 37 70 82 110 14 1707 250224 322
internal_value=1.59837e-11 -0.000103103 0.00817929 0.018835 0.0018425 0.00504643 -0.0025909 -0.00702624 0.0253356 -0.0319211 -0.0465741 0.059015 0.00955987 -0.0156725 -0.0374189 -0.0307649 -0.0578048 -0.0314389 -0.0671425 -0.105977 -0.00490434 -0.0501728 -0.00801606 0.0285915 -0.0896819 -0.00773714 -0.139973 -0.000396922 -5.90681e-05 0.0246506
internal_weight=52024.7 51805.1 1774.83 661.866 1112.97 1048.39 765.962 714.52 586.722 75.1444 67.8027 51.4422 26.4265 556.493 184.299 174.569 97.5122 73.8239 46.2916 31.2623 372.194 64.5766 33.8374 27.5323 18.6683 11.9298 23.6883 50030.3 47593.3 369.104
internal_count=278139 277062 9832 3455 6377 6022 4687 4326 2474 981 938 361 281 3623 1405 1217 805 611 447 401 2218 355 167 164 129 193 194 267230 252253 2029
is_linear=0
shrinkage=0.1


Tree=44
num_leaves=31
num_cat=0
split_feature=2 6 3 3 6 1 1 1 0 0 7 4 5 7 5 6 2 0 6 7 2 4 1 2 2 5 4 7 6 1
split_gain=13.0411 11.8945 10.0774 10.0461 27.6406 21.9278 15.1119 14.4852 14.064 13.7673 13.5346 13.2849 12.9407 13.0035 11.3678 11.7826 16.8563 23.5266 13.5022 16.595 17.1702 12.4765 25.8073 11.6968 10.689 10.6452 10.3499 10.5366 10.301 15.07
threshold=0.45757135748863226 5.5000000000000009 0.70714285969734203 1.0000000180025095e-35 42.500000000000007 0.65254041552543651 0.6284557878971101 0.66396847367286693 0.73739451169967662 0.82744947075843822 12.500000000000002 0.022241248749196533 0.013524946290999653 1.5000000000000002 0.034833164885640151 11.500000000000002 0.64090627431869518 0.74868804216384899 14.500000000000002 5.5000000000000009 0.579412341117859 0.24863643199205401 0.6349182426929475 0.53187957406044017 0.53749650716781627 0.0053828556556254634 0.46306042373180395 1.0000000180025095e-35 679.50000000000011 0.75578656792640697
decision_type=2 2 2 2 2 2 2 2 2 2 2 2 2 2 2 2 2 2 2 2 2 2 2 2 2 2 2 2 2 2
left_child=1 -1 -3 4 14 6 10 -7 -8 -5 12 -11 13 25 15 21 18 -18 19 -17 -21 -2 -23 -20 -25 -6 27 -26 -13 -30
right_child=3 2 -4 9 5 7 8 -9 -10 11 -12 28 -14 -15 -16 16 17 -19 23 20 -22 22 -24 24 26 -27 -28 -29 29 -31
leaf_value=-0.14835393785088172 -0.0095674852470114553 0.0081404722819068392 0.083047627035534866 -0.00018690957033094021 -0.034941150570200301 0.050140019480663704 -0.10445033386157887 -0.018172105031242947 0.024029045930134028 -0.11726942001688741 0.040218855101743695 0.042500063441889342 -0.17753890811588541 -0.06027338293170767 0.048623051038869464 0.10526962651663374 -0.045246530676106726 0.047159902623219035 -0.063147812311120141 0.057638306179969762 -0.19182354731709997 -0.15254632454449646 0.062596803516781874 0.13995798701254006 -0.087077809458685831 0.078383976693281385 -0.18519004046758916 0.029630882887102861 0.079191331633655437 -0.13303590909096405
leaf_weight=4.8220847272314122 172.35197128914297 1726.9426785992109 18.14855628926307 48999.536489210848 19.041515426710248 36.546520042349584 65.709535805304768 206.03300174116157 9.7893579637166095 5.9868786376900962 21.768218002398498 143.01515663322061 6.9965913766063741 75.672010447946377 52.925526339677162 39.500243085902184 88.924199422122911 39.921310717705637 17.187230113893747 8.0371503522619587 4.2014181250706306 17.556875314330686 8.170146092772482 7.5667455787770441 8.3034669980406743 14.678825876442714 2.4683852158486834 113.11111816065386 5.5990045601502052 8.3144944151863438
leaf_count=55 1340 9723 54 253401 271 525 2678 3238 136 59 547 560 131 1497 347 161 1218 245 178 65 82 251 60 30 73 139 42 959 23 51
internal_value=-3.38698e-11 0.00848611 0.00891949 -0.000295822 -0.0100388 -0.028455 -0.051815 -0.00788034 -0.0877914 -9.04174e-05 -0.0321549 0.0289312 -0.045691 -0.0372581 0.00444204 7.55595e-06 0.0116024 -0.0166155 0.0297471 0.0737453 -0.0280003 -0.019264 -0.0842232 0.0144318 0.0245755 0.0143905 0.0175279 0.0216492 0.0345088 -0.0476324
internal_weight=51948.8 1749.91 1745.09 50198.9 1036.46 456.236 213.656 242.58 75.4989 49162.5 138.157 162.916 116.389 109.392 580.226 527.3 329.221 128.846 200.376 51.7388 12.2386 198.079 25.727 148.637 131.45 33.7203 123.883 121.415 156.929 13.9135
internal_count=278139 9832 9777 268307 14213 9162 5399 3763 2814 254094 2585 693 2038 1907 5051 4704 3053 1463 1590 308 147 1651 311 1282 1104 410 1074 1032 634 74
is_linear=0
shrinkage=0.1


Tree=45
num_leaves=31
num_cat=0
split_feature=3 0 3 1 2 1 4 1 4 2 1 0 0 4 3 5 4 6 5 5 2 6 1 2 5 3 2 2 1 1
split_gain=10.6365 20.9207 20.3032 17.2232 34.5872 19.7824 21.6571 39.5145 30.1376 22.9645 21.8171 27.3061 18.5799 18.0077 22.041 20.9168 17.9445 22.5171 18.6763 29.0032 17.9318 17.4086 17.1933 16.9236 31.1338 16.8761 16.6849 18.3457 16.6784 22.5795
threshold=0.3337045311927796 0.50709870457649242 0.33835344016551977 0.8214436173439027 0.66409528255462658 0.6805551052093507 0.022740201093256477 0.6842436194419862 0.037258181720972068 0.60860890150070202 0.68481913208961498 0.73608314990997326 0.58013135194778453 0.0055197840556502351 0.36115257441997534 0.0038102497346699242 0.42943723499774938 13.500000000000002 0.030589965172111992 0.016147656366229061 0.6878030300140382 892.50000000000011 0.68731620907783519 0.66338381171226513 0.0050773138646036395 0.35561282932758337 0.70275807380676281 0.7128196954727174 0.70925238728523265 0.69503343105316173
decision_type=2 2 2 2 2 2 2 2 2 2 2 2 2 2 2 2 2 2 2 2 2 2 2 2 2 2 2 2 2 2
left_child=-1 -2 -3 5 -5 -4 9 12 21 -7 11 -11 -8 15 -15 -12 18 -18 19 25 -13 -9 -16 24 -17 28 -22 -28 29 -10
right_child=1 2 3 4 -6 6 7 8 16 10 13 20 -14 14 22 23 17 -19 -20 -21 26 -23 -24 -25 -26 -27 27 -29 -30 -31
leaf_value=-0.00095100346737955928 0.023943922847865909 0.021401436128188112 -0.0017407831452118426 -0.11445793731067602 0.012727120712428153 0.053538798402316214 -0.14113945691094881 -0.024416324121741807 0.030653574957494292 -0.13531929004258042 -0.024573482387908487 0.046139285684202808 0.036685835115523695 -0.0083049810986116357 0.11246491258085341 0.059968763778871982 -0.17498520148903807 0.037309490916311853 0.11617857426581064 -0.095121318591013235 -0.20990714242506311 -0.20605028427166655 0.033315374545521886 0.053396757634901253 -0.15589170691324927 -0.00099221882068228559 0.10345278068059925 -0.13472026948146917 0.035750020732929447 -0.041333152617851178
leaf_weight=36013.664942939649 428.75922043935861 498.62738947034813 9141.8552338039735 38.356775819556788 48.314290815964341 160.11271488573402 5.9702143101021639 368.8815948839765 90.287173107266426 21.317076494917274 176.66320223064395 31.424677617847919 370.92544320644811 129.49549165647477 29.551721712574363 14.750851336866619 5.1275976896286002 194.86569409212098 14.054134649224578 31.332279125228524 6.2995868828147676 5.3533729545306405 384.98108487855643 82.85503787919879 12.214491072576491 3241.885449645808 6.7010761536657792 6.2508277529850602 264.23320166114718 84.213132112286985
leaf_count=212423 1961 1902 39588 379 256 530 40 1616 275 112 1153 96 1280 441 63 53 32 785 37 159 35 33 1255 294 67 12093 14 38 779 350
internal_value=-1.07598e-12 0.00215462 0.0015506 0.000889321 -0.0435594 0.00114819 0.00574954 0.00282167 0.000100512 0.0186366 0.0124447 -0.0403635 0.033869 0.0170224 0.0277079 -0.00326925 0.00268518 0.0318665 0.00111888 0.000683238 -0.000420007 -0.0270146 0.0389579 0.0310019 -0.0378096 0.0014988 -0.0764199 -0.0114939 0.0199054 -0.00408692
internal_weight=51909.3 15895.7 15466.9 14968.3 86.6711 14881.6 5739.75 4677.13 4300.23 1062.62 902.505 71.9932 376.896 830.512 544.028 286.484 3926 199.993 3726.01 3711.95 50.6762 374.235 414.533 109.82 26.9653 3680.62 19.2515 12.9519 438.734 174.5
internal_count=278139 65716 63755 61853 635 61218 21630 17479 16159 4151 3621 295 1320 3326 1759 1567 14510 817 13693 13656 183 1649 1318 414 120 13497 87 52 1404 625
is_linear=0
shrinkage=0.1


Tree=46
num_leaves=31
num_cat=0
split_feature=3 7 5 2 0 0 1 4 6 4 2 1 4 1 6 4 1 2 0 2 5 5 1 6 1 2 2 5 7 1
split_gain=10.3167 12.1423 15.6001 20.9443 11.6657 19.136 18.1811 17.8873 17.887 17.7693 15.603 18.6664 14.7811 26.0522 18.1406 14.6612 13.1668 18.9981 12.9463 12.2354 11.9169 19.7205 21.4922 16.0936 21.6439 16.0625 14.7299 13.9486 15.727 12.362
threshold=0.48871925473213201 16.500000000000004 0.017565899528563026 0.67671504616737377 0.62922787666320812 0.64635536074638378 0.70676511526107799 0.40648891031742101 199.50000000000003 0.051811048761010177 0.56430423259735119 0.60006943345069896 0.25208032131195074 0.59680089354515087 360.00000000000006 0.28592073917388922 0.39398761093616491 0.46861025691032415 0.63912951946258556 0.579412341117859 0.0069957259111106404 0.0040093555580824622 0.5855679214000703 88.500000000000014 0.5637527108192445 0.57146754860878002 0.58153319358825695 0.004644861677661539 6.5000000000000009 0.64658156037330639
decision_type=2 2 2 2 2 2 2 2 2 2 2 2 2 2 2 2 2 2 2 2 2 2 2 2 2 2 2 2 2 2
left_child=-1 4 -3 -4 6 9 7 16 -9 10 -6 -12 14 18 -11 -8 -2 -18 -14 -13 21 29 -23 24 -22 -26 -27 -24 -29 -19
right_child=1 2 3 -5 5 -7 15 8 -10 12 11 19 13 -15 -16 -17 17 20 -20 -21 23 22 27 -25 25 26 -28 28 -30 -31
leaf_value=-0.00035300554591877659 -0.1079707622990857 0.0325671924376068 -0.20625876236061794 0.023624501809309868 0.07093550634792492 0.0042227831104425066 -0.147800068807528 -0.13687359270255969 0.11678309574062579 0.092032365397967081 0.022008195222404422 -0.0034712900395383823 -0.20063401576255774 0.075152849261729285 -0.024833990473229029 0.045476311912589225 0.033761649217325627 -0.016076692157911656 -0.0035481386830663515 -0.17838052256420056 0.028617111652046008 -0.1342789797214837 -0.10846881359398915 0.080240571506389718 -0.12098779913409992 0.13063160989401235 -0.075333094565371128 0.062408469931387468 -0.14068807168619801 0.057012758269117295
leaf_weight=48743.886304759741 11.469904557801781 245.35811711475253 6.5775238098576692 9.9714860843960178 15.962035658769308 1997.0758403460495 15.838566126069056 17.451360190287236 3.3067616391926995 89.215532159432769 18.912758296355605 5.9917525164783028 7.1789095383137482 17.942990953102708 15.60563303157687 5.2176631800830355 129.48647446557879 192.01249809283763 6.2215068340301514 12.027571862563489 69.983127437531948 28.906494141556323 11.772562297061084 29.11545929685235 21.690940391272306 6.2511454559862596 7.8109521204605699 20.037287913262848 4.7087693121284238 26.311988745816052
leaf_count=265424 74 1666 109 54 54 7820 91 129 12 246 92 18 42 57 56 19 452 746 28 63 269 166 49 72 94 12 39 67 42 77
internal_value=1.16509e-12 0.00564268 0.0262289 -0.0677443 0.00370845 0.00710142 -0.00862583 -0.00531378 -0.0964662 0.0375093 -0.0116794 -0.0473856 0.056617 -0.00363526 0.0746335 -0.0999068 -0.00193227 0.000286814 -0.109132 -0.12022 -0.010068 -0.0216997 -0.0698579 0.0144069 -0.00372106 -0.0670199 0.0162262 -0.0188651 0.0237625 -0.00726811
internal_weight=51793.3 3049.41 261.907 16.549 2787.51 2186.13 601.372 580.316 20.7581 189.059 52.8941 36.9321 136.165 31.3434 104.821 21.0562 559.558 548.088 13.4004 18.0193 418.601 283.75 65.4251 134.852 105.736 35.753 14.0621 36.5186 24.7461 218.324
internal_count=278139 12715 1829 163 10886 8476 2410 2300 141 656 227 173 429 127 302 110 2159 2085 70 81 1633 1147 324 486 414 145 51 158 109 823
is_linear=0
shrinkage=0.1


Tree=47
num_leaves=31
num_cat=0
split_feature=3 0 6 7 1 5 6 6 4 6 3 1 1 6 2 7 2 4 0 2 4 5 5 7 0 0 5 1 2 4
split_gain=14.6535 10.1581 13.6043 10.4049 9.4201 9.07376 9.15293 9.08747 12.5428 8.85247 8.69056 15.5136 18.949 13.4283 14.6106 13.6375 26.8969 12.941 14.3084 11.2333 10.4237 14.7854 11.3627 13.6363 10.5425 10.2042 8.36185 8.29836 12.0075 7.77994
threshold=0.48871925473213201 0.82744947075843822 266.50000000000006 16.500000000000004 0.77415210008621227 0.0043115066364407548 172.50000000000003 87.500000000000014 0.18442968279123309 248.00000000000003 0.48550386726856237 0.48503898084163671 0.56759095191955578 149.50000000000003 0.61841154098510753 3.5000000000000004 0.69970059394836437 0.21387010812759402 0.72483116388320934 0.61598059535026561 0.17954941838979724 0.0022476962767541413 0.0045501079875975856 6.5000000000000009 0.66988408565521251 0.71192598342895519 0.0010596027132123711 0.73295205831527721 0.77917742729187023 0.1531670540571213
decision_type=2 2 2 2 2 2 2 2 2 2 2 2 2 2 2 2 2 2 2 2 2 2 2 2 2 2 2 2 2 2
left_child=1 10 3 5 -2 6 27 8 -7 -8 -1 -12 -13 17 19 25 29 18 -14 20 22 -22 23 24 -15 -16 -5 -3 -29 -17
right_child=4 2 -4 26 -6 7 9 -9 -10 -11 11 12 13 14 15 16 -18 -19 -20 -21 21 -23 -24 -25 -26 -27 -28 28 -30 -31
leaf_value=-0.00042934116612730762 0.0058231999522686609 0.061213568883167015 0.042457444186006603 0.016704010241041487 0.039530923397521914 -0.21174690112001257 -0.18012267228894752 0.069905644051063212 0.021154663502419173 -0.028241757010940439 0.12381446550873816 -0.17801159222310051 -0.20388975417410571 -0.174575793790781 0.061997485443941285 -0.21205142121417164 0.052046301109942864 0.018845217354198432 -0.0064988544489548248 0.15038979759143192 -0.046467984477642721 0.1189654419000364 0.064274756069577083 0.02476884454695237 -0.010751302374210308 -0.041147853497971204 -0.2133116310351417 -0.1943993324821448 0.028598916714439884 -0.096631672776830518
leaf_weight=48369.118599731097 2916.2292824359611 12.608017504215242 125.16501597512979 2.5063299476169041 85.334068355383351 3.0118251328822216 6.6198542993515721 25.462811630917713 9.9563373820856196 9.1307585779577476 7.0061811786144963 8.02889854647219 11.17727508116514 10.364753693342214 15.696370000019668 9.8750533852726239 9.879950722679494 7.5445502903312436 5.4692070526070884 6.3081165002658954 8.1782126128673571 15.916719267144797 11.490165661089121 12.781047516502438 6.3253729939460746 24.659956989809871 4.2784186108037829 4.0231333533301932 6.039314940571785 14.292571689002214
leaf_count=263557 12353 44 555 22 362 29 91 107 41 42 14 63 69 55 47 83 44 26 33 11 28 37 43 60 25 85 78 34 18 83
internal_value=-8.93617e-13 -0.00041743 0.021592 -0.00963389 0.00678151 0.000846083 -0.0335193 0.0352027 -0.0329362 -0.0920761 -0.000512079 -0.022145 -0.0278905 -0.0207987 -0.00934798 -0.0403539 -0.0869642 -0.0897976 -0.139037 0.0229785 0.0106242 0.0628146 -0.020076 -0.0529626 -0.112488 -0.00103004 -0.128342 0.00716373 -0.0605595 -0.143793
internal_weight=51764.5 48762.9 208.802 83.6368 3001.56 76.8521 38.4211 38.431 12.9682 15.7506 48554.1 184.994 177.988 169.959 145.768 74.4039 34.0476 24.191 16.6465 71.3644 65.0563 24.0949 40.9613 29.4712 16.6901 40.3563 6.78475 22.6705 10.0624 24.1676
internal_count=278139 265424 1061 506 12715 406 229 177 70 133 264363 806 792 729 601 342 210 128 102 259 248 65 183 140 80 132 100 96 52 166
is_linear=0
shrinkage=0.1


Tree=48
num_leaves=31
num_cat=0
split_feature=3 0 4 4 1 6 3 4 5 3 2 5 0 3 3 3 3 5 4 2 1 2 5 3 2 2 2 7 7 6
split_gain=14.0193 8.62174 8.88052 26.9569 30.4319 26.693 22.8165 27.0006 24.0383 20.982 19.8548 19.8219 20.2665 19.3208 18.7945 31.7691 29.3006 22.2058 26.1792 21.33 20.5487 32.9437 21.8999 24.876 19.0385 21.1766 23.0796 20.4804 19.8611 18.6895
threshold=0.47736579179763799 0.82744947075843822 0.098658457398414626 0.034028079360723502 1.000000059604645 54.500000000000007 0.36115257441997534 0.0014378152554854753 0.0021420923294499521 0.38365435600280767 0.42510616779327398 1.0000000180025095e-35 0.75161510705947887 0.47026678919792181 0.3956387341022492 0.41044248640537268 0.39422321319580084 0.011054087895900013 0.051811048761010177 0.7321113944053651 0.6301979422569276 0.55202054977417003 0.013524946290999653 0.2623975276947022 0.70065221190452587 0.5897587537765504 0.52794724702835094 7.5000000000000009 1.0000000180025095e-35 548.50000000000011
decision_type=2 2 2 2 2 2 2 2 2 2 2 2 2 2 2 2 2 2 2 2 2 2 2 2 2 2 2 2 2 2
left_child=1 2 3 6 5 -5 -1 8 -8 -10 -9 12 -12 -4 16 24 17 -7 -19 20 21 -20 23 -22 25 26 27 -16 -26 -17
right_child=-2 -3 13 4 -6 14 7 10 9 -11 11 -13 -14 -15 15 29 -18 18 19 -21 22 -23 -24 -25 28 -27 -28 -29 -30 -31
leaf_value=-0.0029900428825681783 0.0060039513286232853 0.019963408403933534 -0.001872508863631894 -0.0090081242023348964 -0.16170051677443306 0.007420038028159358 -0.044954006538583113 0.065695004383865399 0.037221973937434538 -0.013561404158762991 -0.082499417846701367 0.012577060486532577 0.055401147811003498 -0.035038305563612107 -0.067698100841895301 0.010788373774009475 0.08181308852536795 0.071265200371176105 0.096748432576207063 -0.16171238246274569 0.014196702881288995 -0.14790677715038164 -0.020920707861573466 0.14714950988142675 0.060121633986431083 -0.0043657067040026127 -0.11852337508629339 0.091106151248639813 -0.12530574925075671 -0.030593203272428211
leaf_weight=16187.320735854155 3617.2250686667394 205.98973869776819 19476.082619906723 1173.4992606295273 10.948578811832702 6846.0165169721004 159.93296542699682 68.24116381094791 113.85519120981917 285.05123787769116 42.120600545313209 1853.2550787937362 14.267136968672274 177.24685690109618 21.289993562735617 775.60549670131877 54.911798197776079 120.61999715398997 8.3124325554817933 7.1413752343505612 29.818928609602153 16.289138653315604 38.426424791105092 26.650600636377931 6.9114562068134537 186.71507884282619 40.456007657106966 13.129292023833839 35.17196776624769 127.01232688594609
leaf_count=109232 15245 1058 104260 4866 151 25427 1448 227 558 1466 233 7427 56 818 83 2836 168 381 25 44 107 91 148 42 18 771 234 43 177 499
internal_value=6.39582e-12 -0.000451301 -0.000539063 0.000596175 0.00492307 0.00511453 -0.00160815 0.00720997 -0.0121992 0.000933101 0.0126939 0.0107999 -0.047608 -0.00217162 0.00709825 -0.00444766 0.00904668 0.00848337 0.0379244 0.00616823 0.0162011 -0.0652421 0.037315 0.0769433 -0.0324262 -0.0223833 -0.0673135 -0.00712196 -0.0948526 0.00496534
internal_weight=51739.5 48122.3 47916.3 28263 9538.93 9527.98 18724 2536.72 558.839 398.906 1977.88 1909.64 56.3877 19653.3 8354.48 1206.29 7148.19 7093.28 247.259 126.639 119.498 24.6016 94.896 56.4695 303.674 261.59 74.8753 34.4193 42.0834 902.618
internal_count=278139 262894 261836 156758 36111 35960 120647 11415 3472 2024 7943 7716 289 105078 31094 4661 26433 26265 838 457 413 116 297 149 1326 1131 360 126 195 3335
is_linear=0
shrinkage=0.1


Tree=49
num_leaves=31
num_cat=0
split_feature=3 4 4 5 0 1 4 6 5 5 2 2 2 0 2 4 3 5 1 2 3 5 5 6 0 0 4 6 2 0
split_gain=12.5925 8.37106 17.4833 14.779 17.0738 25.8812 14.5904 14.2677 19.1167 16.9318 16.5921 24.9232 22.2694 17.0252 16.273 16.1229 15.6218 13.6899 17.8301 13.4348 13.1076 14.9215 23.5953 12.3299 13.3626 11.5846 11.5539 17.2852 16.6675 13.6103
threshold=0.46524967253208166 0.15520858019590381 0.17293093353509906 0.0015777019434608521 0.50709870457649242 0.59570071101188671 0.1821783855557442 181.50000000000003 0.0050773138646036395 0.0047913757152855405 0.61280888319015514 0.51904895901680004 0.54113742709159862 0.68979761004447948 0.47368499636650091 0.040195263922214515 0.48079966008663183 0.00044953924953006213 0.53004002571105968 0.59538573026657116 0.48871925473213201 0.013524946290999653 0.0031554038869217042 60.500000000000007 0.72666561603546154 0.58243149518966686 0.3064409345388413 618.00000000000011 0.75529566407203685 0.60504460334777843
decision_type=2 2 2 2 2 2 2 2 2 2 2 2 2 2 2 2 2 2 2 2 2 2 2 2 2 2 2 2 2 2
left_child=-1 3 17 -2 -5 7 23 9 14 -6 11 -11 -13 -12 -9 -10 19 -3 -19 -14 21 22 -20 -4 -25 -18 27 28 29 -8
right_child=1 2 6 4 5 -7 26 8 15 10 13 12 16 -15 -16 -17 25 18 20 -21 -22 -23 -24 24 -26 -27 -28 -29 -30 -31
leaf_value=-0.00046853824374149813 0.024110006021954049 -0.13166509685358499 0.12890112675837628 0.067425620358141855 0.040281188931848545 0.0086213812314691659 -0.030724575251578824 0.012955604196645876 -0.094830606965322778 -0.096185299087880899 -0.14804255585656084 0.092754489490509906 -0.20146238067527256 0.0091820908724957791 -0.12845713934520317 0.11882682926262528 -0.12519448431244681 0.087679976151042616 -0.024719263605737788 0.026309789258540495 -0.01058517587873402 0.076254878361358275 -0.16415376078414862 0.045938020453844153 -0.082768558560230271 0.016576103027462912 0.014633823391526203 -0.085342307409201235 -0.095689527703560567 0.0034978810925710558
leaf_weight=47262.639872419502 519.95642606262118 12.041916954331098 14.51235303096473 42.737761678639799 47.131979303900152 1489.7899219273822 131.47286017565057 10.405634109862147 5.910990539006888 27.840927366167307 20.099239260889593 24.916092995554209 7.5638352222740632 10.477660152129827 37.332977567799389 8.7751697991043311 6.3825449440628281 13.799265939742325 26.341038420330733 3.9377291984856129 108.92709446139634 6.1552788540720931 22.505276890005916 54.100264314562082 9.480074826627968 59.454995474778116 476.55929492437281 25.44791067764163 18.688338198699057 1001.0732548986562
leaf_count=260199 2079 73 36 134 184 5918 677 45 44 166 157 82 52 42 255 25 29 44 186 11 553 13 206 207 69 271 2160 126 89 4007
internal_value=1.16446e-11 0.00521803 0.000334493 0.00925717 0.00497327 0.00345677 0.00349284 -0.025016 -0.0669397 -0.0124221 -0.0278821 -0.0123029 0.0105356 -0.094167 -0.0976333 0.0328325 -0.0159525 -0.0284802 -0.0214889 -0.123481 -0.0306786 -0.0704723 -0.0889618 0.0457311 0.0267474 0.00283232 0.00149767 -0.00382251 -0.00202052 -0.00047487
internal_weight=51506.5 4243.82 1921.1 2322.71 1802.76 1760.02 1731.33 270.23 62.4248 207.805 160.673 130.096 102.255 30.5769 47.7386 14.6862 77.3391 189.77 177.728 11.5016 163.929 55.0016 48.8463 78.0927 63.5803 65.8375 1653.24 1176.68 1151.23 1132.55
internal_count=278139 17940 8446 9494 7415 7281 7371 1363 369 994 810 611 445 199 300 69 363 1075 1002 63 958 405 392 312 276 300 7059 4899 4773 4684
is_linear=0
shrinkage=0.1


Tree=50
num_leaves=31
num_cat=0
split_feature=3 0 6 4 0 7 1 1 3 0 6 4 6 0 1 4 2 4 0 0 2 0 0 7 2 1 3 0 2 0
split_gain=18.346 10.8482 9.10396 11.2972 17.0786 10.9099 8.70411 17.5807 16.4049 25.8659 19.87 22.334 15.7621 15.8104 14.2078 13.3777 12.6748 17.0274 19.554 15.5206 11.5821 17.1014 13.2963 15.9426 11.4768 16.1349 10.1398 13.5114 15.2707 20.4155
threshold=0.46524967253208166 0.52873709797859203 165.50000000000003 0.23166248202323916 0.51737859845161449 5.5000000000000009 0.68546536564826976 0.67668294906616222 0.51835015416145336 0.71960803866386425 110.50000000000001 0.25619387626647955 517.50000000000011 0.67686253786087047 0.72179567813873302 0.23341979831457141 0.53563812375068676 0.1647259518504143 0.67590615153312694 0.66197097301483165 0.54746299982070934 0.72298556566238414 0.74725541472435009 4.5000000000000009 0.7128196954727174 0.67848736047744762 0.47026678919792181 0.58694523572921764 0.52579426765441906 0.69187262654304515
decision_type=2 2 2 2 2 2 2 2 2 2 2 2 2 2 2 2 2 2 2 2 2 2 2 2 2 2 2 2 2 2
left_child=-1 2 3 -2 -5 -4 7 26 9 -9 -10 20 13 14 -8 -16 -14 18 -18 -19 -12 -22 -23 -24 -11 -26 27 -3 -29 -30
right_child=1 6 5 4 -6 -7 12 8 10 24 11 -13 16 -15 15 -17 17 19 -20 -21 21 22 23 -25 25 -27 -28 28 29 -31
leaf_value=-0.0005609811185933811 0.020069808512475463 -0.10320136212026723 0.077379775300355821 -0.19465171523494953 0.068877175799938128 0.0057098079944087098 0.065899540294652795 -0.14211062113993919 0.055261141737051128 -0.0022428509780688297 -0.19190747482458378 -0.15918687427109493 -0.10144422973985867 0.011020570388026934 -0.018718354037973013 0.076019957039261787 -0.11114600993497148 0.096844303708815485 0.026983581459542993 -0.089242476006026222 0.061417319184780744 -0.15529408605537531 -0.099950698298345464 0.070686812452666628 0.041249163464286809 -0.17567143447365818 0.0029029772656742978 0.12803098988790645 -0.034027428785017265 0.061221389781566493
leaf_weight=47277.634548367438 85.253811036236584 6.8951666085049501 60.148536660708487 6.2408892503008229 4.0584274800494313 32.834001407958567 109.69144462654367 25.855440871790051 40.895137757062912 52.275576891377568 3.2273754267953327 11.589413475245236 16.021350235212594 942.50414256635122 51.307332640164532 21.007854766212404 11.451611632481216 5.1675833500921717 97.552017978392541 33.785659793764353 26.590338896028697 8.4124798737466353 10.109144393354656 11.945061089470981 5.229294952005147 9.960023374296723 2369.4115716225933 17.106200638227165 36.022712932899594 59.958353152032942
leaf_count=260199 364 57 179 72 31 188 326 160 147 205 36 67 99 3844 240 57 59 19 384 175 103 55 38 39 17 62 10380 42 260 235
internal_value=-4.54089e-11 0.00635633 0.0297955 0.00811863 -0.0908086 0.0520717 0.00524711 0.00201545 -0.026053 -0.0570676 -0.000387401 -0.0320506 0.0120077 0.0162312 0.043214 0.00880351 -0.0169561 -0.00780743 0.0124721 -0.064556 -0.0076092 0.00281545 -0.0483304 -0.00752953 -0.0244755 -0.100991 0.00433915 0.0327007 0.0409869 0.0254735
internal_weight=51450.1 4172.51 188.536 95.5531 10.2993 92.9825 3983.97 2695.48 206.089 93.3203 112.769 71.8738 1288.49 1124.51 182.007 72.3152 163.978 147.957 109.004 38.9532 60.2844 57.057 30.4667 22.0542 67.4649 15.1893 2489.39 119.982 113.087 95.9811
internal_count=278139 17940 834 467 103 367 17106 11903 929 444 485 338 5203 4467 623 297 736 637 443 194 271 235 132 77 284 79 10974 594 537 495
is_linear=0
shrinkage=0.1


Tree=51
num_leaves=31
num_cat=0
split_feature=3 0 0 4 5 0 6 5 6 6 3 1 1 3 6 1 4 0 6 4 6 3 6 5 6 4 0 6 4 1
split_gain=18.0818 8.12749 14.192 29.9251 26.8981 29.9745 31.1499 27.2997 24.2636 23.8482 22.5008 37.336 24.8779 21.7771 22.3712 21.6409 20.8338 27.6468 20.2445 20.2045 19.0943 23.4142 28.2522 23.2187 18.9726 18.9226 22.3425 18.3258 17.7251 17.6957
threshold=0.46524967253208166 0.77826911211013805 0.75459027290344249 0.0090293502435088175 0.0010596027132123711 0.7699415683746339 517.50000000000011 0.0018888714257627728 507.50000000000006 472.00000000000006 0.36908756196498876 0.72726780176162731 0.6453806757926942 0.053085200488567359 659.00000000000011 0.71941471099853527 0.060654468834400184 0.76286071538925182 725.50000000000011 0.046306042000651366 342.00000000000006 0.43513323366642004 678.00000000000011 0.004043515771627427 97.500000000000014 0.0014378152554854753 0.75850421190261852 14.500000000000002 0.0060090150218456992 0.69183251261711132
decision_type=2 2 2 2 2 2 2 2 2 2 2 2 2 2 2 2 2 2 2 2 2 2 2 2 2 2 2 2 2 2
left_child=1 2 -1 4 15 6 7 9 -9 -6 13 12 -12 14 29 27 17 19 -16 -14 23 22 -22 -19 -25 -8 -27 -4 -17 -5
right_child=-2 -3 3 10 5 -7 25 8 -10 -11 11 -13 16 -15 18 28 -18 20 -20 -21 21 -23 -24 24 -26 26 -28 -29 -30 -31
leaf_value=-0.00034093412195010983 0.0063491433376752894 0.0035738063262893238 -0.11905335253190266 -0.011367145157881953 0.074007761412256665 0.034954414057019677 -0.1583111075727463 -0.016814709785280386 0.13106624243622131 -0.19154354971532384 0.10134887272964649 0.050926230136570994 0.042296834835374539 -0.016710135609612525 -0.16181025163576002 -0.1698161703869486 0.0024897478973657499 -0.17719458896898169 -0.0004372495207251529 -0.099618504051277326 0.039776784448830912 -0.20210892584524986 -0.19930841774047925 -0.20573396838343841 0.017183726476286951 -0.13220672916386253 0.014837615089842241 0.068286739139800781 0.048302845274875689 0.037974602173727563
leaf_weight=38339.286034054036 4125.4664448546246 4332.5847477291827 5.4341055862605563 119.74512918526307 60.119068660773337 199.67898503004108 19.506578768370673 343.07967031246517 11.465904235956257 3.5834644010756156 20.898040475323796 146.89069614652544 46.973926914855838 2719.5644274970982 13.610354430857116 7.8069469581823778 387.23699819575995 28.234188569243997 18.129052029922605 12.756339440122245 31.868460778146982 6.5516714323312035 5.8497375892475239 5.0613827221095589 15.542101325467227 16.488219690741971 27.680775299668312 133.50666333653498 7.1266303532756865 184.94123955816031
leaf_count=214114 17940 21308 52 811 362 1269 264 2609 41 54 49 464 155 14188 103 83 1444 219 95 56 133 58 48 38 49 187 175 721 35 1015
internal_value=-3.80793e-11 -0.000554104 -0.000970618 -0.00621956 0.0109011 0.00237574 -0.0111228 -0.00120288 -0.0120323 0.0590697 -0.0100199 0.00604521 -0.00570688 -0.0137411 0.0102599 0.0486649 -0.00984937 -0.0411123 -0.0696365 0.0119886 -0.0751776 -0.0276131 0.00269692 -0.118293 -0.0375775 -0.0762811 -0.0400538 0.0609597 -0.065725 0.0185827
internal_weight=51396.7 47271.2 42938.6 4599.33 835.477 681.603 481.924 418.248 354.546 63.7025 3763.85 707.864 560.973 3055.99 336.426 153.874 540.075 152.838 31.7394 59.7303 93.1075 44.2699 37.7182 48.8377 20.6035 63.6756 44.169 138.941 14.9336 304.686
internal_count=278139 260199 238891 24777 5852 4961 3692 3066 2650 416 18925 2713 2249 16212 2024 891 2200 756 198 211 545 239 181 306 87 626 362 773 118 1826
is_linear=0
shrinkage=0.1


Tree=52
num_leaves=31
num_cat=0
split_feature=3 0 1 2 3 2 2 4 3 6 3 4 1 3 3 0 5 4 6 4 5 0 6 0 7 2 3 2 0 0
split_gain=14.239 8.1191 19.51 23.6996 30.2692 18.8941 18.489 16.3046 17.0463 22.7448 14.2705 18.8523 31.533 24.3871 24.3804 36.7196 22.4909 20.7677 16.4418 26.1467 16.4432 17.7391 17.4014 15.859 18.0988 36.7489 15.6391 15.5678 16.6555 18.2312
threshold=0.46524967253208166 0.74083858728408825 0.64121490716934215 0.70583301782608043 0.26640689373016363 0.60338401794433605 0.62300056219100963 0.10014326870441438 0.22186750173568728 42.500000000000007 0.16919250041246417 0.0099108126014471071 0.58761110901832592 0.077071577310562148 0.0097244987264275568 0.70196849107742321 0.0045889106113463649 0.10014326870441438 74.500000000000014 0.32335007190704351 0.011677697300910951 0.72860985994339 29.500000000000004 0.73879188299179088 3.5000000000000004 0.678877353668213 0.16691542416810992 0.71529930830001842 0.73333942890167247 0.71960803866386425
decision_type=2 2 2 2 2 2 2 2 2 2 2 2 2 2 2 2 2 2 2 2 2 2 2 2 2 2 2 2 2 2
left_child=1 10 3 6 7 -4 -3 8 9 -5 11 12 -1 14 15 -13 -15 26 20 23 22 -22 -19 24 25 -20 -18 -14 29 -29
right_child=-2 2 5 4 -6 -7 -8 -9 -10 -11 -12 13 27 16 -16 -17 17 18 19 -21 21 -23 -24 -25 -26 -27 -28 28 -30 -31
leaf_value=0.0027929581030966379 0.0056391131231163447 -0.084664204357616457 0.024855064583289562 -0.15913447096819422 -0.10812889901001524 0.00038007373306866662 0.048260145918095965 0.088364447534545407 0.06181276583857185 0.016525527978877394 0.00017225175311224808 0.0043749860721360714 -0.020190750650484202 -0.011513243067147174 0.0077491367128669289 -0.039351545606372045 0.012949813546630093 -0.19194216864171418 0.028343949963391527 0.084373910521246612 -0.0041598715674056215 -0.11437906505194068 -0.051472237028767125 0.10619699263100357 -0.041192055437480085 -0.1908548345815565 -0.13650676086742761 0.070323199176134776 0.091024041015373439 -0.13821272087911626
leaf_weight=1053.9575551213347 4118.2981780435657 10.964095382019876 323.82838010578416 13.256690321955832 26.234326105099171 12138.673745867971 229.49185349256732 22.315253454726189 17.966744558885694 16.603071772493422 22668.759642446414 531.22458178846864 1841.7563973194337 3173.7882780141663 3254.0980525594205 300.78684184557642 979.05826325435191 10.208705319557337 114.56758256233297 35.220909664873034 155.91149060148746 16.111049718689173 64.78116121282801 11.676663090474902 117.52382806083187 8.1954648112878186 7.0517878588289014 8.1614534407854098 25.970259779831395 8.6203699754551035
leaf_count=11195 17940 83 1704 131 147 62498 976 90 40 82 103252 5044 24680 19493 15349 6811 4684 121 511 116 879 116 508 46 1150 73 52 66 141 161
internal_value=-4.10499e-12 -0.000492162 0.00165789 0.0254061 -0.0164923 0.00101604 0.0421992 0.0177815 -0.0151516 -0.0614614 -0.00129243 -0.00412574 -0.011059 -0.00180541 0.00384329 -0.0114329 -0.00672248 0.00327869 -0.012601 0.00366962 -0.0315177 -0.0144826 -0.070595 -0.00761169 -0.0131422 0.0137106 0.011881 -0.018806 0.0408498 -0.0367961
internal_weight=51305.1 47186.8 12799.3 336.832 96.3761 12462.5 240.456 70.1418 47.8265 29.8598 34387.4 11718.7 2938.47 8780.2 4086.11 832.011 4694.1 1520.31 534.197 287.184 247.012 172.023 74.9899 251.964 240.287 122.763 986.11 1884.51 42.7521 16.7818
internal_count=278139 260199 65751 1549 490 64202 1059 343 253 213 194448 91196 36243 54953 27204 11855 27749 8256 3520 1896 1624 995 629 1780 1734 584 4736 25048 368 227
is_linear=0
shrinkage=0.1


Tree=53
num_leaves=31
num_cat=0
split_feature=3 2 2 0 5 1 7 4 6 3 0 0 0 6 3 1 6 0 5 5 6 2 2 5 2 2 5 5 4 1
split_gain=10.2869 7.83831 12.2687 18.7023 21.9311 13.8593 25.9205 18.8335 14.1768 11.3871 10.345 9.60826 9.70079 9.69097 16.1554 13.1505 12.5526 11.5774 23.1787 16.5119 15.635 12.0151 12.5529 12.2575 9.78318 12.4123 9.62544 16.0513 12.3335 12.208
threshold=0.46524967253208166 0.579412341117859 0.58874619007110607 0.67763447761535656 0.0096211703494191187 0.6252410113811494 5.5000000000000009 0.23166248202323916 190.00000000000003 0.60456436872482311 0.66598623991012584 0.76471400260925304 0.76891562342643749 517.50000000000011 0.65766754746437084 0.62278795242309581 340.50000000000006 0.69853666424751293 0.00347765616606921 0.004644861677661539 505.50000000000006 0.66764053702354442 0.62953767180442821 0.0028375503607094292 0.59538573026657116 0.59630233049392711 0.0080227311700582522 0.0073362449184060105 0.0020746977534145121 0.74289667606353771
decision_type=2 2 2 2 2 2 2 2 2 2 2 2 2 2 2 2 2 2 2 2 2 2 2 2 2 2 2 2 2 2
left_child=-1 -2 3 4 5 6 7 -3 -7 -6 -10 13 -13 16 15 -15 -4 -18 20 -20 21 22 -19 -24 -17 -26 27 28 29 -14
right_child=1 2 11 -5 9 8 -8 -9 10 -11 -12 12 26 14 -16 24 17 18 19 -21 -22 -23 23 -25 25 -27 -28 -29 -30 -31
leaf_value=-0.00042036339641251359 0.011522069543195491 0.056146438013172623 -0.00017521933848632643 -0.085085657717332869 -0.2025233898709074 0.12962236127458568 -0.17322318095999753 -0.14604914611786962 0.043427955620530027 -0.0080461467394753929 -0.10106108906826226 0.048042955288088933 -0.10246803241045231 0.07858538823653452 0.094880322269227602 -0.20201845839125498 0.056752156925601538 0.031717849606953043 -0.14183360641947348 0.02162979715484788 0.13029241352602366 0.062291253022936137 -0.15213087671320091 0.043629182545757261 0.13383541787154543 -0.049554515650777189 0.042166329243138581 -0.14960570837787365 0.011156960863276 0.054260933848151477
leaf_weight=46920.119615706033 1218.8784291356569 24.016653520055119 1945.7730653840117 39.72898423159495 7.6845964044332487 15.704760076478122 9.3913209498859924 5.6999896382912985 22.429131565615538 4.9501896910369396 6.3604014394804826 78.516121267341077 18.769371296977628 8.8470304552465659 9.9383552893996221 3.9908642321825019 77.180833209306002 16.112930381670598 15.448949748650195 10.299189666286109 13.698912246152757 25.546895826235414 10.871600408107041 4.5319121405482283 3.8439343832433215 92.539154998026788 76.410762609913945 6.752939202822744 332.51838255510665 6.7597916387021533
leaf_count=260199 5443 86 8404 224 58 42 103 38 69 29 36 272 157 26 34 33 257 56 73 46 33 79 56 22 6 427 298 66 1442 25
internal_value=6.09344e-12 0.00479518 0.00196229 -0.0273626 -0.00353309 0.015025 -0.028404 0.017363 0.0531967 -0.126329 0.0115063 0.00340779 0.0156568 0.000564018 -0.0271847 -0.0382917 0.00212409 0.027882 0.00479416 -0.0764487 0.0343559 0.0113248 -0.029988 -0.0945357 -0.0485934 -0.0422406 0.00989347 0.00313363 0.00601436 -0.0609682
internal_weight=51033.3 4113.2 2894.32 135.966 96.237 83.6023 39.108 29.7166 44.4943 12.6348 28.7895 2758.35 519.727 2238.62 119.159 109.221 2119.46 173.691 96.5104 25.7481 70.7623 57.0633 31.5164 15.4035 100.374 96.3831 441.211 364.8 358.048 25.5292
internal_count=278139 17940 12497 685 461 374 227 124 147 87 105 11812 2260 9552 526 492 9026 622 365 119 246 213 134 78 466 433 1988 1690 1624 182
is_linear=0
shrinkage=0.1


Tree=54
num_leaves=31
num_cat=0
split_feature=3 7 6 7 1 3 4 3 2 5 6 2 5 3 7 1 5 0 0 0 3 4 6 0 6 4 4 0 5 6
split_gain=9.926 7.00633 17.3051 21.3313 8.32704 7.34747 27.0052 23.6252 26.7622 22.2557 26.4382 19.8194 19.2675 23.1424 18.6042 18.5829 25.0225 28.356 21.1408 32.7712 20.4876 20.6345 17.6097 21.4045 30.8708 19.1485 20.6417 16.9476 17.5893 27.4844
threshold=0.46524967253208166 49.500000000000007 193.00000000000003 51.500000000000007 0.59231412410736095 0.12426407262682916 0.19161321222782138 0.039753913879394538 0.74467524886131298 0.0028725317679345612 14.500000000000002 0.75529566407203685 0.0052648903802037248 0.019854410551488403 29.500000000000004 0.63630086183547985 0.0018253728630952539 0.64033114910125744 0.64993223547935497 0.59763985872268688 0.027330267243087295 0.0050062655936926612 391.00000000000006 0.72922635078430187 127.50000000000001 0.10934337228536607 0.095336891710758223 0.69716411828994762 0.0036082990700379018 280.50000000000006
decision_type=2 2 2 2 2 2 2 2 2 2 2 2 2 2 2 2 2 2 2 2 2 2 2 2 2 2 2 2 2 2
left_child=1 5 4 -4 -3 6 7 8 12 11 -11 14 15 -14 22 16 17 20 19 -18 21 -1 23 25 -25 26 -9 -20 29 -29
right_child=-2 2 3 -5 -6 -7 -8 9 -10 10 -12 -13 13 -15 -16 -17 18 -19 27 -21 -22 -23 -24 24 -26 -27 -28 28 -30 -31
leaf_value=-0.01116224872818355 0.0047218999553294968 -0.17930220080942916 0.095161300744046828 -0.14930289570437502 0.12895628931346909 0.00019762421301419377 0.0038340371497202295 -0.037357178660522045 0.06898982459027217 0.046690915638037261 -0.0085702691226333446 -0.16087324898787211 -0.0047011924497863409 -0.045074240630880821 -0.17108490007001909 -0.004980307635811719 -0.022041234160537479 0.023819440193107652 -0.016301713673641367 0.068430075365654902 0.040809726776523531 -0.084963154638605251 -0.0057882292883442606 0.041487596547082145 -0.031525455811763879 -0.090854508277725149 0.10344935892833858 -0.16027710138894014 0.085494807340734599 0.031185732952683332
leaf_weight=76.500581812113523 4094.5036786368582 0.92486092541367426 6.6949391867965442 7.6454028973821551 16.69512230088003 37129.426255235448 3706.8209442883672 455.46286236867309 55.093273102655075 90.51349707506597 1989.492166082724 10.323730767937375 555.04803207321675 190.78042648499832 8.2895877521950734 1035.3474925047485 50.135663834051229 175.38159075943986 126.92608782334719 198.7872231209185 31.597082097898237 75.054471567738801 484.89522809744813 88.668939736671746 166.9301756748464 68.243986882735044 10.654733792995101 8.8432007255032641 44.685784670291469 49.27021907933522
leaf_count=1035 17940 69 83 353 188 176196 23890 5719 319 624 19074 132 6287 1793 489 9634 703 1352 1161 1263 223 555 4947 592 2082 779 60 129 250 218
internal_value=-1.37572e-11 -0.000412102 0.0463928 -0.0351722 0.112776 -0.000444009 -0.00288651 -0.00700626 1.5134e-05 -0.0125707 -0.00616552 -0.0228706 -0.00143617 -0.0150285 -0.0217603 0.00397764 0.015056 -0.00491955 0.0300188 0.0502082 -0.0324392 -0.0477106 -0.0207894 -0.0299974 -0.00619677 -0.0413818 -0.0341386 0.00814214 0.0383229 0.00205056
internal_weight=51009.6 46915.1 31.9603 14.3403 17.62 46883.2 9753.75 6046.93 2673.45 3373.47 2080.01 1293.47 2618.36 745.828 1283.15 1872.53 837.182 358.534 478.648 248.923 183.152 151.555 1274.86 789.961 255.599 534.362 466.118 229.725 102.799 58.1134
internal_count=278139 260199 693 436 257 259506 83310 59420 24922 34498 19698 14800 24603 8080 14668 16523 6889 3165 3724 1966 1813 1590 14179 9232 2674 6558 5779 1758 597 347
is_linear=0
shrinkage=0.1


Tree=55
num_leaves=31
num_cat=0
split_feature=7 2 2 2 1 4 2 1 3 6 1 7 5 1 6 1 1 1 0 0 0 2 0 0 3 3 6 3 2 2
split_gain=8.60564 9.63586 9.03286 7.84531 13.9625 11.3115 29.3651 29.6588 20.1692 24.087 22.1887 20.369 26.0564 27.1196 20.0929 22.3735 16.8972 17.0005 16.1195 18.3788 16.0108 15.7476 15.7396 15.3127 18.5906 15.7736 18.9922 15.323 14.3652 14.1622
threshold=49.500000000000007 0.71029222011566173 0.56675302982330333 0.55500888824462902 0.49394011497497564 0.0014378152554854753 0.64234101772308361 0.57378739118576061 0.10793410614132883 44.500000000000007 0.66219082474708568 3.5000000000000004 0.0050773138646036395 0.58421465754508983 27.500000000000004 0.747124344110489 0.73295205831527721 0.71125888824462902 0.66298317909240734 0.71060019731521618 0.67763447761535656 0.72529962658882152 0.56685751676559459 0.68846336007118236 0.41044248640537268 0.49749770760536199 71.500000000000014 0.40339741110801702 0.6499408781528474 0.66764053702354442
decision_type=2 2 2 2 2 2 2 2 2 2 2 2 2 2 2 2 2 2 2 2 2 2 2 2 2 2 2 2 2 2
left_child=3 2 -2 -1 -5 6 14 -8 9 -9 21 20 23 -14 -6 16 17 22 -19 -20 28 -11 -16 -13 27 26 -26 -25 -10 -22
right_child=1 -3 -4 4 5 -7 7 8 11 10 -12 12 13 -15 15 -17 -18 18 19 -21 29 -23 -24 24 25 -27 -28 -29 -30 -31
leaf_value=0.0026809870109358817 -0.13437571880340241 -0.17921735269371042 0.071376285492456656 -0.072464568067801091 -4.7177820335188117e-05 -3.3156640473251344e-06 0.059289914957265114 0.0084981089493121279 0.028555916648112824 -0.08933146186847192 -0.018101130850637359 -0.087759744006439447 -0.19691186213991313 0.013151064919354742 0.05801657395363663 0.082769509317965437 -0.17486984039960579 -0.19860133773754002 0.12060861090270283 -0.0078481146315286989 0.03848062210025914 0.11623629143802949 -0.026437935021244738 -0.012398892838131873 0.013988536452753345 -0.023519234139600092 -0.19079757997569027 0.14377448606888629 -0.10542019579792423 0.0098767025474085137
leaf_weight=8790.188977155427 2.2757742431713259 1.7883157934993494 34.182807835633866 27.021342165768147 634.77229659678414 37671.782414582325 87.090398503001779 181.07597080362029 13.273525673896073 83.274060623894911 170.34551758773159 32.906601212685928 6.2227769293822339 497.45302900578827 22.484157599275932 20.145953422528692 7.3268950865603975 2.7596061991062006 20.376918277004734 24.564970071194693 246.12535891239531 3.9010949144139877 1189.9192132028402 396.50088482856518 6.2054415298625853 27.852625659201294 16.760357607388869 6.3836174733005455 20.155432698316872 583.34543372644112
leaf_count=50127 171 69 500 207 4021 188934 353 1927 68 2216 3823 369 69 2856 109 107 74 23 78 189 964 40 14343 3370 32 153 249 27 146 2525
internal_value=-1.78861e-11 0.0474165 0.0585331 -3.57064e-05 -0.000604283 -0.000558021 -0.00541635 0.00201128 -0.000165375 -0.0194488 -0.0390997 0.00439847 -0.00538799 0.0105558 -0.0146079 -0.0217863 -0.0234482 -0.0225678 0.0359901 0.0503949 0.0156297 -0.0801323 -0.0248717 -0.021891 -0.0171136 -0.074109 -0.135464 -0.00992436 -0.0522227 0.0183642
internal_weight=50828.5 38.2469 36.4586 50790.2 42000 41973 4301.22 2378.87 2291.78 438.597 257.521 1853.19 990.285 503.676 1922.35 1287.58 1267.43 1260.1 47.7015 44.9419 862.9 87.1752 1212.4 486.61 453.703 50.8184 22.9658 402.885 33.429 829.471
internal_count=278139 740 671 277399 227272 227065 38131 19187 18834 8006 6079 10828 7125 2925 18944 14923 14816 14742 290 267 3703 2256 14452 4200 3831 434 281 3397 214 3489
is_linear=0
shrinkage=0.1


Tree=56
num_leaves=31
num_cat=0
split_feature=4 4 6 1 2 5 7 1 1 0 7 4 7 3 5 2 5 6 7 3 0 3 6 2 1 3 1 1 2 6
split_gain=8.13855 14.9821 18.1583 17.2713 20.4757 20.7381 19.4056 17.0749 22.0913 17.007 15.1975 14.3394 15.2783 15.8432 23.3257 28.4544 20.2302 15.8219 24.3722 24.5724 23.8291 19.2396 24.1467 18.9009 19.8351 18.5728 18.1479 18.0177 19.6939 22.7197
threshold=0.12206346169114114 0.14084921777248385 759.50000000000011 0.66092970967292797 0.56549721956253063 0.013165116310119631 19.500000000000004 0.58042800426483165 0.52591815590858471 0.74017268419265758 2.5000000000000004 0.041110714897513397 50.500000000000007 0.097028259187936797 0.003175443504005671 0.63807821273803722 0.0057397044729441413 52.500000000000007 10.500000000000002 0.2623975276947022 0.74083858728408825 0.29179605841636663 43.500000000000007 0.54276537895202648 0.65682831406593334 0.28854563832283026 0.58667081594467174 0.58667081594467174 0.57610240578651439 19.500000000000004
decision_type=2 2 2 2 2 2 2 2 2 2 2 2 2 2 2 2 2 2 2 2 2 2 2 2 2 2 2 2 2 2
left_child=11 2 3 4 5 -2 7 8 -6 10 -5 -1 13 14 15 -13 -16 18 19 -15 27 22 23 -21 25 -25 -19 28 -20 -30
right_child=1 -3 -4 9 6 -7 -8 -9 -10 -11 -12 12 -14 17 16 -17 -18 26 20 21 -22 -23 -24 24 -26 -27 -28 -29 29 -31
leaf_value=-0.00040680903260572682 -0.0060344372227801989 -0.00079805134927592039 -0.069690745664159462 -0.013430839832164854 0.12837206255957578 0.1056145495945688 -0.15236640678800614 -0.023792335243433309 -0.12403146720128458 -0.014003313725846442 0.031461748085492035 -0.10712912119625573 0.120371838222504 0.016862358401600195 0.039442622966853802 -0.0048667935675924916 -0.019709446846448722 -0.0078087073680301183 -0.11322394634342921 -0.14580163477945549 0.023953689409001933 -0.0057920256992257564 -0.15559291312250045 0.041361901018317972 -0.12976309419221915 -0.082794066023534674 0.0081717509760489051 -0.11697748746330228 -0.19383073010563928 0.069980658654079805
leaf_weight=21151.579253242555 259.65825507580303 18812.60213900471 51.44913270464167 109.52181632770225 3.8955860622227183 17.77525169798173 13.346309423213823 386.14480071997968 31.563082272186875 335.13462586514652 242.10556730383541 53.389613464940339 11.32676538475789 428.50177436089143 87.019993242342025 55.488032078137621 172.28981108334847 790.17209599702619 15.989061501808463 12.363794509787111 33.130402142647654 428.46202229289338 18.949254975654185 47.500286743044853 12.108922561630605 16.143718644976616 7060.1007247783127 47.981674170587212 3.8646721844561425 21.020901874173433
leaf_count=133553 1614 98776 352 510 14 70 379 2575 262 2067 1402 589 74 1476 604 482 1324 3340 207 55 208 1588 76 125 69 65 25548 549 61 125
internal_value=-2.626e-11 -0.00155311 -0.0113454 -0.00919991 -0.0201087 0.00111895 -0.0336488 -0.0298907 -0.0963017 0.00211587 0.017479 0.00103294 0.0043019 0.0041606 -0.0161686 -0.0550125 0.000140989 0.00499819 -0.00631473 -0.000985796 -0.0484279 -0.015267 -0.0531843 -0.0311616 -0.0124509 0.00986893 0.00656323 -0.0754156 -0.0266273 0.0290114
internal_weight=50730.6 20263.2 1450.59 1399.15 712.383 277.434 434.95 421.603 35.4587 686.762 351.627 30467.4 9315.8 9304.48 368.187 108.878 259.31 8936.29 1086.02 964.03 121.987 535.528 107.066 88.1167 75.7529 63.644 7850.27 88.8563 40.8746 24.8856
internal_count=278139 108021 9245 8893 4914 1684 3230 2851 276 3979 1912 170118 36565 36491 2999 1071 1928 33492 4604 3454 1150 1978 390 314 259 190 28888 942 393 186
is_linear=0
shrinkage=0.1


Tree=57
num_leaves=31
num_cat=0
split_feature=7 4 1 4 1 7 0 3 0 5 0 5 5 5 5 4 2 4 5 6 3 3 1 0 1 4 5 5 7 5
split_gain=7.46826 14.5129 18.7464 26.0861 19.853 19.0376 37.4711 24.2539 19.5631 17.6109 19.9824 22.9273 16.7568 17.3799 15.9718 15.6884 15.4953 15.4669 16.8344 16.4161 14.6043 14.1733 14.545 31.6906 16.9517 13.922 17.23 29.9555 21.1435 17.0622
threshold=5.5000000000000009 0.032584005966782577 0.66937503218650829 0.027140552178025249 0.6441062092781068 7.5000000000000009 0.59578183293342601 0.24964985996484759 0.64507806301116954 0.012790450360625984 0.74868804216384899 0.0038966099964454774 0.019267894327640537 0.00052260287338867794 0.010843047872185709 0.022241248749196533 0.63740792870521557 0.020176141522824768 0.0034503154456615452 52.500000000000007 0.12231316044926645 0.39864389598369604 0.67848736047744762 0.62922787666320812 0.78642088174819957 0.14496376365423205 0.008408411871641876 0.0075219403952360162 13.500000000000002 0.041841737926006324
decision_type=2 2 2 2 2 2 2 2 2 2 2 2 2 2 2 2 2 2 2 2 2 2 2 2 2 2 2 2 2 2
left_child=-1 2 4 21 -2 6 -6 8 -8 10 14 15 13 -10 -7 17 -11 18 19 -12 -13 22 23 -4 -24 26 27 -3 -28 -27
right_child=1 25 3 -5 5 9 7 -9 12 16 11 20 -14 -15 -16 -17 -18 -19 -20 -21 -22 -23 24 -25 -26 29 28 -29 -30 -31
leaf_value=-0.0008846551387850732 -0.0023142583115548171 0.0069858641067857986 -0.13094832105903922 -0.023925779036138056 0.11642075948160112 -0.025571099086334693 -0.15619274550545464 -0.047191764127022348 -0.11622591211069455 -0.11284886956807719 0.04004181018548645 -0.040726063247137644 -0.19423117444098392 0.027330499278647072 -0.19106321594624809 -0.20059313683012131 0.044190169539310403 0.15060782146553037 0.11296315423057529 -0.14385317052857843 -0.197894268542882 0.02841117102574179 -0.0018409835369554502 0.029138205148515717 0.042148244777917711 0.0010943857823690157 0.032202302561992135 -0.047183645819145331 -0.011812625923174903 -0.10830681616801544
leaf_weight=33042.308221172047 3024.3563692303142 3876.1835242582019 12.82729801116511 279.83181224716827 25.72221967112273 507.41219652071595 6.7573055007960638 109.20333835668862 8.8336996617726964 7.1966436074580988 7.4579312657006147 8.294675543438645 3.6917882715351871 186.09012219263241 5.8995599629124618 4.9048007363453499 49.506294080405496 5.1296263225376597 5.7609451916068783 13.905227045295758 20.583792268764228 307.35989843145944 1404.0413300047221 343.68550053867511 93.433051749889273 6403.6263853889541 522.17491577193141 104.84757481818087 137.97636228869669 14.287596548441796
leaf_count=143986 31387 22477 142 1758 67 5957 75 553 88 93 44 179 35 1378 118 64 337 11 34 261 263 1564 12351 2814 588 46572 2489 771 1542 141
internal_value=-3.88222e-11 0.00167025 -0.00210285 0.00480307 -0.00631675 -0.0187149 0.000375643 -0.00911311 0.0111345 -0.0289287 -0.0341344 -0.085913 0.0168273 0.0208247 -0.0274731 -0.0339684 0.024259 -0.00862987 -0.0387444 -0.079655 -0.152751 0.00852262 0.00522543 0.0233783 0.00090367 0.00386807 0.00804036 0.00555921 0.0230029 0.000850836
internal_weight=50543.3 17501 6441.89 2441.18 4000.71 976.35 340.298 314.576 205.373 636.052 579.349 66.037 198.616 194.924 513.312 37.1585 56.7029 32.2537 27.1241 21.3632 28.8785 2161.35 1853.99 356.513 1497.47 11059.1 4641.18 3981.03 660.151 6417.91
internal_count=278139 134153 60161 19217 40944 9557 2196 2129 1576 7361 6931 856 1501 1466 6075 414 430 350 339 305 442 17459 15895 2956 12939 73992 27279 23248 4031 46713
is_linear=0
shrinkage=0.1


Tree=58
num_leaves=31
num_cat=0
split_feature=3 4 6 0 2 3 0 6 5 1 3 5 6 3 3 1 3 5 7 5 1 1 0 1 1 2 2 0 5 6
split_gain=7.00851 20.1428 18.4981 22.1477 20.954 18.713 18.8377 34.2773 19.7219 19.7045 18.2552 15.0587 14.1767 22.1871 18.6432 21.2146 19.9235 19.1322 16.7064 16.3227 20.054 17.6899 15.5888 18.8751 20.8152 16.7691 39.138 15.8019 15.0107 14.4812
threshold=0.21079427748918536 0.014646063558757307 371.50000000000006 0.71510067582130443 0.50032636523246776 0.41044248640537268 0.79074376821517955 205.50000000000003 0.0007760963635519148 0.73295205831527721 0.47736579179763799 0.0012828742037527265 362.50000000000006 0.2336142957210541 0.24665883183479312 0.8214436173439027 0.25307349860668188 0.003175443504005671 20.500000000000004 0.00347765616606921 0.71027877926826488 0.69995462894439708 0.68505266308784496 0.69659915566444408 0.67438650131225597 0.63807821273803722 0.64234101772308361 0.68224188685417186 0.0022246969165280466 15.500000000000002
decision_type=2 2 2 2 2 2 2 2 2 2 2 2 2 2 2 2 2 2 2 2 2 2 2 2 2 2 2 2 2 2
left_child=-1 2 3 -2 11 6 -5 9 -9 -8 -7 -4 29 18 17 16 -16 -15 22 -19 21 -21 23 24 27 28 -27 -14 -24 -3
right_child=1 12 4 5 -6 10 7 8 -10 -11 -12 -13 13 14 15 -17 -18 19 -20 20 -22 -23 25 -25 -26 26 -28 -29 -30 -31
leaf_value=-0.0014046631014655994 -0.0037715691057131312 -0.014645224724708817 0.0089744002425921603 0.0090156160355631797 0.010398252254715107 0.050319403371027929 0.02095787755253465 0.11683843365496882 -0.16326571270925599 -0.14168847124836539 0.0051883848958460405 0.062298988834775228 -0.0084950589954075617 -0.017117894186041694 0.028138868538344894 -0.068180155133922254 -0.0047951234603038021 -0.19264079135090112 -0.14177425945244668 -0.04622030188106032 -0.15796580015867279 0.14461956245482374 0.018558848466867697 -0.12254990828321602 0.094474487544826818 -0.16254554353746012 0.020495356221371008 -0.19747337705555032 0.092520654358367566 0.0019098958036602347
leaf_weight=20849.847136013384 2412.2486418382032 546.92035017139278 83.792817718989681 1162.4171504538972 1722.6012794088747 211.54997245408595 58.917070548050106 2.8107475936412838 23.783679764834233 8.5265991729684156 155.51167823979631 143.91281697060913 127.26652519777417 300.39238857920282 189.2283277681563 51.641620948910713 6271.5657185467426 10.337584777735172 6.8243775547016403 32.903584354557097 13.94403188023716 5.6984261590987435 50.358379264827818 13.862870004493741 19.975699582137167 12.087776841595767 347.64740681601688 4.5840834882110348 60.293845148291439 15579.697964034392
leaf_count=147567 13635 2663 523 4772 8064 841 341 5 247 61 686 469 571 1598 669 475 26878 101 122 136 87 15 194 87 51 54 1304 33 158 65732
internal_value=2.46577e-11 0.000988381 0.00617024 0.00230585 0.0141668 0.0113358 0.00553295 -0.0375167 -0.133662 0.000395233 0.0311989 0.0426762 -0.000323469 -0.00390954 -0.00557064 -0.0043408 -0.00383053 -0.0276179 0.0138556 -0.0777759 -0.0551781 -0.0180485 0.0155253 -0.0108521 -0.000653227 0.0248165 0.0143448 -0.0150653 0.0588603 0.00134844
internal_weight=50481.2 29631.3 5986.07 4035.77 1950.31 1623.52 1256.46 94.0381 26.5944 67.4437 367.062 227.706 23645.2 7518.61 6875.71 6512.44 6460.79 363.276 642.901 62.8836 52.546 38.602 636.077 165.689 151.826 470.387 359.735 131.851 110.652 16126.6
internal_count=278139 130572 29644 20588 9056 6953 5426 654 252 402 1527 992 100928 32533 29959 28022 27547 1937 2574 339 238 151 2452 742 655 1710 1358 604 352 68395
is_linear=0
shrinkage=0.1


Tree=59
num_leaves=31
num_cat=0
split_feature=7 3 5 0 0 1 1 6 2 2 6 5 0 5 6 6 3 4 7 7 7 6 7 0 3 4 3 3 1 4
split_gain=7.21078 11.9281 16.9105 14.5924 14.5525 14.1901 31.6376 24.1992 20.9397 20.1272 16.2158 15.4918 15.185 15.1064 22.2663 20.2295 16.2682 15.8229 17.4879 15.2832 14.9485 14.2591 14.1049 13.6198 14.9809 21.7013 21.6992 21.154 18.4683 17.3362
threshold=5.5000000000000009 0.3337045311927796 0.041841737926006324 0.7305639684200288 0.72922635078430187 0.72859203815460216 0.72179567813873302 170.50000000000003 0.63024437427520763 0.65490806102752697 160.50000000000003 0.0015777019434608521 0.79226398468017589 0.0024673588341102008 590.00000000000011 181.50000000000003 0.12682043015956881 0.13648783415555957 28.500000000000004 15.500000000000002 6.5000000000000009 103.50000000000001 20.500000000000004 0.74799081683158886 0.14165963977575305 0.2121757194399834 0.13515589386224749 0.14775525778532031 0.70433002710342418 0.20249766856431964
decision_type=2 2 2 2 2 2 2 2 2 2 2 2 2 2 2 2 2 2 2 2 2 2 2 2 2 2 2 2 2 2
left_child=-1 2 3 4 -2 6 8 9 11 -7 -11 -5 23 19 15 17 -17 -15 -19 -8 21 -13 -21 -10 25 26 -25 29 -28 -26
right_child=1 -3 -4 5 -6 7 13 -9 12 10 -12 20 -14 14 -16 16 -18 18 -20 22 -22 -23 -24 24 27 -27 28 -29 -30 -31
leaf_value=-0.00087116795915341192 -0.002102402194147532 0.0054720704450140802 -0.076706038991585873 0.070405809921447599 -0.045670176736254071 -0.15049842503817901 -0.10916622418836129 0.020869251587126048 0.007145595126552419 -0.0033880860802718502 -0.15665050152236348 0.15147895353412477 0.02314751056134319 0.063047096880123651 0.10212784595838054 0.012480476804174096 -0.12037726094876332 -0.12600120600070017 0.15601178029952853 0.067647348350646327 0.0024811448352939549 0.032911052899596602 -0.19198861854065011 -0.016128365440526878 -0.19047763348733962 0.04200383096060864 0.10298528294459038 -0.012925401822643729 -0.099867761375757175 0.017851601665183278
leaf_weight=32929.048643836257 7619.498528714641 5549.1674505718693 28.776884051505476 68.866892036283389 77.445979548851028 11.691510521341113 46.128835428738967 895.17991539265495 1033.7763234553859 110.68105473811738 7.3627110238885498 13.497706266120074 277.23621669656131 25.085304235108197 13.283054570434613 12.876947608077897 32.422124275006354 11.100482151377944 2.7420307667925945 10.180406638188286 178.94385645061266 40.806931469589472 2.6336802437435827 276.01902229193365 12.159856945741923 127.85700420895591 27.479381914949045 941.46779058803804 5.3642386114224783 5.9484478915110222
leaf_count=143986 69791 31405 312 428 845 123 396 5002 7905 697 86 32 1876 117 58 138 274 99 10 66 1675 204 86 4073 187 988 175 6990 51 64
internal_value=-2.30131e-11 0.00164246 -0.000140872 4.44707e-05 -0.00254078 0.00479262 0.00148176 0.0150196 0.00376108 -0.0253433 -0.0129475 0.0287315 0.000974562 -0.0423617 -0.0182026 -0.0371794 -0.0826104 0.0156873 -0.0701379 -0.0823283 0.0164271 0.0623817 0.0142843 -0.00155505 -0.00799676 0.00735714 -0.00698524 -0.0149846 0.069854 -0.122043
internal_weight=50394.7 17465.7 11916.5 11887.7 7696.94 4190.79 3165.88 1024.92 3009.42 129.735 118.044 302.115 2707.31 156.453 97.5099 84.2269 45.2991 38.9278 13.8425 58.9429 233.248 54.3046 12.8141 2430.07 1396.3 436.72 308.863 959.576 32.8436 18.1083
internal_count=278139 134153 102748 102436 70636 31800 25892 5908 24648 906 783 2339 22309 1244 696 638 412 226 109 548 1911 236 152 20433 12528 5287 4299 7241 226 251
is_linear=0
shrinkage=0.1


Tree=60
num_leaves=31
num_cat=0
split_feature=5 5 4 5 3 0 2 1 3 5 7 3 6 7 2 1 6 0 3 2 0 2 1 2 3 2 0 6 3 3
split_gain=6.81546 15.2003 15.8641 15.8747 14.9301 20.2328 16.5666 15.9355 24.8514 13.3955 16.2249 18.2919 14.0715 16.3184 12.9321 16.233 16.8794 19.583 13.4667 12.8136 22.7514 13.2438 12.7721 16.5477 17.5712 12.5303 12.3386 15.5972 14.0956 16.204
threshold=0.0068407251965254554 0.0064539269078522929 0.0041753835976123818 0.0065552284941077241 0.32281541824340826 0.80472517013549816 0.6007981300354005 0.5814858376979829 0.091089468449354186 0.0069217460695654162 17.500000000000004 0.2998917847871781 176.50000000000003 8.5000000000000018 0.74467524886131298 0.8214436173439027 277.50000000000006 0.75086402893066417 0.35125707089900976 0.5167556405067445 0.65565073490142833 0.58363381028175365 0.67620128393173229 0.58668899536132824 0.12650953233242038 0.71791988611221325 0.64881306886672985 60.500000000000007 0.10355340689420701 0.0028612830210477118
decision_type=2 2 2 2 2 2 2 2 2 2 2 2 2 2 2 2 2 2 2 2 2 2 2 2 2 2 2 2 2 2
left_child=1 -1 3 -3 5 6 7 8 -4 10 12 -12 13 19 15 -11 17 18 26 -2 -21 -22 23 -5 -25 -20 27 -17 29 -28
right_child=9 2 4 22 -6 -7 -8 -9 -10 14 11 -13 -14 -15 -16 16 -18 -19 25 20 21 -23 -24 24 -26 -27 28 -29 -30 -31
leaf_value=0.00029283337256640215 0.092369330201564959 0.11340286401875099 0.12554721084725051 0.049402306403477189 -0.013318774412520199 -0.15423541780007691 0.008372463285634426 0.070365762173207821 -0.057993770020829977 -0.0022911736267295525 0.10233869212624898 -0.19908080975169812 -0.10735468729429043 -0.13535116794192834 0.017361242461058711 0.1470623704592261 -0.12205312097007084 -0.1208854112615973 -0.15143743452229125 -0.16289790728941311 0.13454261634935402 -0.01883585347148059 0.093942502220508359 0.027853287407237817 -0.1652019925192946 0.10717146050361048 0.19571280285153875 -0.19346128446900646 0.094529507195659973 -0.14967930621077388
leaf_weight=40491.410447635833 10.347014246042816 30.044470075750723 10.263074082322417 24.485287385294214 198.98815488535911 6.5692860609851769 275.57022617198527 104.57055074255913 26.233994736801833 8573.6958153739106 14.369738062378021 2.3413892453536382 27.98609470622614 12.250438547693191 332.77404662501067 1.9229020010679949 21.726740122772753 14.926429812796412 8.0508743540849519 10.513658437877892 6.198853055946528 61.313955833669752 18.708301794249564 8.8427422328386474 10.098664354998617 2.4418525155633679 1.8123432919383038 4.4763543256558478 26.210201791371219 5.4218090607319027
leaf_count=222486 28 188 49 213 842 51 1527 388 184 48436 119 43 216 145 1517 10 356 140 91 89 15 286 132 168 125 7 3 62 107 116
internal_value=-8.09176e-11 0.000547944 0.0150078 0.0537239 0.00927198 0.019894 0.0226395 0.0505097 -0.00638155 -0.00247062 -0.0325891 0.0601069 -0.0446337 -0.0271894 -0.00198395 -0.00272726 -0.0457081 -0.0202919 0.00953748 -0.0121959 -0.0260622 -0.00475304 0.0248671 -0.00489078 -0.0750747 -0.0912543 0.0360808 -0.0911379 0.0604229 -0.0631496
internal_weight=50344.6 41205.8 714.375 92.1795 622.195 423.207 416.638 141.068 36.4971 9138.78 145.321 16.7111 128.61 100.624 8993.46 8660.69 86.9895 65.2628 50.3363 88.3735 78.0265 67.5128 62.135 43.4267 18.9414 10.4927 39.8436 6.39926 33.4444 7.23415
internal_count=278139 226353 3867 826 3041 2199 2148 621 233 51786 941 162 779 563 50845 49328 892 536 396 418 390 301 638 506 293 98 298 72 226 119
is_linear=0
shrinkage=0.1


Tree=61
num_leaves=31
num_cat=0
split_feature=3 6 6 5 2 1 4 6 0 3 3 3 7 7 4 0 1 5 6 1 1 7 1 7 2 3 3 3 0 0
split_gain=6.92413 20.6132 9.88636 13.472 11.4503 9.11365 8.62676 11.0811 8.48921 13.0634 10.7331 13.5875 12.0627 7.54167 6.79778 15.1711 26.3115 29.7031 25.4019 16.4509 34.4237 26.0734 22.6547 21.4522 19.6635 15.9523 16.5771 20.4597 15.8035 19.2702
threshold=1.0000000180025095e-35 101.50000000000001 472.00000000000006 0.0032688643550500278 0.69490191340446483 0.78642088174819957 0.081993069499731078 357.50000000000006 0.82744947075843822 0.01069110492244363 0.15082462131977084 0.14307491481304171 2.5000000000000004 3.5000000000000004 0.35767590999603277 0.60919541120529186 0.56186765432357799 0.0062917822506278762 23.500000000000004 0.68612399697303783 0.69028070569038402 29.500000000000004 0.6756076216697694 2.5000000000000004 0.7166011929512025 0.011773369275033476 0.16316095739603045 0.065320689231157317 0.61505606770515453 0.67168474197387706
decision_type=2 2 2 2 2 2 2 2 2 2 2 2 2 2 2 2 2 2 2 2 2 2 2 2 2 2 2 2 2 2
left_child=1 -1 3 -3 -4 6 7 -5 14 13 11 12 -11 -10 -2 -16 17 18 -17 21 24 22 25 -24 -21 -18 27 28 -27 -30
right_child=8 2 4 5 -6 -7 -8 -9 9 10 -12 -13 -14 -15 15 16 19 -19 -20 20 -22 -23 23 -25 -26 26 -28 -29 29 -31
leaf_value=-0.00050734929338078401 -0.0001628796671791837 -0.0050384501742698918 -0.13478011308424873 -0.029069627365302608 -0.012867650113153235 0.18112587306217148 -0.080146553694583247 0.22113994581156696 0.12282525804888045 -0.14344459340013788 0.025261337643852213 -0.21659865820175137 0.019371407942192616 0.032221532773522826 0.030373226388871629 -0.11771211363139492 -0.099001909680360656 -0.14183152098749216 0.073880116829738537 0.098375568212475409 0.0091654637665830978 -0.19406511371082041 -0.10785831741136936 -0.014671571012230903 -0.067998428765314825 -0.2016723536819176 -0.002861618490671142 0.055577871402286677 0.06723639130288997 -0.014722202939247345
leaf_weight=821.52198995731305 46816.875712461799 123.26071925892029 19.119925820268691 16.664239709032703 12.903222317807375 1.5710252008866508 61.485186937061371 1.9803509332705278 17.639816386625171 5.9051876917947146 84.974105083849281 3.9764441326260558 19.834469630732201 19.17211371473968 219.88976717274636 10.916732326149942 15.167837736196814 26.451985904015601 18.901925173588097 66.438470183406025 726.76012347894721 7.0703765142243347 35.896036238409579 79.230578667949885 7.9542675856500855 3.7506995983421794 826.78074995253701 124.12441810127348 38.473807627335191 112.7859311401844
leaf_count=8053 252463 1779 895 507 161 9 3114 17 37 35 413 19 111 78 1081 67 193 195 77 178 2941 233 168 438 37 15 3781 455 119 470
internal_value=-1.05257e-11 -0.00800243 -0.0339846 -0.0259112 -0.0856574 -0.0574017 -0.0620782 -0.00249341 0.000171856 0.0238069 0.00717081 -0.0445596 -0.0179818 0.0756377 9.89842e-05 0.00538196 0.00276602 -0.0646924 0.00373742 0.00462273 0.0157974 -0.00257808 -0.00148289 -0.0437268 0.0805864 0.00285524 0.00425223 0.025323 0.00109651 0.00612445
internal_weight=50347.5 1058.51 236.985 204.962 32.0231 81.7008 80.1298 18.6446 49289 151.502 114.69 29.7161 25.7397 36.8119 49137.5 2320.59 2100.7 56.2706 29.8187 2044.43 801.153 1243.28 1236.21 115.127 74.3927 1121.08 1105.92 279.135 155.01 151.26
internal_count=278139 14535 6482 5426 1056 3647 3638 524 263604 693 578 165 146 115 262911 10448 9367 339 144 9028 3156 5872 5639 606 215 5033 4840 1059 604 589
is_linear=0
shrinkage=0.1


Tree=62
num_leaves=31
num_cat=0
split_feature=1 7 5 4 1 1 3 1 2 4 1 6 4 3 2 3 0 6 1 5 7 2 2 0 2 6 2 4 3 5
split_gain=6.8029 10.9292 15.5485 23.4893 20.1718 18.3221 33.5593 31.2765 30.5473 22.8277 21.3621 20.1451 20.7195 19.9222 18.9731 18.1328 27.3065 22.2728 18.0605 17.7676 30.4193 19.7586 17.6985 17.6903 19.0631 17.4638 17.8762 18.7182 17.1312 16.9187
threshold=0.65026628971099865 8.5000000000000018 0.0017306029913015666 0.012164220213890077 0.73469409346580516 0.66996109485626232 0.29434564709663397 0.67179128527641307 0.63519275188446056 0.041110714897513397 0.66937503218650829 713.00000000000011 0.0055197840556502351 0.29035779833793646 0.50615519285202037 0.097028259187936797 0.73260682821273815 198.50000000000003 0.66705065965652477 0.0010596027132123711 1.0000000180025095e-35 0.69490191340446483 0.7128196954727174 0.67842015624046337 0.71029222011566173 475.50000000000006 0.66338381171226513 0.26056468486785894 0.01069110492244363 0.011054087895900013
decision_type=2 2 2 2 2 2 2 2 2 2 2 2 2 2 2 2 2 2 2 2 2 2 2 2 2 2 2 2 2 2
left_child=-1 2 3 -2 -5 6 8 23 9 11 29 14 -13 -11 -4 16 17 -10 -16 -6 21 -21 -17 -7 -25 -19 -27 -28 -18 -8
right_child=1 -3 5 4 19 7 10 -9 15 13 -12 12 -14 -15 18 22 28 25 -20 20 -22 -23 -24 24 -26 26 27 -29 -30 -31
leaf_value=-0.0013171860119060796 0.0088734117090359266 0.0050639663424523846 -0.076358500143354546 -0.011056181958004192 -0.011254212504935246 0.019050851322869992 -0.010173577271924163 0.00043235147000300877 -0.03683997332016941 0.041131862800475788 0.051759754236217571 -0.075896735606994031 0.10792295447913539 -0.14112828894253493 0.0019289973383643908 0.0063907842320220622 0.014591116444002876 0.051596929363456091 0.058938878972398648 -0.11228557913289186 0.029522891027243231 0.0074030979781325758 0.042267438620894764 -0.052601790402585183 0.018108846471115353 -0.06809866584198325 0.071500295058018692 -0.18775989687111733 -0.067558303991941446 0.028547863265886122
leaf_weight=22035.947971987887 1036.4875926509267 5419.6187844997621 26.955513574182987 3555.7935398312984 316.75146994413808 59.563042090740055 1385.203566359356 12764.86837957683 80.366766197606921 608.46219671450672 64.473510937765241 7.3992823278531423 35.799760995432734 6.056982507929205 394.08459695917554 1135.105205927277 32.990347743034363 106.13337198842783 64.690540158655494 26.386635921197012 391.22761452104896 28.898308835341595 156.45551518443972 232.40667854243657 45.608334426768124 31.273172752698883 24.610611870768484 3.1401007367530829 110.11581381293945 122.84750949498266
leaf_count=134362 5966 44763 150 15214 1267 263 4897 54082 699 2283 171 72 85 28 2307 4804 297 764 328 107 1281 94 585 1336 186 230 139 67 904 408
internal_value=2.70786e-11 0.00102659 6.91636e-05 -0.00464562 -0.00788992 0.00151215 0.00709845 -0.000362181 0.0136187 0.0262269 -0.00460935 0.0109972 0.0764377 0.0393354 0.00517714 0.00503823 -0.0139001 0.00633692 0.00996779 0.00686064 0.0197111 -0.0497224 0.0107368 -0.0304059 -0.0410017 0.0273471 -0.0162575 0.042164 -0.0486203 -0.00701929
internal_weight=50309.7 28273.8 22854.2 5355.55 4319.06 17498.6 4396.16 13102.4 2823.64 1143.45 1572.52 528.93 43.199 614.519 485.731 1680.19 388.63 245.524 458.775 763.264 446.513 55.2849 1291.56 337.578 278.015 165.157 59.0239 27.7507 143.106 1508.05
internal_count=278139 143777 99014 23929 17963 75085 19218 55867 13742 5253 5476 2942 157 2311 2785 8489 3100 1899 2635 2749 1482 201 5389 1785 1522 1200 436 206 1201 5305
is_linear=0
shrinkage=0.1


Tree=63
num_leaves=31
num_cat=0
split_feature=4 3 6 3 0 5 7 4 3 0 1 1 6 3 0 6 6 1 3 7 4 3 5 5 5 5 0 0 4 4
split_gain=8.35563 25.5399 22.9902 11.9717 10.4291 11.7482 10.0362 9.60034 11.6205 22.7677 17.7113 16.2201 18.261 19.2491 18.7799 16.0847 15.9328 16.0004 14.8861 13.9382 13.7873 13.5028 15.785 16.9706 28.0293 22.4201 17.9615 17.6171 14.5906 13.5555
threshold=0.0030627943342551593 0.10355340689420701 71.500000000000014 0.0065040821209549913 0.75608685612678539 0.0072540426626801499 61.500000000000007 0.098658457398414626 0.045534290373325355 0.59763985872268688 0.49394011497497564 0.63630086183547985 270.50000000000006 0.04267737269401551 0.73879188299179088 422.50000000000006 461.50000000000006 0.63877525925636303 0.12517029792070392 1.5000000000000002 0.028598691336810592 0.13962038606405261 0.014191589783877136 0.0073362449184060105 0.0062917822506278762 0.0085624582134187239 0.79927265644073497 0.72992131114006054 0.018655850552022461 0.050539880990982063
decision_type=2 2 2 2 2 2 2 2 2 2 2 2 2 2 2 2 2 2 2 2 2 2 2 2 2 2 2 2 2 2
left_child=1 2 -1 4 5 -4 -5 8 9 10 -2 -11 13 14 -13 -14 -17 -18 -10 -16 -19 22 23 24 26 -25 27 -20 -27 -23
right_child=7 -3 3 6 -6 -7 -8 -9 18 11 -12 12 15 -15 19 16 17 20 21 -21 -22 29 -24 25 -26 28 -28 -29 -30 -31
leaf_value=-0.0032091494297340436 0.11365859787258466 -0.00018648168424121995 0.0040749813248021583 -0.037278407331121789 0.097397368783171595 -0.10238894406353448 0.22675756587554458 -0.0010410153710163504 -0.0073258076622862564 0.025669862062546879 -0.093332234104067727 -0.054008053778129388 0.036503190746281861 0.069442922110598534 -0.075868013805893739 -0.063792711236757962 -0.1850025537032281 0.015582918955931731 0.0011255418762204528 0.016989537504694199 -0.1126949873529703 -0.00012586087769573455 0.085638044989027634 -0.12107374805303571 0.078182023020335639 -0.093747397925022971 -0.13289207576626158 0.032505035485390986 0.021776645040805898 0.0059311547035984747
leaf_weight=661.72277815826237 4.7441902575083068 4944.7238912783214 80.772970851568971 501.75820131530054 10.105643727583809 11.890767007367684 1.4437530552968372 21282.468691700225 1813.5523354972247 573.57597159314901 32.129341288469732 121.12217502575368 201.17259595263749 23.016767081804574 19.293964608106762 34.650820027571172 4.2158658914268008 254.79962539684493 517.565799851669 99.673111742828041 8.6635777060873789 13433.508549703285 29.480457837693393 20.879787272540852 66.05770315323025 13.80500865774229 8.6524580917321128 273.43506881361827 52.545106053352356 5096.6942736686906
leaf_count=6979 33 33003 1634 13396 129 367 21 114601 15111 2943 453 1136 1133 183 144 268 53 1485 3372 682 96 60429 94 177 251 113 75 1333 230 18215
internal_value=1.49311e-11 -0.00343298 -0.0160962 -0.0301688 0.000933433 -0.00958665 -0.0365209 0.000484864 0.00191525 0.0108185 -0.0667006 0.0129514 0.00343538 -0.0179153 -0.0262901 0.0145922 1.24514e-05 0.00827197 0.00134036 0.00192999 0.0113647 0.00214582 0.0135705 0.011341 0.0155771 -0.0306996 0.0104054 0.0119729 -0.00225964 0.00154011
internal_weight=50198.1 6212.42 1267.69 605.971 102.769 92.6637 503.202 43985.7 22703.2 1377.06 36.8735 1340.18 766.609 263.106 240.089 503.502 302.33 267.679 21326.2 118.967 263.463 19512.6 982.421 952.941 865.711 87.2299 799.653 791.001 66.3501 18530.2
internal_count=278139 55529 22526 15547 2130 2001 13417 222610 108009 8609 486 8123 5180 2145 1962 3035 1902 1634 99400 826 1581 84289 5645 5551 5031 520 4780 4705 343 78644
is_linear=0
shrinkage=0.1


Tree=64
num_leaves=31
num_cat=0
split_feature=1 4 5 7 2 0 5 0 3 5 0 0 5 6 5 5 2 0 1 0 0 1 2 3 5 7 1 4 4 0
split_gain=6.74135 11.9339 14.3827 23.6871 22.2885 21.9677 17.7447 17.2602 30.048 19.8564 16.7508 15.6164 15.6113 16.637 15.751 14.9459 26.0789 14.5511 14.4435 18.2473 14.1442 13.5173 13.4535 13.4422 12.9148 23.4401 12.6959 12.5116 15.8539 15.9713
threshold=0.65026628971099865 0.32335007190704351 0.0023100024554878478 14.500000000000002 0.73412033915519725 0.7033028006553651 0.0023478772491216664 0.71060019731521618 0.11488421633839609 0.0021717884810641412 0.71626019477844249 0.80816009640693676 0.0061581092886626729 39.500000000000007 0.0043115066364407548 0.0028375503607094292 0.56430423259735119 0.80159986019134533 0.71721771359443676 0.72540584206581127 0.80159986019134533 0.6756076216697694 0.70169955492019664 0.30608613789081579 0.00089305653818883013 1.5000000000000002 0.71317318081855785 0.46306042373180395 0.33452381193637853 0.7864569127559663
decision_type=2 2 2 2 2 2 2 2 2 2 2 2 2 2 2 2 2 2 2 2 2 2 2 2 2 2 2 2 2 2
left_child=-1 -2 3 7 -5 15 -7 8 9 -3 -9 12 13 23 20 16 -4 -16 27 -20 -15 -18 -13 -8 25 -21 -23 28 -12 -30
right_child=1 2 5 4 -6 6 11 10 -10 -11 18 22 -14 14 17 -17 21 -19 19 24 -22 26 -24 -25 -26 -27 -28 -29 29 -31
leaf_value=-0.0013153874104537601 0.00042122568091342385 0.0245886183658224 -0.18494489782163381 0.068267990682587765 -0.20874032129721667 0.12087933790009486 -0.1994091008016402 0.067663142871524015 -0.098609926575679671 -0.20160485124779479 0.016917904247917056 0.1403201410404912 -0.012566868415394533 -0.0019266507323859824 0.032696072273290876 0.04310317400025708 0.085986760784550559 -0.10383149885046426 -0.16738598441326685 0.062560693279398338 0.084876622964590753 -0.12221493362535452 0.030036547811435488 0.018714225779776432 0.030380134838405994 -0.13157711483378517 0.054677794971919651 0.034928990325393948 -0.047163843303673257 -0.17121405274036575
leaf_weight=21907.806805946893 25922.190356318053 47.993459393386729 7.8924386831931761 55.377965881954879 3.0654400549828997 13.517477109096943 6.7368647158145887 30.514179225079715 57.223161693662405 4.2224127706140271 35.065130738308653 13.75014810124412 420.5925773109775 483.21289103932213 326.98521366313798 297.31207086122595 15.262345327064397 7.9974359720945349 5.5073930993676177 10.962197653949262 19.530480982735753 9.250397030264141 56.569050942081958 4.8660523965954781 131.69661102816463 14.374389655888079 7.2274025040678671 25.106257286388427 97.374313496984541 11.616974438540636
leaf_count=134362 133478 226 53 355 55 39 36 109 347 27 169 29 2308 2296 1373 1062 47 39 33 30 61 52 245 16 432 81 24 103 575 77
internal_value=-1.34145e-11 0.00102396 0.00805932 -0.00631277 0.0537385 0.0125655 0.00687873 -0.0137538 -0.0485561 0.00629759 -0.00323873 0.00572893 0.00318885 0.0109912 0.0126383 0.0354136 -0.0222712 0.0294366 -0.00976116 0.0115267 0.00144547 0.0181789 0.0516013 -0.107932 0.0178015 -0.0475809 -0.0446272 -0.0302157 -0.0415692 -0.0603859
internal_weight=50050.8 28143 2220.8 530.1 58.4434 1690.7 1353.76 471.656 109.439 52.2159 362.217 1340.24 1269.92 849.329 837.726 336.945 39.6326 334.983 331.703 162.541 502.743 31.7401 70.3192 11.6029 157.033 25.3366 16.4778 169.163 144.056 108.991
internal_count=278139 143777 10299 2619 410 7680 6442 2209 600 253 1609 6403 6129 3821 3769 1238 176 1412 1500 576 2357 123 274 52 543 111 76 924 821 652
is_linear=0
shrinkage=0.1


Tree=65
num_leaves=31
num_cat=0
split_feature=4 5 2 0 4 4 3 6 3 1 7 2 1 0 6 5 0 1 1 1 1 1 0 3 7 3 1 5 3 4
split_gain=8.29619 8.97736 11.2445 15.9681 21.1415 10.0823 9.80047 14.7283 14.2926 13.3903 9.90508 8.81061 11.6863 10.9669 15.5742 13.6688 10.3014 18.8328 14.2663 19.6552 12.7945 14.0586 15.7303 12.7024 12.3395 14.6879 14.6199 14.542 16.8592 12.3993
threshold=0.36157394945621496 0.023635348305106166 0.70065221190452587 0.73608314990997326 0.39054678380489355 0.42943723499774938 0.5585569739341737 21.500000000000004 0.087535310536623015 0.61190918087959301 12.500000000000002 0.74467524886131298 0.67179128527641307 0.78791081905365001 153.50000000000003 0.016888721846044067 0.77454340457916271 0.66937503218650829 0.68358919024467479 0.68118268251419078 0.69028070569038402 0.69319653511047374 0.69853666424751293 0.48079966008663183 10.500000000000002 1.0000000180025095e-35 0.70048740506172191 0.0027331741293892269 0.46524967253208166 0.40648891031742101
decision_type=2 2 2 2 2 2 2 2 2 2 2 2 2 2 2 2 2 2 2 2 2 2 2 2 2 2 2 2 2 2
left_child=-1 11 3 4 -3 -6 7 8 10 -9 -7 16 -13 14 15 -14 18 -18 19 -2 -20 22 -22 -24 25 -19 -26 -28 -29 -27
right_child=1 2 -4 -5 5 6 -8 9 -10 -11 -12 12 13 -15 -16 -17 17 24 20 -21 21 -23 23 -25 26 29 27 28 -30 -31
leaf_value=-0.00027863102539434033 0.0041594438681144784 -0.19631527122111192 -0.10350557706022308 0.085108416071865645 0.033161457075090946 -0.12072890443201684 0.028379467416687801 0.12173968554105795 -0.16191718953203194 -0.11716772092947909 0.13629359227931417 0.1182095849461692 -0.12139681701021446 0.043348676773342198 0.033592443040118429 0.10627437908720337 -0.20070672235917916 -0.18613927168802014 0.058249272560849885 -0.10361777396504729 0.10594652912675646 0.019599561406113294 -0.16433290077780546 0.069433718508282241 0.12234522824867292 -0.046200951021830305 0.078325851160781279 -0.14053198316361618 0.043063907958942008 0.011096576400507045
leaf_weight=47726.52777635018 1272.3574059987441 6.7330157100222996 14.538245460018514 15.168621955439447 30.550461513455957 2.789951988495889 14.355851076543329 6.170805794419719 16.898013312835246 3.7849981274921447 3.2414200035855174 13.987537798471747 16.44011375959963 84.031960259424523 25.609215877018869 3.1408310756087294 5.3377936962060621 5.3920978624373666 84.621271180687472 17.148939195089042 4.006854333914819 371.82347673480399 11.671338361687956 2.902511950582265 13.486436841078101 77.219818483572453 13.790546775795518 10.737862585578116 9.3627611361443979 73.924283702392131
leaf_count=266504 7219 73 125 56 147 41 78 30 112 33 18 39 118 343 81 8 45 72 294 134 8 1552 91 16 46 336 64 106 44 306
internal_value=2.71225e-11 0.00596 -0.0213467 -0.00936551 -0.0263196 -0.0116062 -0.0405571 -0.0706509 -0.114749 0.0309119 0.0174018 0.00743345 0.0313835 0.0219851 -0.0177408 -0.0848778 0.00569573 -0.015283 0.00818355 0.00272613 0.0229983 0.0153575 -0.0695313 -0.117776 -0.0104292 -0.0239625 0.034285 -0.000757121 -0.055014 -0.0181768
internal_weight=49957.8 2231.22 114.231 99.6931 84.5245 77.7915 47.241 32.8852 22.9294 9.9558 6.03137 2116.99 143.21 129.222 45.1902 19.5809 1973.78 209.252 1764.53 1289.51 475.025 390.404 18.5807 14.5739 203.914 156.536 47.3776 33.8912 20.1006 151.144
internal_count=278139 11635 713 588 532 459 312 234 171 63 59 10922 589 550 207 126 10333 1019 9314 7353 1961 1667 115 107 974 714 260 214 150 642
is_linear=0
shrinkage=0.1


Tree=66
num_leaves=31
num_cat=0
split_feature=4 1 0 1 1 6 1 1 1 7 1 3 2 2 6 1 7 0 6 1 1 2 2 7 2 4 4 5 6 2
split_gain=9.30486 8.77646 15.2706 13.0461 11.7397 11.6847 11.6391 11.4792 11.1516 15.4141 16.1318 18.9436 20.7525 15.4234 14.6505 13.6131 10.9946 10.6209 14.6959 10.5729 16.8814 15.508 14.0338 18.5389 14.1257 13.7784 13.5572 14.9917 17.6732 14.8981
threshold=0.36157394945621496 0.6349182426929475 0.69853666424751293 0.73024684190750133 0.72726780176162731 268.50000000000006 0.74986574053764354 0.64244970679283153 0.61190918087959301 20.500000000000004 0.62355065345764171 0.30608613789081579 0.6266947090625764 0.68117868900299083 331.50000000000006 0.62196737527847301 8.5000000000000018 0.71960803866386425 32.500000000000007 0.66646891832351696 0.66396847367286693 0.7321113944053651 0.6939886510372163 9.5000000000000018 0.70911794900894176 0.49055258929729467 0.4171940833330155 0.012790450360625984 230.50000000000003 0.69218179583549511
decision_type=2 2 2 2 2 2 2 2 2 2 2 2 2 2 2 2 2 2 2 2 2 2 2 2 2 2 2 2 2 2
left_child=-1 8 3 4 7 -5 -7 -3 17 10 11 15 -13 16 -12 -10 -14 -2 -19 20 21 22 25 -24 -25 26 -4 28 29 -28
right_child=1 2 19 5 -6 6 -8 -9 9 -11 14 12 13 -15 -16 -17 -18 18 -20 -21 -22 -23 23 24 -26 -27 27 -29 -30 -31
leaf_value=-0.00029425790918540711 0.0070860563462576028 0.076090770621460968 0.0085115002961452281 -0.13485706172436224 0.11467950403566751 -0.096730775546158262 0.098541568195571139 0.021307845595692709 0.0033716795249500034 -0.19194138193043248 0.018546441994461486 -0.19873125039954265 -0.060086790860356953 -0.2049147767900148 -0.1186923366794416 -0.1456893048634422 0.09639176084039601 -0.1994026639165413 0.066058511486539531 0.011257176802665277 -0.097685586155553825 0.086537681847117062 -0.10954481991850945 -0.087960040620277069 0.1195145173652634 0.056374477348912246 -0.1212701905368343 0.061166975702289843 0.11468662861224853 0.097937936608672407
leaf_weight=47718.501249358553 561.09409063460771 47.751795133925043 102.48294207884464 8.4349997816607374 18.598906454630196 5.2268599756062013 7.3370047700591385 192.20785069046542 57.801419732626528 5.1502665109001091 107.84775977465324 13.893990248441694 13.372760368511086 4.9285780005156985 8.3832089221104962 6.8531295144930473 6.7600962426513425 5.7096117129549366 3.2854013852775097 873.08245742262807 20.913612184464 17.530979244038463 28.258199604926631 5.632076619891448 7.8629841053625569 35.846604796126485 34.362342948326841 9.1899070893414301 4.2025149194523683 3.4078784650191656
leaf_count=266504 3135 203 579 63 36 24 25 870 335 143 524 90 57 36 43 56 31 55 11 4165 226 64 210 75 44 230 223 50 15 17
internal_value=3.63682e-12 0.00633241 0.0110361 0.0319856 0.0381419 -0.0438175 0.0173037 0.0322096 -0.00208215 -0.0209339 -0.0169276 -0.0456187 -0.100705 -0.04636 0.00864804 -0.0124282 -0.00754531 0.00535787 -0.102444 0.00591126 -0.0113954 -0.00414133 -0.0110158 -0.0634967 0.0329263 0.000547996 -0.0124767 -0.0545178 -0.079847 -0.101492
internal_weight=49935.9 2217.41 1422.33 279.557 258.559 20.9989 12.5639 239.96 795.08 224.991 219.841 103.61 38.9554 25.0614 116.231 64.6545 20.1329 570.089 8.99501 1142.77 269.69 248.776 231.245 41.7533 13.4951 189.492 153.646 51.1626 41.9727 37.7702
internal_count=278139 11635 7119 1221 1109 112 49 1073 4516 1315 1172 605 214 124 567 391 88 3201 66 5898 1733 1507 1443 329 119 1114 884 305 255 240
is_linear=0
shrinkage=0.1


Tree=67
num_leaves=31
num_cat=0
split_feature=4 3 4 4 5 3 5 5 7 0 1 0 5 2 0 3 7 5 0 5 6 6 5 2 2 0 1 1 0 5
split_gain=10.9191 11.1162 10.7837 11.1182 10.4768 8.179 14.8179 28.0066 18.0793 18.2232 17.4936 14.0883 12.9981 17.9409 17.4355 15.2911 12.4853 16.8749 17.1809 15.44 14.2556 12.1507 24.5089 19.5625 22.2746 17.4368 17.5389 15.8099 14.0231 15.5637
threshold=0.36157394945621496 0.021590502932667736 0.40031056106090551 0.38126567006111151 0.0007760963635519148 0.1101963371038437 0.0036402245750650768 0.0046778155956417331 14.500000000000002 0.75310131907463085 0.53004002571105968 0.7864569127559663 0.0031554038869217042 0.67740443348884594 0.77826911211013805 0.12517029792070392 17.500000000000004 0.0016187781002372505 0.72070232033729564 0.0011584130697883668 176.50000000000003 24.500000000000004 0.0096211703494191187 0.58460536599159252 0.6394699513912202 0.71907782554626476 0.56759095191955578 0.75578656792640697 0.56329849362373363 0.013524946290999653
decision_type=2 2 2 2 2 2 2 2 2 2 2 2 2 2 2 2 2 2 2 2 2 2 2 2 2 2 2 2 2 2
left_child=-1 2 3 4 -2 6 10 -8 9 -9 -3 -11 13 14 15 -7 19 18 -18 -17 -21 22 -14 28 -25 26 -26 -23 -24 -30
right_child=1 5 -4 -5 -6 12 7 8 -10 11 -12 -13 21 -15 -16 16 17 -19 -20 20 -22 27 23 24 25 -27 -28 -29 29 -31
leaf_value=-0.0003167879176508794 -0.18696588140777126 -0.11097724701134887 0.0014095103788487695 -0.10791747286626777 -0.01041793989952864 -0.1924259385283667 -0.13832878080066482 0.041171733769498037 -0.14110521912552637 -0.19565765087684295 0.055851907072563683 0.0092121619302543527 -0.20192524046294943 0.017088658962991211 -0.20574109043362837 0.0023072793832698089 -0.19937045507605938 0.1239966026373986 0.082660508674747835 -0.10475261012634229 -0.027778704031511583 0.021201131532540909 0.029376527537630051 0.056935751169874455 0.10566366710390745 0.013781366292672265 -0.099242591106523559 -0.023836716292581824 -0.028007656506119801 -0.20003030216538314
leaf_weight=47716.78359159219 3.5894943727180353 6.5948913726024321 154.04000465979334 20.310519987368025 52.86866223992547 4.9539430297445497 12.94504370074719 98.495357670821249 6.8539414871484032 6.0720447045750898 133.94203128945082 7.5058714696206152 6.4384965403005472 200.2674057581462 5.0323836295865467 143.08012856263667 4.1809954922646302 13.998656091745941 4.4685525763779879 30.508249120786786 113.83669001655653 882.96323237288743 8.659428223967554 62.489906184840947 4.7891685646027318 60.339897827710956 32.693587435875088 85.48901207651943 9.6622908366844076 11.542217653011901
leaf_count=266504 49 51 1678 319 416 40 74 330 88 57 451 24 75 842 45 697 94 63 19 193 585 3972 46 280 21 334 237 404 47 104
internal_value=-2.59692e-11 0.00690671 -0.0138497 -0.0444681 -0.0216425 0.00935371 0.0254307 0.0013538 0.016558 0.0262001 0.0480232 -0.0824056 0.0067552 -0.00638574 -0.0210741 -0.0181242 -0.0153394 0.0561454 -0.0536669 -0.0209722 -0.0440476 0.012624 -0.010041 -0.00354464 0.0102981 -0.0194943 -0.0730617 0.0172255 -0.077854 -0.121644
internal_weight=49905.4 2188.61 230.809 76.7687 56.4582 1957.8 272.409 131.872 118.927 112.073 140.537 13.5779 1685.39 520.327 320.06 315.027 310.073 22.6482 8.64955 287.425 144.345 1165.07 196.615 190.176 160.313 97.8227 37.4828 968.452 29.8639 21.2045
internal_count=278139 11635 2462 784 465 9173 1075 573 499 411 502 81 8098 2578 1736 1691 1651 176 113 1475 778 5520 1144 1069 872 592 258 4376 197 151
is_linear=0
shrinkage=0.1


Tree=68
num_leaves=31
num_cat=0
split_feature=4 7 1 4 3 6 4 0 0 4 3 0 3 1 3 6 6 6 7 4 0 1 1 1 1 6 2 4 3 2
split_gain=11.3417 8.50465 10.4973 8.22228 18.6912 17.8044 11.8825 13.04 21.1788 13.5588 26.9035 31.75 28.6652 23.721 21.709 19.6103 27.8852 17.7589 16.7001 15.686 20.2829 16.4676 15.3361 14.7943 17.7341 14.7414 14.5577 14.362 16.916 20.1191
threshold=0.36157394945621496 36.500000000000007 0.74518930912017833 0.0020746977534145121 0.10355340689420701 205.50000000000003 0.098658457398414626 0.60919541120529186 0.67686253786087047 0.1821783855557442 0.25998522341251379 0.58243149518966686 0.1101963371038437 0.57908698916435253 0.018744676373898986 521.00000000000011 781.50000000000011 492.00000000000006 2.5000000000000004 0.15700665116310122 0.58013135194778453 0.43814843893051153 0.46011376380920416 0.63938763737678539 0.70676511526107799 892.50000000000011 0.53941851854324352 0.23341979831457141 0.0097244987264275568 0.48609595000743872
decision_type=2 2 2 2 2 2 2 2 2 2 2 2 2 2 2 2 2 2 2 2 2 2 2 2 2 2 2 2 2 2
left_child=3 -2 -3 4 5 -1 -5 9 -9 15 11 18 14 26 -13 17 -17 19 27 23 21 -21 -12 -8 -25 -18 -14 28 -11 -30
right_child=1 2 -4 6 -6 -7 7 8 -10 10 22 12 13 -15 -16 16 25 -19 -20 20 -22 -23 -24 24 -26 -27 -28 -29 29 -31
leaf_value=-0.0084109026679607124 0.0074453074820468772 -0.1849233784245497 0.047125792298174762 0.001691560927845618 -0.00095321428857140134 -0.037605531837909101 -0.015545512292664945 0.0055812783433013789 -0.0027606380518596799 0.11408719251815487 -0.15260054956131874 -0.041132832963314478 -0.022923248448441805 -0.091172815233795113 -0.1437742302314384 -0.063487803129177192 0.10968091215067033 0.072044212113673969 -0.001305255240010828 0.11985492933136249 0.055119397471749279 -0.013464570339099164 -0.029657793088314371 0.063190609399726982 -0.086482672748407527 -0.05853950736492626 0.093904384185848441 0.059611167554765143 0.027435651376223266 -0.14106019641488796
leaf_weight=929.89874154340941 2167.5133371708798 5.0077470398973656 3.1921624969691038 23019.719967463287 4604.0487793270731 269.4124780438724 387.55421754112467 3981.1239534481429 12922.226176965545 8.1666569705121201 10.334376933053134 64.98416448244825 16.968560764100403 15.93925837613642 30.1741076069884 90.967928397469223 16.688778089359406 38.916200930252671 262.30595657136291 10.032030726782976 108.84792736195959 121.16791913192719 557.62409684481099 48.346472859382629 9.4662807586137188 7.5733188497833899 28.716250854544342 107.06341736670583 15.600381760858001 12.98477905243635
leaf_count=13478 11393 218 24 111672 30620 7768 2371 20832 70928 26 112 447 106 140 211 619 43 164 1709 35 455 724 3080 167 55 55 133 386 82 86
internal_value=-8.47708e-12 0.00706076 -0.0945884 -0.00032208 -0.00384972 -0.0149692 0.000166593 -0.00169336 -0.000795927 -0.00939204 -0.0165395 -0.00104633 -0.0392701 0.0138644 -0.0736798 0.000235393 -0.0380825 0.00633119 0.0137099 0.00260016 0.023206 -0.00327047 -0.0318948 -0.00850614 0.0386831 0.0571716 0.0505115 0.0410962 -0.0128407 -0.0491034
internal_weight=49872.6 2175.71 8.19991 47696.9 5803.36 1199.31 41893.5 18873.8 16903.4 1970.42 1130.86 562.904 156.782 61.6241 95.1583 839.561 115.23 724.331 406.121 685.415 240.048 131.2 567.958 445.367 57.8128 24.2621 45.6848 143.815 36.7518 28.5852
internal_count=278139 11635 242 266504 51866 21246 214638 102966 91760 11206 6518 3326 1037 379 658 4688 717 3971 2289 3807 1214 759 3192 2593 222 98 239 580 194 168
is_linear=0
shrinkage=0.1


Tree=69
num_leaves=31
num_cat=0
split_feature=3 4 4 4 3 1 3 4 0 2 1 1 0 2 2 3 1 3 7 5 6 6 4 0 6 5 0 1 3 6
split_gain=7.84437 18.0134 15.0915 24.9057 21.6923 18.4305 17.687 23.0592 22.2286 27.1668 18.428 24.608 18.3213 16.3857 30.2441 22.9378 17.969 19.2933 17.8622 17.5757 16.5204 14.4636 14.7035 16.9216 14.4452 17.8368 22.3425 18.3933 17.8963 14.2087
threshold=0.21079427748918536 0.019246203824877742 0.057451847940683372 0.051811048761010177 0.095130361616611495 0.43814843893051153 0.022756041958928112 0.18770067393779757 0.60327762365341198 0.58874619007110607 0.65026628971099865 0.5456090271472932 0.58243149518966686 0.58460536599159252 0.59992066025733959 0.01069110492244363 0.57518857717514049 0.015315896365791561 5.5000000000000009 0.0080227311700582522 713.00000000000011 47.500000000000007 0.12887675315141681 0.79226398468017589 162.50000000000003 0.0023673309478908782 0.70196849107742321 0.66646891832351696 0.017641872167587284 62.500000000000007
decision_type=2 2 2 2 2 2 2 2 2 2 2 2 2 2 2 2 2 2 2 2 2 2 2 2 2 2 2 2 2 2
left_child=1 -1 3 -3 6 -6 10 8 -8 -10 11 -4 -13 20 19 29 -17 -18 -19 -15 -14 -11 -23 -24 -12 -26 -27 -28 -29 -16
right_child=-2 2 4 -5 5 -7 7 -9 9 21 24 12 13 14 15 16 17 18 -20 -21 -22 22 23 -25 25 26 27 28 -30 -31
leaf_value=-0.0057917971341174927 0.0010562395753377226 0.002960171884304268 0.020474791247326887 0.029825029668712602 -0.12286906062008976 -0.0062408130221926865 0.060554970694062141 0.015809703851419502 -0.065211441555538194 0.031803956480683071 0.024446757119226999 -0.076365483764399306 0.012594447811456655 -0.13281159503528747 -0.0153734309925044 0.18700850126951452 0.03624110840230662 -0.0075060584614814914 -0.12692809311822525 0.0056286112411743326 -0.12595919333302905 -0.049189915406153396 0.0045098316025873443 -0.12186724324198342 0.011432434815956549 0.027844065169394333 -0.085605404374981361 -0.029207251342384624 0.030833560720242622 -0.061208641353772242
leaf_weight=6617.9315727095818 29141.111531915842 4549.4520786630455 170.21046887058765 373.41208674106747 13.588849829509853 4706.1100548402173 43.868022728478536 1590.2310662358068 85.140131055843085 91.854119206778705 286.54132853436749 56.55568412435241 196.47295686218422 38.843941565020941 146.05654205894098 5.5715554822236291 87.416555878007784 58.698992981575429 15.921898385975508 12.004421792691572 8.9998719475697708 84.100386131089181 244.07846358185634 11.075904389028436 537.30535088153556 95.691216499777511 45.89437742109294 266.02317243386642 61.034411557018757 125.95922515681013
leaf_count=65730 130572 20611 1060 1184 86 28908 301 6296 868 519 2042 478 1798 453 1698 7 441 259 186 131 131 947 2151 150 3364 538 965 2745 247 3273
internal_value=-2.53733e-12 -0.00149229 0.000538954 0.00499794 -0.00187716 -0.00657661 0.00320352 0.00966392 -0.0077846 -0.0135917 -0.00306774 -0.0138625 -0.0216294 -0.0171813 -0.0271127 -0.0186675 0.0104318 0.00436034 -0.0329872 -0.100128 0.00652569 -0.00339729 -0.0129281 -0.000976025 0.00463868 -0.00100359 -0.0152617 -0.0263216 -0.0180026 -0.0365978
internal_weight=49767.2 20626 14008.1 4922.86 9085.25 4719.7 4365.55 2150.35 560.117 516.249 2215.2 922.712 752.502 695.946 490.473 439.625 167.609 162.037 74.6209 50.8484 205.473 431.109 339.255 255.154 1292.49 1005.95 468.643 372.952 327.058 272.016
internal_count=278139 147567 81837 21795 60042 28994 31048 11232 4936 4635 19816 9915 8855 8377 6448 5864 893 886 445 584 1929 3767 3248 2301 9901 7859 4495 3957 2992 4971
is_linear=0
shrinkage=0.1


Tree=70
num_leaves=31
num_cat=0
split_feature=0 0 7 1 2 0 4 3 6 6 7 1 2 1 1 3 1 4 0 5 6 4 3 5 2 1 2 6 6 1
split_gain=6.54334 14.7648 16.4925 15.998 22.0813 17.6553 14.8823 22.4888 15.9061 20.1488 19.6568 27.5934 16.6194 15.2305 16.1946 14.6989 14.6417 17.7916 17.6279 25.1799 24.5472 14.5352 14.147 15.801 14.9611 21.9005 20.6888 14.5435 22.1473 27.4269
threshold=0.64761638641357433 0.66400963068008434 7.5000000000000009 0.57518857717514049 0.61194178462028515 0.65107151865959179 0.1647259518504143 0.26640689373016363 116.50000000000001 105.50000000000001 6.5000000000000009 0.71027877926826488 0.59718966484069835 0.70433002710342418 0.69437235593795787 0.014445649925619366 0.61712038516998302 0.17019873112440112 0.65446662902832042 0.010366532020270826 215.50000000000003 0.0026041843229904775 0.012668258510529997 0.0025034423451870684 0.68529063463211071 0.69183251261711132 0.579412341117859 648.00000000000011 709.50000000000011 0.64005932211875927
decision_type=2 2 2 2 2 2 2 2 2 2 2 2 2 2 2 2 2 2 2 2 2 2 2 2 2 2 2 2 2 2
left_child=-1 2 3 4 -2 -5 7 8 9 -7 12 -12 15 14 -9 -10 17 18 19 -4 -20 -14 -18 24 25 27 -27 -24 -29 -30
right_child=1 -3 16 5 -6 6 -8 13 10 -11 11 -13 21 -15 -16 -17 22 -19 20 -21 -22 -23 23 -25 -26 26 -28 28 29 -31
leaf_value=0.0020174629318450849 0.041846565813264625 -0.00010214711197532164 0.05145689670981244 -0.036355570567428226 -0.0258915259858855 -0.025175182048427443 0.0035651261010359869 -0.032853423277693444 -0.084721204563801056 -0.18898705485193942 -0.13370285749969604 0.16623606459442974 -0.11037620712965841 -0.092242887683603392 0.062440087018138468 0.033396671846663617 0.10445108446383847 -0.054735122388517424 -0.0010951890356244876 -0.084624076306340071 -0.11580339171469607 -0.0046112842545306676 -0.026668153084240975 0.03167931522188968 0.16982126318702623 0.00067961822627401699 -0.20426009336020484 0.13069169593855809 0.11009861402911399 -0.12232712512271825
leaf_weight=12136.884080187709 119.42875067610294 34706.544869266276 93.704952551983297 325.28657326486427 80.602464601863176 115.8258968538139 493.50363039900549 386.90622354415245 11.068974054069256 8.0290700527839345 19.113004980841655 3.6534789782017461 14.106839960906653 41.245753393508494 18.695516292005777 218.58051261957735 18.474263454030734 70.045186338480562 92.481253031175584 15.905557380989192 23.370115162106231 164.6962866820395 73.983355504693463 213.33041135431267 4.3876465316861859 8.7808075100183505 11.220249493606387 17.851514423731714 8.9754523048177379 11.688873616745694
leaf_count=71242 517 190484 867 1750 430 746 1986 1805 139 65 194 14 257 212 48 1168 187 772 1045 217 396 849 813 1481 10 75 115 83 54 118
internal_value=2.11156e-11 -0.000654847 -0.00779925 -0.0122926 0.0145515 -0.0152418 -0.0106491 -0.0176504 -0.00420825 -0.0357945 0.00486398 -0.0855698 0.00990461 -0.0343483 -0.028461 0.0277035 0.00587118 -0.010713 0.00296347 0.0317102 -0.0242347 -0.0129557 0.0191634 0.0146645 -0.011852 -0.017868 -0.114288 -0.00072566 0.0491061 -0.0213741
internal_weight=49528.4 37391.5 2684.94 2020.74 200.031 1820.71 1495.43 1001.92 555.074 123.855 431.219 22.7665 408.453 446.847 405.602 229.649 664.2 295.507 225.462 109.611 115.851 178.803 368.693 350.218 136.888 132.5 20.0011 112.499 38.5158 20.6643
internal_count=278139 206897 16413 10180 947 9233 7483 5497 3432 811 2621 208 2413 2065 1853 1307 6233 3297 2525 1084 1441 1106 2936 2749 1268 1258 190 1068 255 172
is_linear=0
shrinkage=0.1


Tree=71
num_leaves=31
num_cat=0
split_feature=4 0 1 0 1 5 0 1 3 7 6 7 6 5 0 2 1 6 0 2 5 0 2 6 3 1 1 7 1 0
split_gain=7.3637 12.9335 16.159 19.7335 17.7423 23.676 15.7814 26.6479 24.998 27.0299 19.5582 15.8817 15.6144 23.9458 15.2778 15.0151 14.7534 15.7048 20.9321 19.6874 19.3566 16.5742 14.7564 18.3986 14.7021 14.4359 20.5285 18.295 15.6397 15.5659
threshold=0.0074165749829262504 0.73260682821273815 0.69028070569038402 0.79713848233222973 0.68967401981353771 0.0029928924050182108 0.57271617650985729 0.51698586344718944 0.26443448662757879 11.500000000000002 52.500000000000007 18.500000000000004 119.50000000000001 0.023635348305106166 0.76891562342643749 0.71791988611221325 0.7052019238471986 325.50000000000006 0.74799081683158886 0.71791988611221325 0.00062285896274261187 0.7553071677684785 0.71924120187759411 411.00000000000006 0.31150452792644506 0.64720448851585399 0.64476990699768078 7.5000000000000009 0.63238176703453075 0.65678998827934276
decision_type=2 2 2 2 2 2 2 2 2 2 2 2 2 2 2 2 2 2 2 2 2 2 2 2 2 2 2 2 2 2
left_child=1 6 4 16 -3 14 7 -1 9 -9 25 -11 13 -5 -6 -12 17 18 -4 21 -19 -20 23 -22 -21 26 27 -8 -29 -30
right_child=-2 2 3 12 5 -7 10 8 -10 11 15 -13 -14 -15 -16 -17 -18 20 19 24 22 -23 -24 -25 -26 -27 -28 28 29 -31
leaf_value=-0.012440596721142061 0.0005435437324225452 0.0086125320848223184 0.059109847243019653 -0.15551717816341218 0.14514655822309969 -0.047836363194446938 0.0055048459987256338 0.009332684646673764 0.040549572097697342 -0.15458052656322155 -0.012160218347285135 -0.0099377484976182415 -0.026190556696192271 0.14910120926944256 -0.047446924560210609 -0.1457584402593475 0.0092335610491981884 0.056359171312875614 -0.13440137791919632 -0.012077466854981192 -0.098675112644127455 -0.023763140261806197 -0.11586680582627738 -0.013069414823946433 0.098799467656567552 0.027825933570306129 -0.14139615902328323 -0.015780076156420058 0.10323677051998117 -0.14955031702620433
leaf_weight=489.00121212098747 41305.714212102961 1292.4211339846952 49.908665684168227 20.435290059773255 27.887851613108069 11.935341703239827 1040.9772455398925 339.15653729066253 286.81372378370725 16.687134909443561 3064.957873149513 13.926158240064977 98.86274821247207 2.9535496570169917 4.8326046073343596 8.435687280027194 568.43575739691732 19.408398739993572 16.614259654190391 28.450650369515643 33.96123430528678 73.178605661960319 27.615574016235769 96.286980901728384 20.631311775185168 179.68119701952673 10.5262811970897 342.58507561706938 2.885772209614518 15.626612527645191
leaf_count=4227 207376 9341 311 218 101 111 5596 2402 1089 397 33129 349 1160 7 57 112 4147 120 193 248 346 668 229 804 69 988 112 3939 13 280
internal_value=-4.98543e-12 -0.00273629 0.00344965 -0.0057921 0.0107538 0.0727249 -0.00528445 0.0052323 0.0183945 0.00120978 -0.00786667 -0.0887817 -0.0435735 -0.11705 0.116702 -0.0125269 -0.000849481 -0.0165071 0.00356446 -0.0163974 -0.037882 -0.0442344 -0.0494684 -0.0353905 0.034529 0.00112843 -0.00226746 -0.00122293 -0.0206179 -0.110145
internal_weight=49510.8 8205.08 2393.82 1056.74 1337.08 44.6558 5811.26 1145.58 656.584 369.77 4665.68 30.6133 122.252 23.3888 32.7205 3073.39 934.491 366.056 188.783 138.875 177.272 89.7929 157.864 130.248 49.082 1592.28 1412.6 1402.07 361.097 18.5124
internal_count=278139 70763 18130 8520 9610 269 52633 8464 4237 3148 44169 746 1385 225 158 33241 7135 2988 1489 1178 1499 861 1379 1150 317 10928 9940 9828 4232 293
is_linear=0
shrinkage=0.1


Tree=72
num_leaves=31
num_cat=0
split_feature=3 7 1 0 1 3 0 2 1 6 4 3 1 1 2 5 7 4 6 3 5 4 5 6 0 1 5 1 0 6
split_gain=6.2764 8.25615 10.0399 24.1145 19.0997 18.8115 14.4072 15.3136 13.9749 13.555 21.3709 19.7604 14.4261 21.8459 18.0745 12.6253 20.9299 19.3019 15.2536 12.5199 11.9413 22.9481 15.7445 11.8832 12.2486 13.7231 11.733 11.6743 10.836 11.2036
threshold=0.17981388419866565 22.500000000000004 0.68481913208961498 0.73608314990997326 0.73661366105079662 0.35912790894508367 0.76381254196167003 0.65416336059570324 0.69028070569038402 185.50000000000003 0.19985207170248034 0.2623975276947022 0.62919390201568615 0.64305028319358837 0.71157667040824901 0.00324543658643961 34.500000000000007 0.020176141522824768 280.50000000000006 0.58619046211242687 0.0013591574970632794 0.013346055988222362 0.0025726229650899772 331.50000000000006 0.58694523572921764 0.5370868742465974 0.027874902822077278 0.53004002571105968 0.66298317909240734 480.50000000000006
decision_type=2 2 2 2 2 2 2 2 2 2 2 2 2 2 2 2 2 2 2 2 2 2 2 2 2 2 2 2 2 2
left_child=-1 -2 9 8 6 -6 7 19 -4 10 26 28 -12 -14 -15 -10 17 -17 -19 -5 -8 -22 -23 -13 25 27 -3 -25 29 -11
right_child=1 2 3 4 5 -7 20 -9 15 11 12 23 13 14 -16 16 -18 18 -20 -21 21 22 -24 24 -26 -27 -28 -29 -30 -31
leaf_value=-0.0016086078375911056 0.00053817020027840945 0.029952732043508807 0.10984081002014386 -0.20240215527760574 -0.13807711893944982 -0.0017254971948603129 0.093485722309908759 -0.00054316858696725487 0.066592849304478868 0.01318356448075263 -0.10079976157558419 -0.035535840877892293 0.1002605875670457 -0.12835792962288398 0.055744806854060192 -0.20113327953467253 -0.20572718297059023 0.061791751929421324 -0.12759911351843664 0.14937425384965464 -0.20220288518908061 -0.11166964195302159 0.05048721950570996 -0.17177614675081254 0.032146261989941464 -0.19443264893710366 -0.19064425769914931 0.18255953868434277 -0.14210180782476961 -0.18367842834725923
leaf_weight=16266.539304093691 32298.747551646258 245.75574211357161 34.6035449472256 7.1747024464420956 17.692331577884033 23.634996236301959 28.380847010645084 31.593477610964328 63.61098267394118 13.156849560094999 23.0759944524616 68.171389226103202 13.656356045976279 14.29355747299269 8.5061964797787351 3.6289546992629758 4.5288597024045876 36.124348829733208 4.8200087887234977 1.1778248231858013 4.499585988232865 6.756669109221547 52.609902532305568 1.4779191422276183 81.36586582288146 5.3032841593958437 2.4349622284062198 2.5072578354738653 17.693634318187833 3.705005567520856
leaf_count=126147 142462 2747 147 139 263 162 172 354 405 264 553 1018 107 252 71 73 110 168 75 3 128 128 393 58 901 126 71 6 501 135
internal_value=3.0035e-11 0.000790034 0.0106872 0.0244995 -0.000761293 -0.060098 0.0177891 -0.0323787 0.0542536 0.00184372 0.0148818 -0.0189034 -0.0389265 0.00023807 -0.0596724 0.037188 -0.00090536 0.0199055 0.0394965 -0.152797 0.0395133 0.0155291 0.0320317 -0.00399304 0.0197269 -0.0890652 0.0277885 0.0511527 -0.0874354 -0.0300723
internal_weight=49387.2 33120.7 821.941 320.837 173.52 41.3273 132.193 39.946 147.317 501.104 307.723 193.381 59.5321 36.4561 22.7998 112.713 49.1022 44.5733 40.9444 8.35253 92.247 63.8662 59.3666 158.826 90.6543 9.28846 248.191 3.98518 34.5555 16.8619
internal_count=278139 151992 9530 2720 1742 425 1317 496 978 6810 3801 3009 983 430 323 831 426 316 243 142 821 649 521 2109 1091 190 2818 64 900 399
is_linear=0
shrinkage=0.1


Tree=73
num_leaves=31
num_cat=0
split_feature=7 3 2 3 6 5 1 3 0 0 4 1 2 0 0 0 6 1 0 1 4 5 6 2 3 6 0 0 5 3
split_gain=8.79102 12.1373 19.3317 24.1494 18.3149 15.9101 14.5772 13.61 13.0687 13.7766 11.4681 10.8582 10.4961 14.122 12.3419 11.9286 24.2906 19.0924 19.5391 20.1019 14.4995 12.815 19.6635 18.9515 14.4555 11.8283 11.7691 19.7799 12.3651 13.2273
threshold=21.500000000000004 0.26640689373016363 0.62814047932624828 0.24111597239971164 10.500000000000002 0.0018045114120468499 0.6884027123451234 0.29035779833793646 0.76571959257125866 0.80472517013549816 0.05563293211162091 0.59463015198707592 0.62447515130043041 0.67842015624046337 0.71325629949569713 0.65678998827934276 101.50000000000001 0.58421465754508983 0.67998003959655773 0.62048071622848522 0.25619387626647955 0.009829735383391382 14.500000000000002 0.59902870655059826 0.25483952462673193 152.50000000000003 0.75769940018653881 0.76022404432296764 0.001591934298630804 0.045534290373325355
decision_type=2 2 2 2 2 2 2 2 2 2 2 2 2 2 2 2 2 2 2 2 2 2 2 2 2 2 2 2 2 2
left_child=-1 2 12 4 -4 10 8 11 -6 -10 -5 -3 14 -14 15 16 21 -17 -19 -20 25 23 -23 -2 -24 -18 28 -28 29 -16
right_child=1 7 3 5 6 -7 -8 -9 9 -11 -12 -13 13 -15 26 17 20 18 19 -21 -22 22 24 -25 -26 -27 27 -29 -30 -31
leaf_value=-0.00022730973990146375 0.077005852722980772 -0.075691802481588855 -0.18658044113684921 -0.18857757409155262 -0.020878443965516854 -0.17456535094912756 0.01509425501703042 0.011877468352481119 -0.18534287635574215 0.10516999719133009 0.10612696325700016 0.064892992097041954 -0.18613263140033276 0.10570077291503971 0.1174033537182726 -0.18807445496235156 -0.13451894593618119 0.085207402640659832 -0.17963358082909706 0.024200361467569379 -0.17666973716762341 0.052081991385578612 -0.18201417391136723 -0.1828631290147692 0.14659305886434357 -0.011401726682761702 0.17818954134349507 -0.17968959131562143 -0.14746169473454715 -0.18051018675138994
leaf_weight=47971.539461869048 55.936110383132473 5.9147333052242166 5.873239998240023 1.9108489640057111 157.82531879952876 15.544126492924986 143.51589334628079 638.67000776622444 9.0956757816020382 1.9893551161512721 4.2735804342664778 77.221544943051413 1.8054150883108402 20.328939916449599 4.4904109067283633 3.4825745613779864 8.7705930212978256 63.607871466316283 5.5405596727505317 38.167054528021254 6.8435257989913216 14.603177613578739 8.4286193172447366 2.9545253980904809 1.591451447457074 70.762465734500438 4.6216906001791349 2.3194242231547832 13.506719547673127 2.2307334817014635
leaf_count=257615 680 177 171 59 3693 344 2189 6455 297 9 44 604 71 213 34 107 298 807 217 728 228 173 281 94 6 1857 15 88 501 84
internal_value=-8.52839e-12 0.0078346 -0.00185789 -0.0185913 -0.0116284 -0.120591 -0.0083395 0.0168317 -0.0282502 -0.133207 0.0150699 0.0548911 0.0153845 0.081897 0.0106024 0.0168317 0.000183619 0.0423587 0.0498367 -0.00163848 -0.0369969 0.0386387 -0.0219415 0.0639683 -0.129823 -0.0249786 -0.0537541 0.0586016 -0.0923085 0.0185265
internal_weight=49363.4 1391.83 670.02 340.028 318.299 21.7286 312.426 721.806 168.91 11.085 6.18443 83.1363 329.992 22.1344 307.858 280.689 169.89 110.798 107.315 43.7076 86.3766 83.5139 24.6232 58.8906 10.0201 79.5331 27.169 6.94111 20.2279 6.72114
internal_count=278139 20524 13288 6806 6359 447 6188 7236 3999 306 103 781 6482 284 6198 5476 3617 1859 1752 945 2383 1234 460 774 287 2155 722 103 619 118
is_linear=0
shrinkage=0.1


Tree=74
num_leaves=31
num_cat=0
split_feature=7 6 0 0 2 4 2 3 1 6 5 4 3 6 6 4 7 4 3 3 5 0 0 7 6 0 1 4 2 3
split_gain=9.24899 9.43799 7.80422 19.8315 10.2593 12.2152 10.1489 9.3489 12.6417 20.3514 19.8237 10.5953 10.3933 16.5262 28.6853 10.0776 13.1246 12.0661 11.2759 10.5998 9.85931 14.876 9.32763 8.75035 17.8305 19.755 12.316 13.3881 10.012 10.6679
threshold=21.500000000000004 5.5000000000000009 0.69925904273986828 0.70196849107742321 0.52129444479942333 0.46306042373180395 0.57146754860878002 0.019854410551488403 0.65737631916999828 630.50000000000011 0.0019200001843273642 0.031594071537256248 0.22009174525737765 67.500000000000014 398.50000000000006 0.035912791267037399 41.500000000000007 0.28592073917388922 0.50062656402587902 0.62678572535514843 0.0027527987258508806 0.67686253786087047 0.5235896408557893 28.500000000000004 205.50000000000003 0.69853666424751293 0.71600750088691723 0.083821024745702757 0.59992066025733959 0.29558718204498297
decision_type=2 2 2 2 2 2 2 2 2 2 2 2 2 2 2 2 2 2 2 2 2 2 2 2 2 2 2 2 2 2
left_child=-1 -2 7 4 -4 -6 -5 20 10 12 15 -11 13 -10 -15 16 -9 18 -17 -19 -3 -22 -20 26 25 -25 -14 -28 29 -26
right_child=1 2 3 6 5 -7 -8 8 9 11 -12 -13 23 14 -16 17 -18 19 22 -21 21 -23 -24 24 28 -27 27 -29 -30 -31
leaf_value=-0.00023428648714883738 -0.18605736828376662 -0.0068633160461187646 0.14223007261230097 0.069608517419466595 -0.1917286507286601 0.1064973934917271 0.0011004487124726351 -0.015306933637309679 0.12347096808367675 0.002427054436999376 -0.012015002144166639 -0.19936256512430373 0.09018361605154479 -0.18592761816869846 0.052667673782932259 0.067795667593242182 0.10468023240420099 -0.18813620385612415 0.10365876422092726 0.14248657287958486 0.10339876502094923 -0.10043519318159125 -0.19507603236069559 -0.20843599823330849 0.073173700171114853 0.18266567231367734 -0.1267924868134914 0.05969248596502489 0.090467020763379105 -0.11820516272768121
leaf_weight=47956.216618386185 2.5018170403782269 17.88887099782005 1.32690830528736 22.336320299189538 10.10231080628 1.5895399870350946 677.97645760330488 61.332996958401054 6.7559072184376445 5.1375210871919972 291.16715318709612 5.2724157515913248 75.760893704835325 9.3329130506608653 10.95185786206275 88.66286405059509 10.70786314527504 3.643342977622523 1.593616435304283 1.3213716745376585 35.271440227515996 3.9849199512973419 3.0372001538053155 5.8456457224674514 5.664684444665907 1.6577713657170532 5.82872445881367 11.338790333829818 20.861862141638994 5.9953935933299363
leaf_count=257615 100 402 7 261 273 5 9669 1287 29 75 5288 93 291 331 159 822 152 124 7 1 445 161 45 135 39 2 62 55 105 99
internal_value=-1.39712e-11 0.00799765 0.00834385 0.00101213 -0.121278 -0.151184 0.0032855 0.0159343 0.0124313 0.0357078 0.00383605 -0.0997752 0.0445229 -0.0119923 -0.0571087 0.0309372 0.00252748 0.0517666 0.0598504 -0.10014 0.0546681 0.0827075 -0.0922716 0.0560172 0.0169269 -0.122028 0.0728539 -0.003623 0.0489863 -0.0252297
internal_weight=49361.1 1404.85 1402.35 713.332 13.0188 11.6919 700.313 689.016 631.871 170.404 461.466 10.4099 159.994 27.0407 20.2848 170.299 72.0409 98.2584 93.2937 4.96471 57.1452 39.2564 4.63082 132.954 40.0254 7.50342 92.9284 17.1675 32.5219 11.6601
internal_count=278139 20524 20424 10215 285 278 9930 10209 9201 1475 7726 168 1307 519 490 2438 1439 999 874 125 1008 606 52 788 380 137 408 117 243 138
is_linear=0
shrinkage=0.1


Tree=75
num_leaves=31
num_cat=0
split_feature=7 2 3 6 6 0 4 0 4 2 0 2 2 7 4 0 7 7 2 4 2 2 7 3 4 1 3 6 4 4
split_gain=11.572 6.99776 12.7262 24.3653 17.2225 15.0145 25.42 14.5396 13.8965 12.3424 12.9544 10.4733 13.066 18.7507 24.4761 19.4426 17.3068 12.8709 12.3649 11.5337 10.4528 25.8615 10.2477 10.0914 10.0325 11.215 8.62045 10.2959 8.02897 7.88584
threshold=21.500000000000004 0.68037050962448131 0.12231316044926645 517.50000000000011 60.500000000000007 0.76891562342643749 0.30865049362182623 0.76571959257125866 0.047044264152646072 0.68448880314826976 0.71960803866386425 0.74754998087883007 0.7221164107322694 26.500000000000004 0.036654546856880195 0.73333942890167247 40.500000000000007 29.500000000000004 0.71404603123664867 0.060654468834400184 0.68282982707023632 0.69218179583549511 43.500000000000007 0.15082462131977084 0.17411334812641147 0.73661366105079662 0.0065040821209549913 317.50000000000006 0.13789556175470355 0.23614600300788882
decision_type=2 2 2 2 2 2 2 2 2 2 2 2 2 2 2 2 2 2 2 2 2 2 2 2 2 2 2 2 2 2
left_child=-1 -2 3 4 8 6 7 9 -3 10 -4 12 13 14 -11 -16 18 -14 23 -17 -7 -22 -19 -15 -10 -26 27 -6 -21 -25
right_child=1 2 5 -5 26 20 -8 -9 24 11 -12 -13 17 16 15 19 -18 22 -20 28 21 -23 -24 29 25 -27 -28 -29 -30 -31
leaf_value=-0.00026268341248661094 0.01289954522228887 -0.17478104684612739 0.015244796631048453 0.083543560781611556 -0.17487168666362796 0.15018449326305647 -0.19793805484538793 -0.20061260114520804 0.11356778704337152 -0.19554899400506687 -0.19652852530704679 -0.20302594942038055 0.10059401303824018 -0.18473519254592893 -0.19652954983478618 0.13056608502527375 -0.17103266504167802 -0.20418671070003699 -0.19533679686567515 -0.20406534477471899 -0.20148844117243422 0.029451124950272928 0.097812076213319332 0.077499311751837385 -0.19623995707259273 0.16160690413577475 -0.16307214029797298 0.079339076191267274 0.010277424678746672 -0.089265346254484054
leaf_weight=47960.656807673076 1070.3800048533012 3.5167492907494298 5.2662000581622106 11.137798068579285 2.8104942614445489 6.5801431045401833 7.4901587096974245 3.827928466256707 8.2665579172316921 10.178189156576989 6.3976669306866825 2.3274470721371463 23.458273644093428 1.6647601586300869 4.5512316869571832 7.4716435838490751 3.9656718121841541 2.7636938225477925 2.0278892940841606 2.1249510515481225 5.0275519087444982 136.58015165815596 1.8933890066109595 41.300922410096973 2.6864879149943586 1.299416998401284 20.42267114459537 3.6785437675425783 9.8411355521529895 3.0445969738066188
leaf_count=257615 15954 146 54 112 161 26 200 96 64 215 135 39 113 58 93 21 122 62 57 32 109 1273 18 320 69 2 765 51 106 51
internal_value=-4.8997e-13 0.00892254 -0.00353905 -0.0481719 -0.0825437 0.00480779 -0.0187261 -0.00856505 0.000440862 -0.00283417 -0.100914 0.00697586 0.0112526 -0.00806112 -0.0656107 -0.0104796 0.0297496 0.0704472 0.0463247 0.0330829 0.0269771 0.021252 -0.0814057 0.0569759 0.0507337 -0.0795808 -0.131169 -0.0307632 -0.0277858 0.0660499
internal_weight=49372.6 1411.98 341.602 53.8187 42.6809 287.784 139.596 132.106 15.7692 128.278 11.6639 116.614 114.286 86.171 34.1672 23.989 52.0038 28.1154 48.0382 19.4377 148.188 141.608 4.65708 46.0103 12.2525 3.9859 26.9117 6.48904 11.9661 44.3455
internal_count=278139 20524 4570 1370 1258 3200 1792 1592 281 1496 189 1307 1268 1075 467 252 608 193 486 159 1408 1382 80 429 135 71 977 212 138 371
is_linear=0
shrinkage=0.1


Tree=76
num_leaves=31
num_cat=0
split_feature=7 1 1 5 6 2 7 2 5 2 2 7 0 7 0 5 1 1 1 6 4 6 1 7 1 0 4 6 4 6
split_gain=11.0218 10.4614 15.2938 13.5339 11.0946 8.94813 8.91974 10.7706 13.4063 18.0476 13.1057 10.7693 14.16 19.4153 10.007 9.04992 12.8287 11.0243 30.5127 12.766 10.7967 10.6386 9.01295 11.8607 9.03918 18.327 13.5988 13.8197 13.3392 16.9316
threshold=21.500000000000004 0.68546536564826976 0.69028070569038402 0.00092038675211370002 856.00000000000011 0.74754998087883007 29.500000000000004 0.72062629461288463 0.0088928430341184157 0.7268756926059724 0.7128196954727174 49.500000000000007 0.72483116388320934 36.500000000000007 0.73468595743179332 0.016147656366229061 0.67307072877883922 0.64859250187873851 0.66811984777450573 181.50000000000003 0.69365385174751293 511.00000000000006 0.6823544204235078 28.500000000000004 0.60614705085754406 0.68846336007118236 0.0083449399098753946 116.50000000000001 0.027684407308697704 885.50000000000011
decision_type=2 2 2 2 2 2 2 2 2 2 2 2 2 2 2 2 2 2 2 2 2 2 2 2 2 2 2 2 2 2
left_child=-1 5 3 -3 -4 6 7 10 9 -9 22 12 15 -14 -15 17 -17 -8 20 -20 -19 -21 24 -24 25 26 -2 -28 -29 -30
right_child=1 2 4 -5 -6 -7 11 8 -10 -11 -12 -13 13 14 -16 16 -18 18 19 21 -22 -23 23 -25 -26 -27 27 28 29 -31
leaf_value=-0.00025729238673057422 -0.044562797617286674 -0.11959595539090284 0.01419724739915872 0.071885549263418738 -0.20775283485868204 -0.1996942107481755 0.0057660992918196928 0.085382634181470199 0.13167322756263108 -0.1976191000403035 -0.18081353874194861 0.046341260990082407 -0.13529538492349222 -0.1789280323688365 0.03176304264705395 -0.17638615017746095 0.12145157160493524 -0.18405167423064447 -0.19082701972823915 0.077847100910442404 0.24518522458137082 -0.18864286926165433 -0.16231035941731828 0.097730690904126602 0.018057565869517306 -0.1813731267526984 0.042999721896896659 0.039819410679661715 -0.083222169674884966 0.1791394094066055
leaf_weight=47950.485479473922 54.700785608147271 3.892443837132304 410.83589958027005 71.39746033702977 2.2645813054405144 2.1842174873454487 184.86958245502319 6.1507874544477108 15.443875103257595 3.5563128809444606 3.6923858573427415 29.227495437371545 22.108284373185597 2.6155062620528069 16.323457383783534 6.4899151637218875 1.860852690413594 13.945118162548166 2.4380337375914705 16.166718108463105 0.61170474044047374 1.6510247769765545 6.4731827792711538 2.4058995041996241 406.2339457932685 5.9338810265762723 74.250183992320672 20.652612945763394 30.885040224296972 2.6726439818739882
leaf_count=257615 1330 70 4600 546 82 64 3423 47 59 85 112 540 701 121 315 260 7 551 91 193 2 65 157 19 5220 195 769 260 635 5
internal_value=-3.41366e-11 0.00867642 0.0205352 0.0619861 0.0129805 0.00247241 0.00294653 0.00966438 0.0737912 -0.0182985 0.00701123 -0.0113097 -0.0175718 -0.0716407 0.00266621 -0.00783903 -0.110017 -0.00395494 -0.0555778 0.0237876 -0.166014 0.0531537 0.00815905 -0.091849 0.00965062 -0.00841004 -0.00280655 0.014974 -0.023412 -0.0623268
internal_weight=49372.4 1421.93 488.39 75.2899 413.1 933.543 931.359 633.052 25.151 9.7071 607.901 298.308 269.08 41.0472 18.939 228.033 8.35077 219.682 34.8126 20.2558 14.5568 17.8177 604.208 8.87908 595.329 189.095 183.161 128.46 54.2103 33.5577
internal_count=278139 20524 5298 616 4682 15226 15162 8893 191 132 8702 6269 5729 1137 436 4592 267 4325 902 349 553 258 8590 176 8414 3194 2999 1669 900 640
is_linear=0
shrinkage=0.1


Tree=77
num_leaves=31
num_cat=0
split_feature=7 1 2 6 6 7 0 6 7 5 3 3 3 6 5 4 4 1 4 2 0 6 5 7 5 6 2 6 4 4
split_gain=12.3935 6.74942 13.5162 17.5121 14.0048 11.8092 11.9433 10.1064 9.88763 20.2319 13.831 9.95668 14.9551 9.93007 9.41552 16.3296 9.73155 8.9354 19.9706 12.0407 12.8114 10.8015 15.6452 12.7491 14.115 12.2958 23.1146 17.3315 12.2881 29.4057
threshold=21.500000000000004 0.55531242489814769 0.52129444479942333 98.500000000000014 154.50000000000003 36.500000000000007 0.42543646693229681 196.50000000000003 27.500000000000004 0.0044283710885792979 0.47343082726001745 0.18097601085901263 0.0041753835976123818 24.500000000000004 0.0017306029913015666 0.029181873425841335 1.0000000180025095e-35 0.65682831406593334 0.33835928142070776 0.52988240122795116 0.69262304902076732 468.50000000000006 0.0032211306970566515 29.500000000000004 0.00071199724334292125 230.50000000000003 0.56046026945114147 253.00000000000003 0.018655850552022461 0.045501600950956352
decision_type=2 2 2 2 2 2 2 2 2 2 2 2 2 2 2 2 2 2 2 2 2 2 2 2 2 2 2 2 2 2
left_child=-1 5 3 -3 -5 8 -7 -6 9 11 -10 12 -2 -11 15 16 -9 18 19 20 -4 25 23 -23 -25 -21 -27 -28 -29 -30
right_child=1 2 17 4 7 6 -8 14 10 13 -12 -13 -14 -15 -16 -17 -18 -19 -20 21 -22 22 -24 24 -26 26 27 28 29 -31
leaf_value=-0.00027293450540628845 0.077554700753164313 0.12031844871497821 -0.18406284745602816 -0.18654575755783032 0.094098432683908051 0.088787466237790366 -0.17100740297597994 0.098973118631349721 0.04151669891703872 -0.040706968249644038 -0.19550738927650355 0.039334785175421452 -0.17817677652802288 -0.18695432141993007 -0.039283592553059708 0.11217926292216876 -0.18259100221467947 0.01563754962121466 -0.11122174591810806 0.0079462705555275043 0.15601857729785229 0.081459079565233974 -0.17737886183969098 0.07989556435358644 -0.18619619646396227 -0.18105093204597736 -0.1790092688861786 0.048086566072006398 -0.19068437360987633 0.0017340570905008943
leaf_weight=47941.568296219019 3.7489744115155172 24.785738494247198 6.2068131288979194 3.0868413709104052 18.211178191704676 2.2543663638643912 8.2281767898239178 1.8293644897639776 46.515154130291194 8.8162967753596622 2.5994648970663539 28.359971156343818 5.8630257956683636 9.8075079473201168 22.482234949013218 14.20887906081043 3.7311337643768638 719.93118304753443 16.134642432560213 322.85472181433579 1.3483592567499725 42.185213776770979 2.9514156177174291 3.8923758943565181 4.0863728332333267 9.4593588516581786 6.120316353510133 28.829285865998827 9.6783336931839568 44.273386421031319
leaf_count=257615 30 120 192 82 191 32 369 26 680 166 53 314 221 261 466 98 111 8766 566 5106 7 361 116 27 156 322 225 600 232 628
internal_value=2.76403e-11 0.00919866 0.011253 0.0490238 0.0212173 -0.0138975 -0.115136 0.0318243 -0.00385838 -0.0323489 0.0289718 0.00952358 -0.0784337 -0.117722 0.00498313 0.0553244 -0.0899584 0.00851361 -0.00178465 0.00187955 -0.123369 0.00387452 0.0463701 0.0595345 -0.0563852 -0.00148418 -0.0324383 -0.0166255 -0.00461982 -0.0327837
internal_weight=49364 1422.48 1306.29 88.3354 63.5496 116.193 10.4825 60.4628 105.71 56.5958 49.1146 37.972 9.612 18.6238 42.2516 19.7694 5.5605 1217.95 498.021 481.886 7.55517 474.331 53.1154 50.164 7.97875 421.215 98.3607 88.9013 82.781 53.9517
internal_count=278139 20524 18398 1094 974 2126 401 892 1725 992 733 565 251 427 701 235 137 17304 8538 7972 199 7773 660 544 183 7113 2007 1685 1460 860
is_linear=0
shrinkage=0.1


Tree=78
num_leaves=31
num_cat=0
split_feature=7 2 1 6 6 3 3 4 5 6 7 4 1 0 7 4 7 3 6 7 5 2 2 1 6 1 1 0 4 7
split_gain=14.4268 7.88853 13.8114 15.4603 10.2237 18.723 12.8989 12.3789 10.671 10.2006 9.55121 7.89759 7.83981 11.3471 10.1236 8.77689 7.5102 7.47403 7.06232 6.92685 9.35249 6.74729 12.9879 11.7686 6.43941 16.3219 17.5099 16.1303 19.6008 12.9766
threshold=21.500000000000004 0.54441100358963024 0.55531242489814769 174.50000000000003 33.500000000000007 0.34335896372795111 0.42899160087108618 0.0050062655936926612 0.014191589783877136 110.50000000000001 35.500000000000007 0.0026041843229904775 0.57908698916435253 0.57271617650985729 36.500000000000007 0.0083449399098753946 35.500000000000007 0.20704679936170581 170.50000000000003 22.500000000000004 1.0000000180025095e-35 0.41195099055767065 0.53187957406044017 0.46011376380920416 331.50000000000006 0.60720628499984752 0.61627155542373668 0.79713848233222973 0.20035211741924289 51.500000000000007
decision_type=2 2 2 2 2 2 2 2 2 2 2 2 2 2 2 2 2 2 2 2 2 2 2 2 2 2 2 2 2 2
left_child=-1 2 4 10 5 21 7 11 -9 -8 17 -6 15 14 -14 -5 19 -4 -12 20 -15 -2 23 -23 27 -26 -27 -3 -29 -28
right_child=1 24 3 12 6 -7 9 8 -10 -11 18 -13 13 16 -16 -17 -18 -19 -20 -21 -22 22 -24 -25 25 26 29 28 -30 -31
leaf_value=-0.00029475005845041902 0.14501873437807189 0.0044269752093936219 0.12594942209640342 -0.15881563241655586 -0.033477422463686596 -0.19500461080941908 -0.19937873262670697 -0.14217858284256496 0.081977790586618998 0.079685533754958682 -0.17404724689041717 0.1589462685069534 -0.18808612042387396 0.17081079778836239 0.078116025666898806 0.10032708916667704 -0.13313187303843996 0.057366175363476261 0.13141217841195532 0.035435395032121592 -0.18815134005398615 0.056996187113621671 0.12193040890258289 -0.17785409864610716 -0.11106654505775537 0.11311364574813465 0.017911763363792198 -0.1634449124162215 0.0055205723074381917 -0.15885445912999013
leaf_weight=47934.677311875828 7.9093813304789427 802.77550983044785 29.758263294119388 1.4371009287424374 9.2281752357957867 3.0179231970105311 1.4784969906322647 18.492130005965013 2.399306899867951 11.481903408654032 2.4433636164758346 2.7741266125813118 5.4470406805630764 0.95438074134290163 1.9365028848405925 14.432450703578068 3.2404093255754551 34.095607929863036 1.0966112343594434 44.464793878141791 3.0307656903751194 4.5403769346885401 8.3423521320801211 4.0255629785824567 9.611390410223974 19.516890542581677 345.09265841182787 12.875189917744139 14.709052508929743 4.2036007104907176
leaf_count=257615 33 11847 233 110 358 74 47 600 14 100 107 39 173 4 37 169 167 242 5 542 83 60 48 129 341 144 4211 259 151 197
internal_value=3.27952e-11 0.00991623 0.0275173 0.0457105 -0.0076242 0.0401826 -0.0366452 -0.0699371 -0.116435 0.0478504 0.0804646 0.010998 0.0144575 -0.00230625 -0.118269 0.0768599 0.014258 0.0893285 -0.0794222 0.0241157 -0.102185 0.0687823 0.0331203 -0.0533717 0.00677066 0.0175823 0.0209349 0.0018434 -0.0733456 0.0157845
internal_weight=49359.5 1424.81 216.027 142.337 73.6897 27.8356 45.8541 32.8937 20.8914 12.9604 67.3938 12.0023 74.9434 59.0739 7.38354 15.8696 51.6903 63.8539 3.53997 48.4499 3.98515 24.8177 16.9083 8.56594 1208.78 378.425 368.813 830.36 27.5842 349.296
internal_count=278139 20524 3374 1872 1502 344 1158 1011 614 147 587 397 1285 1006 210 279 796 475 112 629 87 270 237 189 17150 4893 4552 12257 410 4408
is_linear=0
shrinkage=0.1


Tree=79
num_leaves=31
num_cat=0
split_feature=7 0 2 1 0 7 0 5 2 1 6 7 3 5 2 1 6 3 2 4 1 3 0 3 3 7 6 5 4 5
split_gain=13.4639 11.1278 14.2191 13.0138 21.5444 10.3914 10.3139 26.2574 17.5973 10.6862 10.6462 9.79861 8.64364 7.72118 12.7386 11.3206 14.8101 9.00879 11.6566 13.1743 13.2426 10.1825 21.8413 18.9817 18.8235 13.1231 12.9605 11.4404 9.95929 10.4714
threshold=21.500000000000004 0.60919541120529186 0.46351332962512976 0.58421465754508983 0.62675082683563244 43.500000000000007 0.68776041269302379 0.0036402245750650768 0.59718966484069835 0.57770839333534252 11.500000000000002 28.500000000000004 0.019854410551488403 0.018412980251014236 0.72373235225677501 0.63094812631607067 8.5000000000000018 1.0000000180025095e-35 0.76048099994659435 0.53804799914360057 0.5855679214000703 0.073896013200283064 0.73811140656471264 0.11120926588773729 0.097028259187936797 50.500000000000007 856.00000000000011 0.0080227311700582522 0.020705347880721096 0.0042500444687902936
decision_type=2 2 2 2 2 2 2 2 2 2 2 2 2 2 2 2 2 2 2 2 2 2 2 2 2 2 2 2 2 2
left_child=-1 5 -3 4 -4 -2 7 -6 9 11 -10 -9 -13 17 15 16 -15 18 19 20 -5 22 27 24 25 -23 -25 -19 -24 -30
right_child=1 2 3 13 6 -7 -8 8 10 -11 -12 12 -14 14 -16 -17 -18 21 -20 -21 -22 23 28 26 -26 -27 -28 -29 29 -31
leaf_value=-0.00028571430034833611 0.03464478970930393 0.12063877603738789 -0.17591430539150485 0.1631929674485042 -0.18382483757893456 -0.15214956635373991 0.12392273401671168 0.11084068352396451 0.03610866221047615 -0.17722402445664587 -0.17810522244197358 0.12738129429399137 -0.18096643810133126 0.098374639803877645 -0.19212235916487053 0.090286042421303225 -0.1730775557957209 0.05709967894608451 0.10206035977147768 0.12205808758935077 -0.1629315468538664 -0.051841834557494929 -0.15853630735815827 0.0069383739012717511 -0.1680841748264589 0.11755580010690614 -0.18998371557907107 -0.087964334669098726 -0.070481350140835328 0.06990740786185988
leaf_weight=47934.325487712602 192.02424923039507 10.735615373123435 9.8846563396509719 1.3773600235581458 8.7221087256912124 3.0250680923927566 4.8958578114397815 17.423480372410275 3.66197322309017 1.7645840845070768 6.331223790650256 1.4572040527127677 2.4170078698080033 3.8635885787662101 2.0647186856949693 30.898295636754483 4.1890989628154784 113.81157644419 3.6394635349279261 2.3880981777328989 12.966812203376319 24.414963153772991 6.2636266476474729 917.51010726753157 12.04300781432539 5.6272611534222952 3.3544126395136109 5.7092665149830273 13.656209255568685 8.6963059701374714
leaf_count=257615 2912 56 380 3 282 230 47 117 59 72 218 6 98 39 52 221 161 1596 33 33 817 791 392 10660 513 41 125 179 275 116
internal_value=-2.35674e-11 0.00954513 0.00605206 0.00505114 -0.0418004 0.0317477 -0.0133973 -0.0294897 0.0112336 0.0592625 -0.0996073 0.0788561 -0.0649879 0.00731118 0.0499332 0.0627641 -0.0428379 0.00576611 -0.0601321 -0.0954109 -0.131616 0.00697436 0.0313818 0.00321959 -0.0624551 -0.0201117 0.00622105 0.0501703 -0.0470917 -0.0158627
internal_weight=49369.1 1434.82 1239.77 1229.03 56.5581 195.049 46.6734 41.7776 33.0555 23.0623 9.9932 21.2977 3.87421 1172.47 41.0157 38.951 8.05269 1131.46 20.3717 16.7323 14.3442 1111.09 148.137 962.95 42.0852 30.0422 920.865 119.521 28.6161 22.3525
internal_count=278139 20524 17382 17326 1279 3142 899 852 570 293 277 221 104 16047 473 421 200 15574 886 853 820 14688 2558 12130 1345 832 10785 1775 783 391
is_linear=0
shrinkage=0.1


Tree=80
num_leaves=31
num_cat=0
split_feature=7 2 3 6 3 0 6 7 0 5 6 0 0 2 5 5 1 5 7 5 3 3 0 1 3 5 2 1 3 4
split_gain=12.7348 7.73237 9.78522 13.0604 10.7473 11.526 11.0065 7.74468 17.0813 10.5512 15.6968 23.0895 12.9568 13.1153 12.7546 11.0142 15.5068 7.26653 6.92076 15.0115 11.4464 9.68939 13.7187 8.13539 6.8466 6.78314 6.74948 9.5668 6.41439 33.2264
threshold=21.500000000000004 0.54441100358963024 0.3337045311927796 110.50000000000001 0.42212028801441198 0.59135532379150402 363.50000000000006 39.500000000000007 0.64993223547935497 0.001591934298630804 170.50000000000003 0.73608314990997326 0.7212599813938142 0.64364361763000499 0.0029680931475013499 0.0069957259111106404 0.64798268675804149 0.0088928430341184157 36.500000000000007 0.003295435919426382 0.48871925473213201 0.41226664185523992 0.71626019477844249 0.6436508595943452 0.0055478608701378116 0.0051449153106659659 0.46861025691032415 0.55978897213935863 0.58619046211242687 0.19449184834957126
decision_type=2 2 2 2 2 2 2 2 2 2 2 2 2 2 2 2 2 2 2 2 2 2 2 2 2 2 2 2 2 2
left_child=-1 2 -2 26 5 -5 -7 18 24 -10 14 12 13 -12 -11 -16 17 -17 28 20 23 -21 -23 -20 -9 -6 27 -4 -3 -30
right_child=1 7 3 4 25 6 -8 8 9 10 11 -13 -14 -15 15 16 -18 -19 19 21 -22 22 -24 -25 -26 -27 -28 -29 29 -31
leaf_value=-0.00027803288049999008 0.040385352043279477 0.0037504686604617325 -0.18711007221207915 -0.17841203624797375 0.054080068629663094 0.051535289164975573 -0.20010260789141379 0.10128230053014352 0.081683286589589343 -0.19201689175442221 -0.13915950671147648 -0.17108996500740148 0.11168266152954415 0.065541650339148938 0.10357384779145265 -0.14780092548893831 -0.18461468447764937 0.085780459821412205 0.039717091196232367 -0.15328321397666211 0.13090319026116812 0.095712340577698368 -0.19976689219410607 -0.09184830738020712 -0.1634369556259104 -0.088860931874088223 -0.18957026694884213 0.100423184571412 0.10682081249994789 -0.12957413201584694
leaf_weight=47917.763479254412 153.63003313052468 1017.0927970605844 2.0461253023240698 5.1918946243822601 36.234225092921406 8.8764467604923976 2.1614497881382695 1.1684399747755367 38.992227099952288 1.9948716743383546 6.8858579536899978 9.1058722486486641 8.8526858645491284 5.7382489517331123 28.077330559492111 1.5395324027631421 3.5667241995688519 9.8720688030589354 9.7824096553959006 12.565140748454725 6.4453284554183474 4.5570745069999239 2.3982055694796145 9.0462577405851317 5.9638121360912919 3.6546910232864311 5.2254715100862086 2.6633898345753551 24.341370740905404 7.8675067499279967
leaf_count=257615 2512 13837 68 195 268 73 53 23 389 63 273 366 105 110 231 49 134 130 161 459 19 39 36 256 283 44 152 9 90 97
internal_value=7.16254e-12 0.00928065 0.0265466 -0.00564005 0.0130693 -0.0555373 0.00225935 0.00616099 0.0300854 0.0394283 0.017644 -0.0376478 0.0189299 -0.0461132 0.055179 0.0666322 -0.00261601 0.0542681 0.00349854 -0.034995 0.0158803 -0.100866 -0.00616996 -0.0234937 -0.120069 0.0409836 -0.111322 -0.0245003 0.00514181 0.0490778
internal_weight=49353.3 1435.54 219.684 66.0537 56.1187 16.2298 11.0379 1215.85 121.758 114.625 75.6332 30.5827 21.4768 12.6241 45.0505 43.0557 14.9783 11.4116 1094.1 44.7944 25.274 19.5204 6.95528 18.8287 7.13225 39.8889 9.93499 4.70952 1049.3 32.2089
internal_count=278139 20524 3374 862 633 321 126 17150 2156 1850 1461 854 488 383 607 544 313 179 14994 970 436 534 75 417 306 312 229 77 14024 187
is_linear=0
shrinkage=0.1


Tree=81
num_leaves=31
num_cat=0
split_feature=7 3 6 6 7 7 5 0 2 1 2 0 6 4 1 1 7 6 1 1 4 6 4 4 7 5 4 0 4 5
split_gain=12.2166 6.38464 19.0996 9.35193 20.5153 12.8668 10.704 11.5771 9.91274 17.3401 9.63757 11.0748 8.99228 10.2092 8.84502 13.7225 11.9125 11.3226 12.2163 9.82295 9.18736 8.0458 8.03996 7.94004 7.8703 11.8816 9.42427 7.86721 10.1075 8.24523
threshold=21.500000000000004 1.0000000180025095e-35 472.00000000000006 42.500000000000007 12.500000000000002 19.500000000000004 0.014191589783877136 0.7722793221473695 0.50900453329086315 0.55531242489814769 0.52794724702835094 0.60327762365341198 36.500000000000007 0.26860013604164129 0.72567862272262584 0.65254041552543651 8.5000000000000018 270.50000000000006 0.75578656792640697 0.75578656792640697 0.35767590999603277 67.500000000000014 0.40031056106090551 0.41395762562751776 2.5000000000000004 0.0048352002631872901 0.14855109900236133 0.82744947075843822 0.029181873425841335 0.0031959095504134898
decision_type=2 2 2 2 2 2 2 2 2 2 2 2 2 2 2 2 2 2 2 2 2 2 2 2 2 2 2 2 2 2
left_child=1 2 3 5 6 12 8 -8 21 -10 -11 -12 -1 -14 15 24 17 -16 -19 -18 -17 -5 -22 -6 -13 26 -26 -3 29 -29
right_child=-2 27 -4 4 23 -7 7 -9 9 10 11 14 13 -15 16 20 19 18 -20 -21 22 -23 -24 -25 25 -27 -28 28 -30 -31
leaf_value=0.00096674867675681998 0.0090667299162522415 -0.00017597175480940419 -0.090542684670221141 -0.10669713275705535 0.044714945676393801 -0.17462440055506234 -0.16348632043814926 0.032087178683035719 -0.15373574895560541 -0.17441344032616946 0.097236467730995715 -0.012015883543995217 0.092035088561101583 -0.089771170198371289 -0.18489338344379189 0.014272504463059313 -0.10681499034619402 0.010562150194317839 -0.16658292637050864 0.10685125983156279 -0.17176704894069847 0.058204052205180115 -0.019881447292621646 -0.16914489532710464 0.032173765479992039 -0.112535885900596 -0.074604034024210841 -0.011502274431447509 0.030747374098310933 -0.21156575098429631
leaf_weight=542.19510664674453 1442.663455969654 46782.173068411532 27.398270049248822 3.4107809481211033 54.936363567132503 4.0799689954146734 10.92279327707365 4.1870069652795783 10.632040677359326 4.1801632542628786 7.6487329069059333 44.812706319091376 19.999231714289639 3.652839047368615 10.532790583558382 113.73052866815124 3.4146202052943391 10.874577598646285 6.0637260645162305 5.8172354411799461 4.9727881631115478 22.330350484582596 11.649878584896213 1.7927098080981512 15.249056259635834 29.918545540509513 18.049773160251789 6.3159556796308589 130.73547578696162 3.0570939423050731
leaf_count=4429 20524 243726 1006 49 1136 119 275 25 201 87 66 951 117 51 162 1669 41 67 47 21 123 247 146 72 279 1274 581 36 572 40
internal_value=2.82185e-11 -0.00027299 -0.00821021 -0.00587276 -0.0176954 0.00232383 -0.027025 -0.109292 -0.02318 -0.0283304 -0.0236833 -0.0214548 0.0035997 0.0639568 -0.024755 -0.0177189 -0.0704535 -0.10348 -0.0528538 0.0278217 0.00412297 0.0363541 -0.0653191 0.0379567 -0.0440742 -0.0667993 -0.0257056 -0.00010511 0.0235557 -0.0767546
internal_weight=49357.4 47914.7 992.453 965.054 395.127 569.927 338.398 15.1098 323.288 297.547 286.915 282.735 565.847 23.6521 275.086 238.383 36.7029 27.4711 16.9383 9.23186 130.353 25.7411 16.6227 56.7291 108.03 63.2174 33.2988 46922.3 140.109 9.37305
internal_count=278139 257615 13241 12235 7519 4716 6311 300 6011 5715 5514 5427 4597 168 5361 5023 338 276 114 62 1938 296 269 1208 3085 2134 860 244374 648 76
is_linear=0
shrinkage=0.1


Tree=82
num_leaves=31
num_cat=0
split_feature=7 0 6 2 7 6 7 0 3 4 0 4 1 0 6 4 0 1 3 1 0 0 2 6 4 5 5 0 5 1
split_gain=9.34026 6.18442 10.2472 5.973 9.30007 9.0924 8.61466 8.47849 6.19492 18.7131 11.2206 6.7451 8.61817 14.1998 6.40294 22.6909 14.791 10.6917 10.2752 12.0685 10.1657 19.3814 11.6439 29.5762 14.0011 11.592 16.5051 13.6207 16.3081 13.5869
threshold=21.500000000000004 0.82744947075843822 781.50000000000011 0.54441100358963024 39.500000000000007 655.50000000000011 43.500000000000007 0.64993223547935497 0.58619046211242687 0.19449184834957126 0.7864569127559663 0.39054678380489355 0.66646891832351696 0.67083686590194713 340.50000000000006 0.30375057458877569 0.8121471405029298 0.8214436173439027 0.062578320503234877 0.60720628499984752 0.7864569127559663 0.69925904273986828 0.58560243248939525 483.50000000000006 0.0020746977534145121 0.0048795368056744346 0.0045501079875975856 0.71192598342895519 0.00073719141073524963 0.71600750088691723
decision_type=2 2 2 2 2 2 2 2 2 2 2 2 2 2 2 2 2 2 2 2 2 2 2 2 2 2 2 2 2 2
left_child=1 -1 -3 6 8 7 -2 -6 11 -10 -11 14 13 -13 16 17 -5 18 -16 -20 21 22 23 24 -21 26 27 -23 -29 -30
right_child=3 2 -4 4 5 -7 -8 -9 9 10 -12 12 -14 -15 15 -17 -18 -19 19 20 -22 25 -24 -25 -26 -27 -28 28 29 -31
leaf_value=-0.0003099856706789382 0.025173451059239006 0.022296522585779951 -0.11308843338266161 -0.0049672503372073448 -0.087909332783968758 -0.20138570161088923 -0.14409023859365191 0.040190061645185571 0.085332472416838043 -0.20157682744864613 0.064365862492019157 0.058604045573687348 0.063264268855710348 -0.16676601743107572 0.058187084504698908 -0.19618814447641342 -0.19572955693176697 -0.19028359548283588 -0.16053538656438315 0.12510856463741354 0.059662725519300158 -0.13678989004381678 0.050619136249472896 0.052552156501731034 -0.19809564315104777 -0.20774978681032216 0.1471158682781683 -0.20120852595036812 0.015883681134285555 -0.075687413690719518
leaf_weight=47708.143025332887 222.00562197109684 178.34889716713224 5.7715715807862571 698.65782053652219 5.4086070185294366 1.6569732644129533 3.0481249974109224 115.58517038170248 25.176481075584892 4.2342580882832399 2.5370906889438629 6.6033465425716695 34.615299843950197 4.8484044667566195 48.801629294088343 5.2023320524021974 4.0883395189885041 2.5323178102262309 4.1694236916955552 1.561433801427486 36.797521944157779 10.798106821952386 84.673081536660902 19.52018928155303 9.4647569423541409 3.4484646902419618 5.5063425067346534 4.6002134650479993 62.491221663774922 21.875254592858255
leaf_count=256636 3113 939 40 10163 295 80 261 1781 91 91 12 127 236 250 610 125 122 86 228 12 250 221 655 154 178 86 23 106 853 315
internal_value=1.88791e-11 -0.000239391 0.0180526 0.00790739 0.00515615 0.0312776 0.0228809 0.0344638 0.00224942 0.0456414 -0.101933 0.000954141 0.0383863 -0.0368124 -0.000729525 0.0109614 -0.00607704 0.0143691 0.0160211 0.00825318 0.0109523 0.00294819 0.0315253 -0.0214019 -0.152326 -0.0273374 -0.0214275 -0.0307299 -0.0178572 -0.00785965
internal_weight=49342.2 47892.3 184.12 1449.91 1224.85 122.651 225.054 120.994 1102.2 31.9478 6.77135 1070.26 46.0671 11.4518 1024.19 321.442 702.746 316.24 313.708 264.906 260.737 223.939 115.219 30.5464 11.0262 108.72 105.271 99.7648 88.9667 84.3665
internal_count=278139 257615 979 20524 17150 2156 3374 2076 14994 194 103 14800 613 377 14187 3902 10285 3777 3691 3081 2853 2603 999 344 190 1604 1518 1495 1274 1168
is_linear=0
shrinkage=0.1


Tree=83
num_leaves=31
num_cat=0
split_feature=7 4 6 6 1 1 0 2 0 6 2 1 0 2 4 5 2 0 5 4 3 7 6 4 2 2 4 4 3 5
split_gain=10.5805 5.86665 5.37115 5.74185 9.87486 10.3956 11.6708 9.29475 8.10154 7.25127 14.4643 10.6226 10.314 10.7173 16.2563 9.06174 7.64527 13.942 21.3387 12.299 13.9975 12.8424 14.3458 19.2989 12.2286 10.8993 10.3872 18.6797 10.7516 16.0453
threshold=21.500000000000004 0.4171940833330155 914.50000000000011 342.00000000000006 0.53004002571105968 0.61627155542373668 0.67083686590194713 0.54113742709159862 0.81775686144828807 266.50000000000006 0.66975384950637828 0.75578656792640697 0.71060019731521618 0.59165185689926159 0.32335007190704351 0.0049771887715905913 0.6016795039176942 0.6725372076034547 0.0026914278278127317 0.16693723201751712 0.40339741110801702 22.500000000000004 32.500000000000007 0.37047930061817175 0.60431998968124401 0.59445649385452282 0.36157394945621496 0.31605799496173864 0.024310832843184475 0.0010343936737626793
decision_type=2 2 2 2 2 2 2 2 2 2 2 2 2 2 2 2 2 2 2 2 2 2 2 2 2 2 2 2 2 2
left_child=-1 2 3 8 -5 6 -6 -7 9 16 12 15 -11 -14 -15 -12 19 18 -18 -2 21 -21 -23 -24 -19 -22 27 28 29 -26
right_child=1 -3 -4 4 5 7 -8 -9 -10 10 11 -13 13 14 -16 -17 17 24 -20 20 25 22 23 -25 26 -27 -28 -29 -30 -31
leaf_value=-0.00025448578667468149 0.028538495916413633 0.04295207174767994 -0.1745108164890451 -0.17207680011505114 0.071103218418018352 -0.062726209005884728 -0.17907207794567651 0.016314339584032344 -0.18722234525707904 -0.022770384272776851 0.048639078502620239 -0.17405092287833962 0.043365696849161188 -0.19081336015122219 0.043779746572061927 -0.12671371822277863 -0.18513312873901339 -0.19150819635347707 -0.018135886704940898 0.06295188179317697 0.056119984191702138 0.014312475328810262 -0.17028436208348141 0.072164422785323576 0.067722484971080535 -0.19590300085525428 -0.094659595761795667 0.079649177741606028 0.0061125279909545029 -0.12738268252237692
leaf_weight=47889.668920159049 268.51302030525403 47.598157197469845 1.6238721613772202 2.7252342908177516 48.279871883569285 15.58189866109751 1.9396314441692073 329.23770623360178 2.2241719208541317 63.703060471569188 42.885446324013174 2.5254261074587694 4.0156212323345271 13.190343072987163 3.8062504162080577 3.1645026752958065 9.6128534206654859 3.1528885574080041 37.501770444912836 7.3795189540833226 23.900243860902268 10.391207049484363 18.653809812793046 3.9844362775329492 6.0224380204454091 1.8487453013658512 10.021131125278769 33.970756175345741 414.68812581442762 14.045980360882821
leaf_count=257615 3532 665 58 129 772 303 57 3984 96 1124 493 43 32 364 25 72 308 71 689 75 251 137 530 31 93 28 214 278 5364 706
internal_value=-1.01486e-11 0.00842715 0.00725216 0.00746345 0.0176247 0.0189334 0.0614407 0.0127426 0.00341844 0.00384374 -0.0178654 0.0256379 -0.04281 -0.103564 -0.138278 0.036589 0.00719406 -0.000289236 -0.0522085 0.0190229 -0.0195975 -0.0563152 -0.0829621 -0.127612 0.00478682 0.038025 0.00607956 0.00823331 0.00265305 -0.0688325
internal_weight=49335.9 1446.19 1398.59 1396.97 397.764 395.039 50.2195 344.82 999.202 996.978 133.291 48.5754 84.7153 21.0122 16.9966 46.0499 863.687 529.016 47.1146 334.671 66.158 40.409 33.0295 22.6382 481.901 25.749 478.748 468.727 434.757 20.0684
internal_count=278139 20524 19859 19801 5245 5116 829 4287 14556 14460 2153 608 1545 421 389 565 12307 7723 997 4584 1052 773 698 561 6726 279 6655 6441 6163 799
is_linear=0
shrinkage=0.1


Tree=84
num_leaves=31
num_cat=0
split_feature=7 4 4 3 5 5 2 0 3 6 2 1 6 3 3 3 0 0 0 6 7 6 6 0 0 3 3 1 2 6
split_gain=11.4722 5.44958 10.7397 11.2035 20.6281 11.0268 19.1281 21.0471 21.1473 19.8895 16.8011 20.8247 17.2464 16.8362 18.2956 16.401 16.1913 18.3087 14.9623 13.1645 24.0882 12.8728 17.4292 12.6498 15.3045 12.3522 12.1929 12.185 13.863 25.2384
threshold=21.500000000000004 0.30865049362182623 0.31605799496173864 0.0041753835976123818 0.023635348305106166 0.0022476962767541413 0.65277022123336803 0.7066352665424348 0.27033920586109167 29.500000000000004 0.58668899536132824 0.68358919024467479 154.50000000000003 0.036604784429073341 0.0041753835976123818 0.22009174525737765 0.52873709797859203 0.46343326568603521 0.7312254309654237 12.500000000000002 3.5000000000000004 222.50000000000003 286.50000000000006 0.70991694927215587 0.68776041269302379 0.014445649925619366 0.031302491202950485 0.69028070569038402 0.64297714829444896 348.50000000000006
decision_type=2 2 2 2 2 2 2 2 2 2 2 2 2 2 2 2 2 2 2 2 2 2 2 2 2 2 2 2 2 2
left_child=1 -1 3 4 -3 6 10 8 -8 -10 13 15 -13 14 -4 18 17 -15 23 20 -17 -14 -23 24 -12 -26 -25 -24 29 -29
right_child=-2 2 5 -5 -6 -7 7 -9 9 -11 11 12 21 16 -16 19 -18 -19 -20 -21 -22 22 27 26 25 -27 -28 28 -30 -31
leaf_value=-0.00059186457151515692 0.0087702087699178255 -0.14005928878571675 0.017954313211980162 0.023983765848882115 0.16957904179817632 0.0048468785061899404 0.10860686019458735 -0.0019916162293525759 0.041712737971253119 -0.13783730202141467 -0.015378318937507443 -0.16105272652388797 0.10362798949077248 0.083670617895434271 -0.09778203975278249 0.051884142102370606 0.020515753885036517 -0.16547312122695571 -0.19468466284994213 -0.11182677694720328 -0.19673568505712938 -0.14014495865645499 0.10607682064827131 -0.049887026088414527 -0.0026281674283834904 -0.16898937879707229 0.10453632622985237 0.14135720708125338 -0.10535070376865324 -0.051769441504094453
leaf_weight=43786.869757292618 1447.7546202114027 9.8208702149568108 23.310664365533739 322.53762453375384 2.7551319077610961 2815.7676442391821 37.898121146019548 366.64223919576034 27.144438736140728 7.9842610694468013 62.675529181957245 5.7632633526809505 14.323139720596371 4.2087380578741422 32.986951934173703 13.969473861157896 177.66565280035138 9.8587643720675242 5.27604473568499 62.454271115828305 5.4047602149657896 7.9140599127858868 12.292877020314334 8.2448668393772113 6.6000863746739951 13.784807455725966 13.460662559606133 11.614206505939366 10.643776490818707 16.212456719018519
leaf_count=237235 20524 202 139 1334 5 13821 125 1781 86 59 356 42 47 28 217 39 856 106 44 476 66 49 36 76 80 72 34 24 64 116
internal_value=7.10741e-12 -0.000265097 0.00321686 0.0203733 -0.0722242 0.00169349 -0.00757176 0.00777295 0.0567974 0.000903531 -0.0205794 -0.0378094 0.00548571 -0.0017791 -0.0498601 -0.0555823 0.0123387 -0.0909339 -0.0303705 -0.0894868 -0.0174724 0.0186336 -0.00211348 -0.0220955 -0.0398587 -0.115126 0.0458785 0.0194058 -0.00828915 0.0288372
internal_weight=49343.8 47896.1 4109.22 335.114 12.576 3774.1 958.334 439.669 73.0268 35.1287 518.665 270.634 78.7638 248.031 56.2976 191.871 191.733 14.0675 110.042 81.8285 19.3742 73.0005 58.6774 104.766 83.0604 20.3849 21.7055 50.7633 38.4704 27.8267
internal_count=278139 257615 20380 1541 207 18839 5018 2051 270 145 2967 1621 378 1346 356 1243 990 134 662 581 105 336 289 618 508 152 110 240 204 140
is_linear=0
shrinkage=0.1


Tree=85
num_leaves=31
num_cat=0
split_feature=7 3 3 0 2 3 7 1 6 1 2 5 1 3 6 6 0 7 6 7 6 6 6 5 4 2 6 5 1 3
split_gain=7.35039 6.24582 14.9822 7.63409 11.8207 10.2463 8.41463 8.09601 9.40695 15.8943 11.319 15.0824 8.30743 9.63774 6.97531 6.40207 13.1228 6.30576 5.85776 8.26458 5.8406 12.0504 9.09913 13.2112 11.982 16.8527 14.5473 14.0431 12.0943 11.5425
threshold=21.500000000000004 0.080166205763816847 0.085786435753107085 0.75310131907463085 0.71791988611221325 0.065320689231157317 29.500000000000004 0.73469409346580516 403.50000000000006 0.68794977664947521 0.60950163006782543 0.0017204304458573463 0.61359968781471264 0.077071577310562148 375.00000000000006 512.50000000000011 0.70791763067245495 42.500000000000007 244.50000000000003 24.500000000000004 23.500000000000004 14.500000000000002 54.500000000000007 0.0080227311700582522 0.011075221467763187 0.57610240578651439 101.50000000000001 0.0026914278278127317 0.67668294906616222 0.013675253372639419
decision_type=2 2 2 2 2 2 2 2 2 2 2 2 2 2 2 2 2 2 2 2 2 2 2 2 2 2 2 2 2 2
left_child=-1 3 -3 7 5 -5 -6 8 9 14 11 -10 -13 -14 20 -12 -17 -11 -9 -20 21 -2 -22 24 26 28 -24 -28 -26 -27
right_child=1 2 -4 4 6 -7 -8 18 10 17 15 12 13 -15 -16 16 -18 -19 19 -21 22 -23 23 -25 25 29 27 -29 -30 -31
leaf_value=-0.00021317057915076336 0.018364908566787339 -0.15618609419217963 0.0048955460006236571 -0.17091756866222485 0.059453494135669638 0.06370795472906858 -0.17144455990149132 0.14854515835134161 -0.19174279631451352 -0.18137553954056754 0.12251905331339896 0.1205486997450743 -0.18458546018301872 0.16269997735499694 -0.16961990979571773 -0.18854647936027705 0.077087645263414037 0.074307481233733874 0.096919544886202982 -0.17882440350224038 0.074347146602351519 -0.166102427134979 -0.17012775338186734 -0.15789812666081993 -0.18414524142445671 -0.11195995071052077 -0.049462731808781718 0.1129415696891521 0.14564181150811845 0.039025126623159774
leaf_weight=47854.317171934992 12.413137915311383 5.8015666119754306 1219.1256828599726 7.6423067701980489 11.885631678393109 2.4605882738251239 1.8199996958719555 9.1750208619050664 3.6633756589144459 5.7317715161480001 22.180437320261262 5.8790003480389696 2.4574598798062652 1.1841593319550159 1.9693753325846035 2.1883704345673314 12.385519918985663 1.1597350339870898 3.7063497072085729 1.5379879048559812 31.07879788603168 4.9548500117380163 2.4772456896025679 4.378620281291659 7.6524754930287582 5.979198077635373 6.6300072789890683 27.036543244379573 1.3010954130440948 33.053164315409958
leaf_count=257615 263 296 15482 376 138 71 97 26 112 189 144 40 83 6 74 56 125 30 23 52 384 189 101 295 284 358 357 473 7 393
internal_value=-4.22986e-11 0.0069923 0.00413262 0.0219631 -0.0317043 -0.113774 0.0287921 0.0280425 0.0227158 0.00988704 0.0601746 -0.0193165 0.0470303 -0.0716573 0.0172404 0.0886885 0.0372008 -0.138348 0.100358 0.0160531 0.0199274 -0.0342611 0.0277974 0.0114519 0.0202659 -0.012487 0.0637499 0.080959 -0.136222 0.0158964
internal_weight=49313.2 1458.91 1224.93 233.982 23.8085 10.1029 13.7056 210.174 195.754 145.816 49.9383 13.184 9.52062 3.64162 138.925 36.7543 14.5739 6.89151 14.4194 5.24434 136.955 17.368 119.587 88.5083 84.1297 47.9859 36.1438 33.6666 8.95357 39.0324
internal_count=278139 20524 15778 4746 682 447 235 4064 3963 3397 566 241 129 89 3178 325 181 219 101 75 3104 452 2652 2268 1973 1042 931 830 291 751
is_linear=0
shrinkage=0.1


Tree=86
num_leaves=31
num_cat=0
split_feature=7 3 6 5 4 7 6 3 6 6 5 7 4 3 5 6 4 4 3 1 1 5 5 6 1 2 0 4 7 4
split_gain=7.63022 10.4624 15.8862 21.34 12.9445 11.7041 11.3597 10.2855 16.9699 10.4541 10.793 13.5604 10.2191 10.0264 9.38132 11.7236 10.5013 11.5419 11.9485 8.94645 13.0336 10.0864 9.48382 8.66501 8.42499 8.16627 7.92213 6.89592 16.1498 11.9439
threshold=24.500000000000004 0.071928143501281752 678.00000000000011 0.00062285896274261187 1.0000000180025095e-35 25.500000000000004 499.50000000000006 0.16653460264205935 39.500000000000007 55.500000000000007 0.018412980251014236 25.500000000000004 0.0030627943342551593 0.13608510792255404 0.005684126168489457 42.500000000000007 0.2586581707000733 0.34760613739490515 0.021590502932667736 0.72859203815460216 0.72320851683616649 0.0062272038776427516 0.0015777019434608521 69.500000000000014 0.70596784353256237 0.50032636523246776 0.42543646693229681 0.32100023329257971 25.500000000000004 0.27079217135906225
decision_type=2 2 2 2 2 2 2 2 2 2 2 2 2 2 2 2 2 2 2 2 2 2 2 2 2 2 2 2 2 2
left_child=-1 5 6 -4 -5 23 7 8 13 -10 11 -11 -8 -3 15 -7 25 -18 -19 20 21 22 -13 26 -24 -17 -2 29 -29 -9
right_child=1 2 3 4 -6 14 12 27 9 10 -12 19 -14 -15 -16 16 17 18 -20 -21 -22 -23 24 -25 -26 -27 -28 28 -30 -31
leaf_value=-0.00017806786422082464 0.14654201638723266 0.070870184904893205 0.070802068185821937 0.11036966972099992 -0.19348844133867571 -0.17377472693723772 -0.1746341214914941 0.0067390189853122843 -0.18233494192115612 -0.17751997537359757 0.16253391427126407 -0.11748487425633265 0.047979242993540915 -0.082595291517033181 0.058697371234802002 -0.16426437601382499 -0.16087754292202194 -0.1666751670207991 0.097591267527967249 -0.17446992051611973 0.13564685975542354 -0.13147540505614119 0.0070222642204120127 0.10454755194357952 -0.17900384602431918 0.032048814264792093 -0.17230383527830406 -0.20269182058439184 0.048424324872919179 -0.076652817872640625
leaf_weight=48323.946871020977 1.1855870932340615 23.393195633310828 5.9935298254713443 1.5947887268848706 11.596985037205739 3.7347433336544773 2.1179627845995119 533.31364218122326 5.2491189325228325 6.9007252316805525 2.6287976917810729 8.375653551600406 78.188792440807447 5.2042782320640972 39.329460225766525 2.1945849853800601 7.0493415436358173 2.4907239340245724 5.4646588729228824 4.1218393384478977 4.8324497423600397 9.2323865197831747 47.484003429068252 28.570171820116229 2.5661358691868363 61.498598449979909 2.2737082710955292 2.6690376952756187 63.302787834079936 17.74659699620679
leaf_count=263335 2 286 62 20 380 135 102 6092 182 247 5 345 732 135 856 126 252 148 31 139 39 381 1168 272 96 1321 83 76 658 433
internal_value=-4.20172e-12 0.00868919 0.00428201 -0.0856652 -0.156754 0.032661 0.00639336 0.00250182 -0.0242872 -0.0453241 -0.0369753 -0.0432554 0.0421082 0.0429419 0.0185121 -0.000660643 0.00755478 -0.0677066 0.014853 -0.0311617 -0.0230132 -0.0343454 -0.018997 0.0864489 -0.00251554 0.0252847 -0.0630274 0.00771125 0.0382649 0.00405343
internal_weight=49314.3 990.304 836.513 19.1853 13.1918 153.792 817.327 737.021 119.989 91.3911 86.142 83.5132 80.3068 28.5975 121.762 82.4327 78.6979 15.0047 7.95538 76.6125 72.4906 67.6582 58.4258 32.0295 50.0501 63.6932 3.4593 617.032 65.9718 551.06
internal_count=278139 14804 11578 462 400 3226 11116 10282 3023 2602 2420 2415 834 421 2869 2013 1878 431 179 2168 2029 1990 1609 357 1264 1447 85 7259 734 6525
is_linear=0
shrinkage=0.1


Tree=87
num_leaves=31
num_cat=0
split_feature=7 3 1 1 0 3 3 4 4 1 1 5 2 6 5 4 1 4 2 2 2 4 1 3 6 7 1 2 0 0
split_gain=8.47774 9.1976 9.73396 15.9234 15.2007 9.39913 8.50463 8.46843 30.0146 12.9827 11.0716 10.6219 9.59052 16.8998 13.9291 10.4489 9.64343 9.51402 9.35787 13.9565 15.336 12.6232 14.5338 11.8093 9.27671 9.24547 16.8189 16.089 15.7671 10.2667
threshold=24.500000000000004 0.031302491202950485 0.6805551052093507 0.67501172423362743 0.67686253786087047 0.04267737269401551 0.24452438205480578 0.1647259518504143 0.095336891710758223 0.50105080008506786 0.67438650131225597 0.023635348305106166 0.57266747951507579 618.00000000000011 0.00052260287338867794 0.19161321222782138 0.5456090271472932 0.081993069499731078 0.58267453312873851 0.61841154098510753 0.60686537623405468 0.0023337254533544187 0.6441062092781068 0.41226664185523992 253.00000000000003 25.500000000000004 0.66562229394912731 0.67046022415161144 0.67083686590194713 0.65446662902832042
decision_type=2 2 2 2 2 2 2 2 2 2 2 2 2 2 2 2 2 2 2 2 2 2 2 2 2 2 2 2 2 2
left_child=-1 -2 3 5 6 -3 -5 8 11 -10 -11 17 13 14 -9 -14 24 18 -7 20 21 -20 23 -23 -16 27 29 -21 -28 -27
right_child=1 2 -4 4 -6 7 -8 12 9 10 -12 -13 15 -15 16 -17 -18 -19 19 25 -22 22 -24 -25 -26 26 28 -29 -30 -31
leaf_value=-0.00018748717466165652 0.036350307075781844 -0.13551825743558241 0.018869364141886277 0.14334294201408534 -0.14728753515032933 0.020493961723357944 -0.072250815957439776 0.041577122732808947 0.086809645086272078 -0.13217118004069614 0.18322557663519137 -0.17042038405252302 0.078654045477827922 0.12376596701876744 -0.1645936935129452 0.014283142370701605 -0.17605795898588972 0.085498611551370465 -0.17019450590812274 0.09760451911675444 -0.18077894166594186 0.042412946270085336 -0.19020693673804659 -0.19662530075299148 0.10848835353025275 -0.18151822199868917 0.14285674540552382 -0.18570639745743323 -0.18602072336000119 0.0088195315285120156
leaf_weight=48329.379865250754 110.56013731844723 5.0059474915033197 343.76571448787581 3.4787701615132418 14.207326813368125 141.06110212567728 3.8598733481485397 7.9742262077052208 3.4079632447101167 27.789829047513198 1.1594436895102251 3.4920968190999693 38.317846343154088 5.876604343764483 2.1707982097286722 73.754391773138195 10.435273862676693 14.024891684763132 5.6310239385347804 17.49802569067106 8.8468510273378325 22.890762552618988 3.7496030672918996 2.2718902439810327 2.9135671483818442 2.9177511341404161 1.7547148489393283 2.2638098198221988 8.6136708320118469 98.578970811795443
leaf_count=263335 2164 153 3731 14 409 2122 39 89 32 739 3 141 288 28 102 1256 418 91 244 148 309 247 121 35 34 95 5 62 274 1411
internal_value=1.73171e-11 0.00916866 0.00574476 -0.00270513 -0.0869204 0.000836041 0.0299481 0.00218131 -0.00585037 -0.097806 -0.119539 0.00306891 0.0229615 -0.0279041 -0.0658418 0.0362918 -0.121035 0.00490422 0.00132812 -0.0141193 -0.0633033 -0.0332168 -0.00653864 0.0208306 -0.00810555 0.00209402 -0.0090453 0.0651499 -0.130362 0.00334785
internal_weight=49317.7 988.273 877.713 533.947 21.546 512.401 7.33864 507.395 365.952 32.3572 28.9493 333.595 141.443 29.3705 23.4939 112.072 15.5196 330.103 316.078 175.017 43.3901 34.5433 28.9123 25.1627 5.08437 131.627 111.865 19.7618 10.3684 101.497
internal_count=278139 14804 12640 8909 462 8447 53 8294 6079 774 742 5305 2215 671 643 1544 554 5164 5073 2951 956 647 403 282 136 1995 1785 210 279 1506
is_linear=0
shrinkage=0.1


Tree=88
num_leaves=31
num_cat=0
split_feature=7 6 1 1 1 6 0 4 3 3 4 4 0 0 2 0 7 6 6 6 7 4 3 4 5 1 5 2 2 4
split_gain=9.52558 5.78104 9.3293 8.62307 9.69389 7.56257 13.5654 9.24386 7.72283 11.4051 9.92131 19.0548 9.28079 13.1895 12.7749 14.211 12.31 9.06312 12.2072 14.9527 10.8519 16.6039 21.5704 28.4219 13.2101 12.9265 12.6963 16.6494 11.4672 10.6764
threshold=24.500000000000004 43.500000000000007 0.71317318081855785 0.68731620907783519 0.67501172423362743 50.500000000000007 0.57000118494033825 0.53804799914360057 0.080166205763816847 0.13708039373159411 0.19806148111820224 0.18442968279123309 0.74510312080383312 0.73539546132087719 0.59348285198211681 0.61505606770515453 29.500000000000004 251.50000000000003 133.50000000000003 124.50000000000001 40.500000000000007 0.028598691336810592 0.29434564709663397 0.26860013604164129 0.00939408363774419 0.50105080008506786 0.0062272038776427516 0.64924269914627086 0.74193739891052257 0.041773036122322089
decision_type=2 2 2 2 2 2 2 2 2 2 2 2 2 2 2 2 2 2 2 2 2 2 2 2 2 2 2 2 2 2
left_child=-1 2 3 4 -2 6 -3 -8 -7 10 11 12 13 14 15 -10 -17 18 19 20 21 26 24 28 -23 -26 27 -11 -24 -22
right_child=1 5 -4 -5 -6 8 7 -9 9 17 -12 -13 -14 -15 -16 16 -18 -19 -20 -21 29 22 23 -25 25 -27 -28 -29 -30 -31
leaf_value=-0.00019818401116198969 0.025977504507280886 0.087395767173014755 -0.19454489167819908 0.10150935422577877 -0.18593590024123166 0.029371558710507912 -0.192556395567682 0.12515184353029066 -0.15819487636469187 0.020768509546306015 -0.16545725122935301 0.1362442858262056 -0.16621480329687577 0.10310245658941963 -0.15249061590497259 0.091395050538614034 -0.15223876963622485 0.019186258725506819 -0.024272964451779042 0.093871383999680619 -0.10246013887484931 0.037047193114634683 -0.19014725048461562 0.042292197520164047 0.12250462840265537 -0.19444988794398826 0.076197348710328794 -0.19108569014287174 0.07166676775133507 0.097447363376741633
leaf_weight=48332.493452825613 129.16068300290499 3.5375584682915342 1.861518571153282 15.408903229748828 2.1953359716571859 136.24754759381176 6.6775355682475492 1.0613493919372556 4.7659530744422289 17.968519674846906 5.7704014431219539 6.2304200511425725 6.0209180143428958 5.9915715435054144 9.7725793779827637 10.533950569108127 2.5822548269061363 310.79543596581789 160.80301094811875 20.741711160284467 3.1252884727437076 31.038483099779114 19.389412517193712 9.2750143255107087 1.7106653787195671 5.1921259271912277 30.037848338950425 4.6746602109633377 1.8308654017746437 18.402143322397023
leaf_count=263335 1849 19 41 70 65 2842 205 1 240 212 286 60 304 95 590 122 173 3733 2262 129 105 326 373 82 3 106 244 110 12 145
internal_value=-1.34161e-11 0.00974633 0.0279162 0.0307378 0.0224358 0.00650899 -0.074829 -0.148984 0.00762358 0.00330829 -0.0418723 -0.0263348 -0.0518706 -0.031409 -0.0605518 -0.0103074 0.0434296 0.00698459 -0.00471296 0.0145377 0.003002 -0.00862635 -0.0411114 -0.103733 0.00922069 -0.115902 0.0335742 -0.0229686 -0.167558 0.0684254
internal_weight=49315.3 982.804 148.626 146.765 131.356 834.177 11.2764 7.73888 822.901 686.653 51.668 45.8976 39.6672 33.6463 27.6547 17.8822 13.1162 634.985 324.19 163.387 142.645 121.118 68.4366 30.4953 37.9413 6.90279 52.681 22.6432 21.2203 21.5274
internal_count=278139 14804 2025 1984 1914 12779 225 206 12554 9712 1870 1584 1524 1220 1125 535 295 7842 4109 1847 1718 1468 902 467 435 109 566 322 385 250
is_linear=0
shrinkage=0.1


Tree=89
num_leaves=31
num_cat=0
split_feature=7 4 7 0 1 7 2 0 5 2 2 4 7 7 3 4 4 2 0 1 7 1 3 7 5 3 3 1 3 7
split_gain=12.3469 5.30142 9.29836 22.1725 25.0108 12.0583 11.8487 21.992 8.15046 13.9218 17.0404 12.0621 11.0113 13.1339 12.3278 11.9842 11.2991 11.0027 12.5927 15.4569 9.62543 9.95924 9.34377 9.31022 9.25169 8.60852 8.47005 8.4153 8.36557 8.36063
threshold=24.500000000000004 0.36157394945621496 17.500000000000004 0.66797396540641796 0.64187470078468334 19.500000000000004 0.6513669788837434 0.78509613871574413 0.0012368588359095158 0.53563812375068676 0.50900453329086315 0.44722221791744238 7.5000000000000009 5.5000000000000009 0.14775525778532031 0.38126567006111151 0.42943723499774938 0.54746299982070934 0.6814599633216859 0.6242194175720216 16.500000000000004 0.77892425656318676 0.307900220155716 1.5000000000000002 0.0013401832547970118 0.025729383341968063 0.024310832843184475 0.57210427522659313 0.30998939275741583 3.5000000000000004
decision_type=2 2 2 2 2 2 2 2 2 2 2 2 2 2 2 2 2 2 2 2 2 2 2 2 2 2 2 2 2 2
left_child=1 -1 8 -4 -5 -6 -7 -8 9 10 -3 12 13 14 -11 -16 17 -17 -19 -20 24 27 -21 -24 -10 26 -14 -22 -15 -13
right_child=-2 2 3 4 5 6 7 -9 20 11 -12 29 25 28 15 16 -18 18 19 22 21 -23 23 -25 -26 -27 -28 -29 -30 -31
leaf_value=-0.00044786043166286557 0.011141120448404825 0.0065663392393460022 0.10458846882668289 -0.18448741519695877 0.069269792257073998 0.046115545668521871 -0.21257180774215639 0.036058465666383065 -0.091087433262712139 0.077544242422176696 -0.12834049290493579 0.024325205341628065 -0.18113269954823641 -0.1523384328516757 0.074237824600349805 0.13038446065228712 0.085950249874621049 -0.12262159128756167 0.11516766624101044 -0.1977884354826091 0.091515635959812394 0.081293089702639237 0.088769158054980604 -0.093163272614091547 0.0016681986666828618 0.09362756918430902 0.10663512281695738 -0.20146268692895486 0.0044665724399318178 -0.03580881540205829
leaf_weight=46240.452567456319 975.04946426069364 31.192421155981719 31.030842613894492 6.5114585980772963 27.600638005882502 12.487661146093162 7.0639200428267923 7.1672035288065672 10.823071847669778 45.682278816588223 13.378860567696391 51.072416027076542 2.3613925655372432 6.209202978294341 21.207109291106462 3.5770667828619471 9.0558168888092023 15.455967909656463 7.2238162234425571 3.8184516038745633 1.1631056405603866 2.3383909184485674 4.8204306047409755 6.7537115029990673 1667.4303920068196 46.042510734405369 1.8043856583535669 6.2407985188765451 7.5264040753245354 42.244936513714492
leaf_count=252511 14804 148 195 195 144 70 159 43 74 172 95 202 53 72 71 9 26 93 14 29 10 6 17 43 8253 185 4 111 28 303
internal_value=-3.79594e-11 -0.000224725 0.00469023 0.0358016 0.000712331 0.0229129 -0.0249741 -0.0873544 0.00326654 0.0179143 -0.0339283 0.0263212 0.0413407 0.0261128 0.0369208 0.0111148 -0.015286 -0.0372977 -0.0530522 -0.00550874 0.000494675 -0.0986165 -0.0621427 -0.0173916 0.00107002 0.0811725 -0.0564875 -0.155438 -0.0664174 -0.00289758
internal_weight=49314.8 48339.7 2099.28 91.8617 60.8309 54.3194 26.7188 14.2311 2007.42 319.427 44.5713 274.856 181.539 131.33 117.595 71.9124 50.7053 41.6494 38.0724 22.6164 1688 9.7423 15.3926 11.5741 1678.25 50.2083 4.16578 7.4039 13.7356 93.3174
internal_count=278139 263335 10824 806 611 416 272 202 10018 1564 243 1321 816 574 474 302 231 205 196 103 8454 127 89 60 8327 242 57 121 100 505
is_linear=0
shrinkage=0.1


Tree=90
num_leaves=31
num_cat=0
split_feature=7 4 7 1 3 4 0 6 7 0 7 4 2 2 0 7 2 6 0 1 1 0 5 7 6 7 5 5 7 2
split_gain=8.87196 5.54317 11.6623 18.3135 12.839 13.422 9.46623 11.344 16.1128 10.9683 17.5803 12.2604 11.9568 10.7829 27.2245 18.5678 17.9691 14.2817 11.7892 11.6824 13.0452 17.4442 15.6063 24.2011 23.553 12.7246 13.8191 23.282 15.8584 10.7436
threshold=21.500000000000004 0.30865049362182623 17.500000000000004 0.7634088695049287 0.0041753835976123818 0.32335007190704351 0.51737859845161449 348.50000000000006 3.5000000000000004 0.57271617650985729 9.5000000000000018 0.36703054606914526 0.45131292939186102 0.51427435874938976 0.58470261096954357 1.5000000000000002 0.54892221093177807 65.500000000000014 0.6725372076034547 0.51698586344718944 0.5637527108192445 0.59950342774391185 0.0052648903802037248 1.5000000000000002 357.50000000000006 14.500000000000002 0.0026717133587226276 0.0036082990700379018 3.5000000000000004 0.50615519285202037
decision_type=2 2 2 2 2 2 2 2 2 2 2 2 2 2 2 2 2 2 2 2 2 2 2 2 2 2 2 2 2 2
left_child=1 -1 4 -4 5 -3 7 8 -6 10 -8 -12 -11 14 17 18 19 -14 -16 -15 21 -21 23 -22 25 26 -25 28 -28 -19
right_child=-2 2 3 -5 6 -7 9 -9 -10 12 11 -13 13 16 15 -17 -18 29 -20 20 22 -23 -24 24 -26 -27 27 -29 -30 -31
leaf_value=-0.00056325455749259637 0.0077024256217896108 -0.11461869095374529 0.043726079852548214 -0.14764185960642714 -0.017447222904288278 -0.015278405347552652 0.04154003076415376 0.048833345073205962 -0.18680719618321395 -0.13408457358700973 0.0078114369585220948 -0.20026368814553328 0.09326350851145053 -0.19877618787985799 0.016795726907576324 0.081262732166766077 0.0038435679227418343 -0.19851910138501014 -0.20018804088282974 0.087529413720313975 -0.19266000419822482 -0.071281963723556649 0.011309860932669641 -0.19392553506236504 0.038645576626029847 0.090999317653453982 0.12804009886221907 -0.19924258397145223 -0.09526142160076978 0.013750956590401001
leaf_weight=43751.039608212246 1451.4059751946188 14.745332469756248 108.2682533133775 5.2428882257081559 13.710538081824785 175.23693112120964 131.8915754831396 8.3886578232049924 9.5169698086101544 6.3483829060569397 6.1565079254796711 5.2437683017924428 3.4547051209956399 4.1117726452648631 7.1697940714657289 65.935546214692295 3387.6420524149435 8.3786248080432397 3.847750760614872 19.25012577325106 13.26661194115877 10.795175436884163 34.268544390797615 12.579566825646905 21.997367774136364 3.4246938768774262 6.6937796436250228 7.5916929887607685 6.0592294884845614 3.3328218050301066
leaf_count=237235 20524 361 876 56 91 2338 480 50 132 47 55 58 15 29 37 221 14686 69 20 69 84 70 154 108 112 18 15 60 50 19
internal_value=-1.98861e-11 -0.000233606 0.00328017 0.0348871 0.00238122 -0.0229886 0.00364924 -0.0508412 -0.0868388 0.00410628 0.0312421 -0.0878966 0.00303398 0.00327445 0.0370494 0.0611834 0.00239248 -0.0854066 -0.0589834 -0.0327105 -0.027687 0.030469 -0.0441895 -0.0707474 -0.0430272 -0.0924533 -0.111536 -0.060592 0.0219447 -0.138112
internal_weight=49307 47855.6 4104.55 113.511 3991.04 189.982 3801.06 31.6162 23.2275 3769.44 143.292 11.4003 3626.15 3619.8 92.1192 76.9531 3527.68 15.1662 11.0175 140.039 135.927 30.0453 105.881 71.6129 58.3463 36.349 32.9243 20.3447 12.753 11.7114
internal_count=278139 257615 20380 932 19448 2699 16749 273 223 16476 593 113 15883 15836 381 278 15455 103 57 769 740 139 601 447 363 251 233 125 65 88
is_linear=0
shrinkage=0.1


Tree=91
num_leaves=31
num_cat=0
split_feature=7 6 1 6 5 5 4 5 0 0 5 5 0 2 7 3 2 0 2 3 6 3 3 4 2 6 0 2 6 4
split_gain=7.23042 5.30165 4.95265 8.36216 15.0933 19.6151 17.053 16.0923 19.583 14.0047 13.5803 18.1983 10.1493 12.6498 9.27615 9.24426 9.00689 10.2334 11.9748 11.4969 8.41695 10.6876 7.90211 7.86706 9.46046 7.82215 7.62221 13.215 8.45083 10.4478
threshold=21.500000000000004 5.5000000000000009 0.8214436173439027 260.50000000000006 0.0026717133587226276 0.003107761731371284 0.26860013604164129 0.0043875691480934629 0.70991694927215587 0.73811140656471264 0.013524946290999653 0.018412980251014236 0.73399934172630321 0.71157667040824901 9.5000000000000018 0.42899160087108618 0.64297714829444896 0.62675082683563244 0.5897587537765504 0.18765529245138171 157.50000000000003 0.22251942008733752 0.21227125078439715 0.25758214294910436 0.72529962658882152 411.00000000000006 0.71453207731246959 0.64711463451385509 445.50000000000006 0.023168377578258518
decision_type=2 2 2 2 2 2 2 2 2 2 2 2 2 2 2 2 2 2 2 2 2 2 2 2 2 2 2 2 2 2
left_child=2 -2 -1 10 6 -6 23 8 14 16 12 -12 -4 20 -7 -11 17 -9 19 -19 -14 -22 -8 24 25 -5 -10 -28 -29 -30
right_child=1 -3 3 4 5 7 22 9 26 15 11 -13 13 -15 -16 -17 -18 18 -20 -21 21 -23 -24 -25 -26 -27 27 28 29 -31
leaf_value=-0.00011958444952917772 -0.16626807093417276 0.0071516186626981101 0.064489247534329885 -0.072087685137070492 -0.13696099840471032 -0.1384614360475655 -0.20326718218586751 -0.19157007713069132 0.17303559452255562 -0.15806502357385196 -0.19094247990663601 -0.0075591743356803456 -0.18502338210718039 0.035876033315932331 0.060433008638800717 0.01015139379092053 0.0086041941986564809 -0.076658993628802227 -0.12772241257287928 0.083248775200476827 -0.13208405961919592 0.04556870866102658 -0.041855360096346217 0.11478349606941243 -0.074834612216849491 0.043762218131833688 -0.12867015025435147 0.089168395577589848 0.093368306558361439 -0.066101151770802904
leaf_weight=47415.637931996898 1.7649839969817538 1454.4741647895717 43.113070069579408 6.5252156788483253 18.546991165261716 10.648240225622429 4.2974441833794108 5.5470774867571881 4.0099647804163387 17.281403924338523 6.8557410549838087 25.686018138425425 4.5819803131744292 32.930420248769224 3.0070940589066586 4.0284376412164411 28.887687255977653 8.6543078203685635 10.55467508593574 9.3578533458057773 5.8225338398478916 8.0937192728742939 10.308216365054248 9.268267445266245 9.7185515789315087 54.562193302903324 4.7419303827919057 22.003886654041708 6.7122653210535672 10.590412287507204
leaf_count=254894 100 20424 216 41 184 144 30 65 10 179 110 183 37 108 38 25 300 101 200 63 42 27 54 19 57 271 43 71 25 78
internal_value=2.82918e-11 0.00694143 -0.000211464 -0.011488 -0.0217885 -0.0400898 0.0100227 -0.027786 0.0110154 -0.0561876 0.0095253 -0.0461935 0.028704 -0.00129508 -0.0946621 -0.126265 -0.0324844 -0.0672782 -0.0431434 0.00641785 -0.0674668 -0.0287609 -0.0893478 0.0281481 0.0168078 0.0313874 0.0410427 0.0290267 0.0480512 -0.00423782
internal_weight=49258.2 1456.24 47802 386.336 259.252 164.572 94.6799 146.025 61.7138 84.3114 127.083 32.5418 94.5417 51.4287 13.6553 21.3098 63.0016 34.1139 28.5668 18.0122 18.4982 13.9163 14.6057 80.0742 70.806 61.0874 48.0585 44.0485 39.3066 17.3027
internal_count=278139 20524 257615 2721 1998 1526 472 1342 409 933 723 293 430 214 182 204 729 429 364 164 106 69 84 388 369 312 227 217 174 103
is_linear=0
shrinkage=0.1


Tree=92
num_leaves=31
num_cat=0
split_feature=7 5 5 4 1 7 0 4 1 1 5 2 5 0 5 1 5 3 2 6 6 1 0 0 3 7 4 4 4 3
split_gain=5.61153 5.11169 14.6452 17.0063 11.1703 7.98864 8.78869 10.6603 7.78784 7.19678 5.88804 11.7633 10.554 11.7107 13.3456 12.9321 10.6937 13.2299 11.785 10.1742 12.4582 19.338 16.0027 15.0489 13.5114 11.1921 12.0367 10.0776 12.7146 9.95607
threshold=24.500000000000004 0.014191589783877136 0.01202576979994774 0.18164983391761783 0.61562684178352367 31.500000000000004 0.57271617650985729 0.17293093353509906 0.39398761093616491 0.64720448851585399 0.0012368588359095158 0.42510616779327398 0.0041905296966433534 0.72420853376388561 0.0013938901247456672 0.53004002571105968 0.0036690516863018279 0.43875533342361456 0.5702577829360963 661.50000000000011 258.50000000000006 0.67179128527641307 0.79074376821517955 0.79375183582305919 0.19075556099414828 40.500000000000007 0.0050062655936926612 0.060654468834400184 0.1510572284460068 0.012668258510529997
decision_type=2 2 2 2 2 2 2 2 2 2 2 2 2 2 2 2 2 2 2 2 2 2 2 2 2 2 2 2 2 2
left_child=-1 2 8 -4 -5 -3 -7 -8 -2 -9 -10 -12 13 14 29 -16 -17 18 -18 20 21 24 -23 -24 -15 26 -22 -28 -29 -13
right_child=1 5 3 4 -6 6 7 9 10 -11 11 12 -14 19 15 16 17 -19 -20 -21 25 22 23 -25 -26 -27 27 28 -30 -31
leaf_value=-0.00015274834925904819 -0.18198538273527004 0.053534444093540461 -0.18146707643310553 0.096760365949152397 -0.18221198796520266 0.11146096282400256 -0.16536557325299756 -0.15652977390890979 0.023313395105063691 0.073682213548267692 -0.17113241732566756 0.11289614835427259 0.017596287364639827 -0.16945505980746298 -0.17269350644521234 0.018639596054765933 -0.0038526543869458751 0.062395942021702955 -0.18353041528959893 -0.18290960286893587 -0.17421028710445421 -0.1892194787797819 0.069228175987040563 -0.20089887647871088 0.047748379331833547 -0.14859593718336797 0.05739908168509103 -0.19760323399816948 3.9137875179338202e-05 -0.19330578162357576
leaf_weight=48247.369354103692 2.1706131421960881 51.191728015313856 8.9105604703072476 5.4677854098845264 1.9461667656432835 3.6337202063296017 5.8064251351752301 1.8078809857834128 189.69502230756916 5.4563564916606992 3.837109070387668 1.3204414024949063 327.35099522193195 3.5238983142189708 3.8463049540296188 222.14633397030411 6.3418820102233466 6.6365900370292357 8.6013065817533043 4.3043034707661709 3.4839737596921614 15.560048448853196 6.0564064057543856 3.1273091289913282 15.292696460383011 4.9210710087791076 32.124564565718174 3.5983414915390304 34.105652826838195 5.4226628997130319
leaf_count=263335 83 580 277 46 77 35 271 87 2376 47 170 13 4656 145 156 3084 119 51 293 167 163 492 32 106 134 220 285 93 420 126
internal_value=2.89055e-11 0.00746157 0.00550701 -0.0883655 0.02353 0.0339402 -0.0261079 -0.0643528 0.00720317 0.0163884 0.00765879 0.00348567 0.00443235 -0.00689538 0.00545931 0.00923991 0.0121111 -0.055095 -0.107275 -0.0318124 -0.0264725 -0.0693338 -0.127437 -0.0227576 0.00707137 -0.00260737 0.00719205 0.0162428 -0.0188232 -0.133345
internal_weight=49235.1 987.688 919.792 16.3245 7.41395 67.8961 16.7044 13.0707 903.468 7.26424 901.297 711.602 707.765 380.414 254.316 247.572 243.726 21.5798 14.9432 126.098 121.794 43.5604 24.7438 9.18372 18.8166 78.2336 73.3125 69.8286 37.704 6.7431
internal_count=278139 14804 13784 400 123 1020 440 405 13384 134 13301 10925 10755 6099 3842 3703 3547 463 412 2257 2090 909 630 138 279 1181 961 798 513 139
is_linear=0
shrinkage=0.1


Tree=93
num_leaves=31
num_cat=0
split_feature=7 4 2 2 0 1 5 0 2 7 4 4 0 7 0 6 3 7 5 5 2 5 0 4 4 0 5 3 2 5
split_gain=6.74837 5.0373 7.9271 22.8578 14.2862 16.312 14.6516 21.116 13.5648 13.4756 12.8905 11.2089 15.2679 9.93581 11.4004 9.83689 10.1624 17.737 12.0662 10.9952 9.76347 9.76094 9.33214 12.6653 10.12 9.18036 9.11582 9.00997 12.9831 14.3262
threshold=24.500000000000004 0.36157394945621496 0.61913686990737926 0.62146931886672985 0.65446662902832042 0.56186765432357799 0.0013591574970632794 0.66598623991012584 0.64297714829444896 1.0000000180025095e-35 0.505680412054062 0.41395762562751776 0.67168474197387706 17.500000000000004 0.76022404432296764 523.00000000000011 0.039753913879394538 2.5000000000000004 0.0033651622943580155 0.0045889106113463649 0.73900818824768078 0.002386065549217165 0.7864569127559663 0.46306042373180395 0.44722221791744238 0.7212599813938142 0.0023673309478908782 0.083551485091447844 0.65562269091606151 0.0053828556556254634
decision_type=2 2 2 2 2 2 2 2 2 2 2 2 2 2 2 2 2 2 2 2 2 2 2 2 2 2 2 2 2 2
left_child=1 -1 13 11 9 -6 8 10 -7 -5 -8 -4 -13 14 -3 16 17 20 -19 -20 -9 -17 24 -24 -10 -21 -15 28 -18 -30
right_child=-2 2 3 4 5 6 7 15 22 -11 -12 12 -14 26 -16 21 27 18 19 25 -22 -23 23 -25 -26 -27 -28 -29 29 -31
leaf_value=-0.00038418435991536431 0.0082104146955393406 0.0083789115746143693 -0.19863647941119161 -0.10116180772576638 -0.19970614341561041 -0.068834801393192646 -0.15399850563544232 -0.10167179473629567 0.059615010779556582 0.079049449207521827 0.047115487668624181 -0.20007051748766519 0.04048158378273737 -0.07636503175994877 0.097925559123382688 0.048218055762738903 0.084604642474261318 0.044023140373381155 -0.15380259100505211 -0.061356519889569541 0.056442205297335839 -0.15271450929428168 -0.16164456691833101 0.077176633022009181 0.0064118634049059216 0.023491233952712437 0.077033548089325277 0.00023106788921894501 -0.12301484514695456 0.035459249742531923
leaf_weight=46165.182915351819 981.13008956925478 629.68225299112964 7.9428051766008165 4.6650174632668486 4.0759179033339015 13.581971711013464 14.397678585723044 34.393827841209713 101.38354318588972 37.539838964585215 4.0930432546883813 4.0754976188763958 7.4833617571275681 4.3268552729859939 14.545911181718109 3.4320807345211497 31.380686322925612 34.161405435879715 6.4686215394176534 23.57404713059077 4.4056363860145202 8.17937014531344 5.375888897571711 3.7833729982376099 55.228243550518528 27.778240217361599 37.009067085105926 935.60369498492219 7.9116514887427938 20.447755755390972
leaf_count=252511 14804 3234 56 23 40 145 90 326 396 165 29 31 31 72 39 16 88 241 102 464 19 53 64 14 245 259 172 4248 55 107
internal_value=1.47023e-12 -0.000166946 0.00463862 0.000327873 0.00184508 4.03582e-05 0.000649943 -0.00347521 0.0272434 0.0591302 -0.109481 -0.10718 -0.0443338 0.0134502 0.0104008 -0.00175239 -0.000808206 -0.0270152 -0.00309706 -0.0309363 -0.0837181 -0.0933234 0.0351153 -0.0629958 0.0408532 -0.0154594 0.0609765 0.00263522 0.0402872 -0.00875154
internal_weight=49233.2 48252.1 2086.93 1401.36 1381.86 1339.66 1335.58 1156.23 179.353 42.2049 18.4907 19.5017 11.5589 685.564 644.228 1137.74 1126.13 130.782 91.9823 57.8209 38.7995 11.6115 165.771 9.15926 156.612 51.3523 41.3359 995.344 59.7401 28.3594
internal_count=278139 263335 10824 7307 7189 7001 6961 6097 864 188 119 118 62 3517 3273 5978 5909 1411 1066 825 345 69 719 78 641 723 244 4498 250 162
is_linear=0
shrinkage=0.1


Tree=94
num_leaves=31
num_cat=0
split_feature=4 7 2 5 7 3 2 1 0 5 7 5 2 1 1 1 1 3 1 4 3 2 2 4 0 0 3 3 2 4
split_gain=5.78245 6.73701 6.67911 6.65476 9.74875 13.4685 10.5229 11.5672 11.7017 9.47151 8.96395 8.21619 7.89601 10.1757 11.2755 13.4096 9.73454 10.0594 13.1255 13.056 9.64838 9.59601 8.78879 8.36399 10.6965 11.6051 10.2589 14.1803 20.4373 10.5881
threshold=0.36157394945621496 39.500000000000007 0.55772605538368236 0.0012368588359095158 17.500000000000004 0.70714285969734203 0.63807821273803722 0.66646891832351696 0.66598623991012584 0.010366532020270826 35.500000000000007 0.0013401832547970118 0.64924269914627086 0.60300207138061535 0.58867034316062938 0.58421465754508983 0.58282771706581127 0.39864389598369604 0.55531242489814769 0.36703054606914526 0.048208059743046767 0.60597878694534313 0.6562977433204652 0.49055258929729467 0.68293339014053356 0.73399934172630321 0.025729383341968063 0.26640689373016363 0.68368569016456615 0.42943723499774938
decision_type=2 2 2 2 2 2 2 2 2 2 2 2 2 2 2 2 2 2 2 2 2 2 2 2 2 2 2 2 2 2
left_child=1 -1 -3 12 11 6 -6 8 -8 -9 -11 -5 13 14 15 16 17 18 -2 -20 -15 -22 -14 26 -25 -26 29 -28 -29 -24
right_child=3 2 -4 4 5 -7 7 9 -10 10 -12 -13 22 20 -16 -17 -18 -19 19 -21 21 -23 23 24 25 -27 27 28 -30 -31
leaf_value=-0.00029193602532225738 0.0043682107978220757 -0.056035211112883912 0.029670120304877826 -0.086490447489296379 0.062766568308257123 -0.20654100140665657 0.12563993430950321 0.034126429080431619 -0.16631770122566392 -0.21164765309813049 0.079761139600283734 0.0012547433847829438 0.10747936027091187 -0.14054443072539519 0.083240404694498032 -0.19520736652445891 0.16695218980548912 0.057548728073419465 0.13736512098991688 -0.15482068379102429 0.025780273730099147 -0.078429240500385439 -0.14554744535591355 0.098126047019385279 -0.092064819528186473 0.023140991530636198 0.096704758859150849 -0.085578677069697628 0.058682053441594578 0.10287852348421696
leaf_weight=46958.359646332858 58.487128453096375 9.8700635139830393 115.48265578085557 10.740518569946287 62.687046674545854 2.3781776509713373 1.7368313008919338 50.82301964785438 6.5498896389035508 3.1431968896649769 1.5893388111144302 1659.7149638043484 15.01185208163224 7.570608338341116 21.88385037635453 3.264708971604704 3.8362766150385132 26.10105094127357 1.8011805401183654 10.131087700137867 21.760498829418793 14.878026104765011 5.3536906745284787 7.5320324925705782 17.125704502221197 17.864966278895736 40.354913771618158 13.956829894799737 33.134629803709686 2.5246853823773563
leaf_count=264100 329 501 1903 74 523 44 9 387 336 65 10 8380 50 119 97 39 6 135 6 128 108 155 84 29 92 74 116 85 137 18
internal_value=-2.37826e-11 -0.000230133 0.0229218 0.00510643 0.0027353 0.0292321 0.0336636 0.0050872 -0.105126 0.0215267 -0.113783 0.000690569 0.0183329 0.00348466 0.0180174 0.00424298 0.0107313 0.00452219 -0.0151322 -0.110715 -0.0377725 -0.0165367 0.0348185 0.0269055 -0.00997522 -0.0332449 0.0433574 0.0532042 0.0159265 -0.0659375
internal_weight=49205.6 47083.7 125.353 2121.94 1799.36 128.908 126.529 63.8423 8.28672 55.5556 4.73254 1670.46 322.574 169.714 125.505 103.621 100.357 96.5204 70.4194 11.9323 44.2091 36.6385 152.859 137.847 42.5227 34.9907 95.3247 87.4464 47.0915 7.87838
internal_count=278139 266504 2404 11635 9828 1374 1330 807 345 462 75 8454 1807 1122 740 643 604 598 463 134 382 263 685 635 195 166 440 338 222 102
is_linear=0
shrinkage=0.1


Tree=95
num_leaves=31
num_cat=0
split_feature=4 3 3 6 3 3 2 5 4 3 4 5 2 2 4 4 6 0 6 2 2 4 7 5 6 3 2 3 6 1
split_gain=4.96203 15.6543 15.6373 16.176 12.8258 16.0284 21.5179 21.6682 15.8812 31.1979 17.0691 15.8523 18.3446 16.4778 14.9484 23.2838 15.7684 15.3762 20.2507 16.5544 14.9432 18.8599 14.8621 21.3833 15.0533 15.0019 14.6912 14.5197 18.0477 14.1941
threshold=0.0020746977534145121 0.06981822103261949 0.10355340689420701 71.500000000000014 0.15784645080566409 0.15913728624582293 0.75529566407203685 0.0062917822506278762 0.3064409345388413 0.15228722244501117 0.32703335583209997 0.0017306029913015666 0.61913686990737926 0.53941851854324352 0.018655850552022461 0.077047865837812438 885.50000000000011 0.76571959257125866 595.50000000000011 0.7128196954727174 0.57266747951507579 0.4171940833330155 7.5000000000000009 0.0016560862422920766 13.500000000000002 0.12007066980004312 0.58048099279403698 0.12007066980004312 288.50000000000006 0.6884027123451234
decision_type=2 2 2 2 2 2 2 2 2 2 2 2 2 2 2 2 2 2 2 2 2 2 2 2 2 2 2 2 2 2
left_child=2 -2 3 -1 8 6 7 -6 11 10 27 12 13 -3 -13 16 -16 -17 29 -20 21 -12 23 24 -14 -25 -9 -10 -29 -19
right_child=1 4 -4 -5 5 -7 -8 26 9 -11 20 14 22 -15 15 17 -18 18 19 -21 -22 -23 -24 25 -26 -27 -28 28 -30 -31
leaf_value=-0.0024339104094955322 0.005389951742330111 -0.025457946530749832 -9.9458824170113987e-05 -0.026011389786893033 0.046942943396991926 0.00023937611156451665 -0.16594263625621955 -0.19432198943258075 0.10174098442967211 -0.079092492451056359 -0.005415394473537458 -0.013954249933110053 -0.18742394002554189 0.0093761561109590927 0.0082648794209481506 -0.015051284428627945 -0.096411422057362348 0.061479641699053122 0.010083369811600539 -0.13578004913151576 0.030009318808400881 -0.19545005318658165 -0.059516693966019066 0.008488015613879624 -0.013143322878872078 -0.13841620098017635 -0.012327513588053524 -0.18773583996751739 0.10955960218072021 0.0068152045973218405
leaf_weight=646.23467253346462 5422.5156528780935 211.89123818918597 4505.0913761003176 529.34351213200716 174.0555869017262 32138.139031644561 5.5759643227793267 5.3456190826837 46.960409737192094 28.501619460992515 23.828993206843737 957.42132238519844 5.0075499657541505 378.13720812369138 1879.7142411958193 1095.3032949782792 14.502065040636806 61.694613833562471 14.963395280297847 16.20944408676587 143.17610701848753 6.6882832464762023 118.6860735960654 9.7052901489660126 481.80456404667348 24.49944101460278 26.051834976766258 4.1851088623516244 3.9874681700021029 206.46002310910262
leaf_count=6979 38859 1750 30620 14267 693 145246 39 40 133 191 139 9340 60 3044 9103 9240 89 405 105 159 632 67 1825 72 3012 165 156 57 17 1635
internal_value=-3.1462e-11 0.000362945 -0.00277959 -0.0130505 -0.000352844 0.00041975 0.0278894 0.0331499 -0.00471206 0.0195667 0.0318552 -0.00585296 -0.015851 -0.00313348 -0.00295751 0.000243769 0.00746348 -0.00956219 0.0105236 -0.0657636 0.0164678 -0.0470641 -0.0275809 -0.020306 -0.014936 -0.0967334 -0.0433132 0.0803325 -0.0426829 0.0193919
internal_weight=49185.7 43505 5680.67 1175.58 38082.5 32349.2 211.029 205.453 5733.33 257.328 228.826 5476 1229.73 590.028 4246.27 3288.85 1894.22 1394.63 299.327 31.1728 173.693 30.5173 639.703 521.017 486.812 34.2047 31.3975 55.133 8.17258 268.155
internal_count=278139 226273 51866 21246 187414 146174 928 889 41240 1236 1045 40004 9928 4794 30076 20736 9192 11544 2304 264 838 206 5134 3309 3072 237 196 207 74 2040
is_linear=0
shrinkage=0.1


Tree=96
num_leaves=31
num_cat=0
split_feature=2 0 0 4 4 7 4 2 1 1 1 4 5 7 7 1 4 4 3 2 0 6 3 4 0 0 2 1 1 3
split_gain=5.96064 10.9502 21.0581 19.0931 16.0933 14.9689 12.4755 11.761 29.9653 46.3956 18.5225 14.6474 14.0767 26.6688 13.8502 15.251 14.7117 14.3984 21.808 16.4316 15.4696 15.325 18.7695 22.9469 15.2063 14.2407 13.0812 12.8433 13.287 19.2748
threshold=0.55500888824462902 0.74155774712562572 0.73608314990997326 0.22854352742433551 0.060654468834400184 2.5000000000000004 0.087481778115034117 0.54113742709159862 0.63366186618804943 0.60416078567504894 0.60720628499984752 0.53804799914360057 0.0053295437246561059 1.0000000180025095e-35 1.0000000180025095e-35 0.59826505184173595 0.20597392320632937 0.23166248202323916 0.039753913879394538 0.55344232916831981 0.61126825213432323 108.50000000000001 0.045534290373325355 0.2586581707000733 0.60504460334777843 0.62554007768630993 0.55202054977417003 0.52591815590858471 0.51324227452278148 0.10355340689420701
decision_type=2 2 2 2 2 2 2 2 2 2 2 2 2 2 2 2 2 2 2 2 2 2 2 2 2 2 2 2 2 2
left_child=1 2 7 -4 -3 -6 -7 -1 9 11 -11 14 -10 -14 -9 17 -17 18 20 27 24 25 23 -23 -16 -19 -27 28 -20 -30
right_child=-2 4 3 -5 5 6 -8 8 12 10 -12 -13 13 -15 15 16 -18 21 19 -21 -22 22 -24 -25 -26 26 -28 -29 29 -31
leaf_value=0.00039567696073225826 -0.00050450629186873366 0.085501046108229339 -0.19517039629390079 0.0050368644369607083 -0.083287068638217596 -0.14109154330099694 0.053058949613889565 0.046108379327134623 0.020054056693681349 -0.12425961534484076 -0.028532666761680966 -0.18986824407375286 -0.12830775469353667 0.069951585129847976 0.02701912887507818 0.067460784172573826 -0.089504186596782276 0.021277461276845152 -0.010641450520646155 -0.071292092445457977 0.099934471015583545 0.09034341227863818 0.096456624598222865 -0.16958509914990383 -0.18145549330225852 -0.19851633130868601 0.030055860796791595 0.00021022982141183827 0.10197341479948714 -0.16499848382088264
leaf_weight=6704.20555902255 40563.399831449875 38.979002519976348 10.31018900871277 8.8540619350969774 15.113270121626554 3.662378115579485 34.364496062044054 106.54988999385387 464.28334736370016 22.054389270255342 242.0987929943949 3.5938347461633375 7.2111609838902941 114.75288817309774 31.309518466703594 61.98905164282769 6.6076155062764874 40.062372049782425 27.202142162714154 42.033446683431976 31.778168826363981 6.9781407229602319 49.61264228168875 6.6169630200602114 3.9389515705406657 6.4236418800428492 4.1031116545200348 384.14982843078906 3.260728100314739 15.848375349538399
leaf_count=39979 227865 192 88 33 72 22 180 451 2249 198 1572 40 43 441 280 294 69 202 174 357 187 38 183 85 56 52 22 2555 23 137
internal_value=1.18049e-11 0.00240817 0.00203238 -0.102673 0.0366983 0.000900892 0.0343603 0.00227164 0.00974694 -1.26288e-05 -0.036525 0.0115789 0.0279961 0.0582294 0.0124528 0.00748546 0.052341 0.00277574 -0.00404223 -0.0116146 0.0493378 0.0351003 0.0679309 -0.0361681 0.00372247 -0.00591925 -0.109424 -0.00578719 -0.0555356 -0.119443
internal_weight=49061.3 8497.95 8405.83 19.1643 92.1191 53.1401 38.0269 8386.66 1682.46 1096.21 264.153 832.058 586.247 121.964 828.465 721.915 68.5967 653.318 539.521 472.495 67.0266 113.797 63.2077 13.5951 35.2485 50.5891 10.5268 430.461 46.3112 19.1091
internal_count=278139 50274 49808 121 466 274 202 49687 9708 6975 1770 5205 2733 484 5165 4714 363 4351 3769 3246 523 582 306 123 336 276 74 2889 334 160
is_linear=0
shrinkage=0.1


Tree=97
num_leaves=31
num_cat=0
split_feature=7 2 2 5 6 0 3 5 5 5 6 3 6 4 7 3 1 1 1 5 4 3 1 1 0 6 1 0 2 4
split_gain=5.10068 8.54378 14.4067 15.2971 21.9014 21.4491 16.5164 14.5986 14.2043 21.1758 18.0858 13.9093 26.4211 21.6222 21.157 19.7812 22.0417 19.2594 28.7919 19.1447 18.9406 18.1434 17.1983 17.1771 16.9155 16.8473 16.8176 15.8673 14.8209 14.7594
threshold=5.5000000000000009 0.69583624601364147 0.70275807380676281 0.0074364803731441506 511.00000000000006 0.70262438058853161 0.42212028801441198 0.005436894018203021 0.0018677043262869122 0.002026684815064073 771.50000000000011 0.2336142957210541 430.50000000000006 0.023168377578258518 6.5000000000000009 0.29035779833793646 0.64986354112625133 0.70748916268348705 0.65320187807083141 0.0025954364100471143 0.18442968279123309 0.097028259187936797 0.67307072877883922 0.6884027123451234 0.78791081905365001 276.50000000000006 0.69740498065948497 0.79074376821517955 0.72529962658882152 0.022241248749196533
decision_type=2 2 2 2 2 2 2 2 2 2 2 2 2 2 2 2 2 2 2 2 2 2 2 2 2 2 2 2 2 2
left_child=-1 -2 8 4 11 -5 7 -6 10 -10 -3 12 14 -14 -4 16 -13 18 -16 -20 21 22 -21 28 -19 27 -25 -26 -22 -27
right_child=1 2 3 5 6 -7 -8 -9 9 -11 -12 15 13 -15 17 -17 -18 24 19 20 23 -23 -24 26 25 29 -28 -29 -30 -31
leaf_value=-0.00074608311333576106 0.00033656503324139611 0.053825719467931778 0.027492947670561742 -0.1943940100770821 0.023310782328345249 0.020485677534050502 -0.05781975339459277 -0.17136110015005723 -0.13017423894609359 0.014648265568845195 -0.12425591410463216 -0.14303184538421218 -0.18228303687606007 -0.047185714934095714 0.033235864662018402 -0.0076671904272533056 0.030909683307432531 0.026902197680341619 -0.10985311104973916 0.10475726530459301 -0.013767612981032545 -0.10837378123600282 -0.064676758125190567 0.11499105531527704 -0.1950250030205356 0.046532173973321683 -0.027446384431506921 0.010409836547392566 -0.18945857383846876 -0.11216528770770103
leaf_weight=31944.713737693732 13970.303681563208 145.48704625747632 116.75973688834347 4.6885932553559533 469.49687374569476 503.5590080198599 27.634983736090362 3.8840207152534267 10.362146134953944 393.72168094589142 5.9356025462038806 7.5157020064070812 14.654039322340394 61.844864232232794 42.612787923309952 664.56763950886671 237.50239488622174 116.80619043827755 51.324749477556907 9.2580397150013614 19.403129741549495 47.815851615276188 16.97557692846749 18.54157586582005 3.9649423435330382 7.24861788121052 14.991340917535124 72.640247150673531 6.3803604866843662 30.600823065266013
leaf_count=143986 112683 849 694 81 2851 3194 178 29 106 2743 61 59 311 549 389 3717 1209 943 870 127 192 618 336 85 49 90 128 598 107 307
internal_value=4.47695e-11 0.00139405 0.00611977 0.00296406 -0.000865332 0.0185034 0.0173266 0.0217135 0.0207232 0.0109345 0.0468451 -0.00670267 -0.0178521 -0.0730648 -0.0105106 0.00128715 0.0255742 -0.0201871 -0.0408584 -0.0579539 -0.0379809 -0.0717097 -0.00488222 0.00412548 0.000130577 -0.0271911 0.0513125 -0.000223089 -0.0572439 -0.0817728
internal_weight=49041.2 17096.5 3126.18 2570.67 2062.42 508.248 501.016 473.381 555.506 404.084 151.423 1561.41 651.823 76.4989 575.324 909.586 245.018 458.564 227.303 184.691 133.366 74.0495 26.2336 59.3164 231.261 114.455 33.5329 76.6052 25.7835 37.8494
internal_count=278139 134153 21470 17711 14436 3275 3058 2880 3759 2849 910 11378 6393 860 5533 4985 1268 4839 2852 2463 1593 1081 463 512 1987 1044 213 647 299 397
is_linear=0
shrinkage=0.1


Tree=98
num_leaves=31
num_cat=0
split_feature=0 4 2 3 4 3 0 3 4 5 3 0 1 5 3 7 3 5 6 2 6 4 7 7 2 4 1 2 5 0
split_gain=5.24102 16.9395 16.6602 14.7216 13.1204 14.8472 11.0794 15.9635 21.02 19.473 14.5763 20.6712 13.1182 12.283 11.2613 17.6414 11.027 10.9487 10.707 14.4098 16.7816 21.0657 17.9254 13.9397 28.1792 23.6531 12.6928 16.0993 15.4927 11.5505
threshold=0.50709870457649242 0.010591358412057163 0.5032731592655183 0.5585569739341737 0.020705347880721096 0.27690571546554571 0.53403419256210338 0.27475397288799291 0.0090293502435088175 0.0085624582134187239 0.35125707089900976 0.5235896408557893 0.58421465754508983 0.023635348305106166 0.45489919185638433 7.5000000000000009 0.78888890147209179 0.030589965172111992 215.50000000000003 0.45131292939186102 93.500000000000014 0.057451847940683372 11.500000000000002 2.5000000000000004 0.46351332962512976 0.028598691336810592 0.51324227452278148 0.37033173441886907 0.0015777019434608521 0.49449130892753607
decision_type=2 2 2 2 2 2 2 2 2 2 2 2 2 2 2 2 2 2 2 2 2 2 2 2 2 2 2 2 2 2
left_child=1 2 3 17 5 -3 7 -2 9 10 11 -9 -13 -11 15 -10 -5 -1 19 -6 21 -21 -22 24 25 -20 28 -28 29 -25
right_child=6 4 -4 16 18 -7 -8 8 14 13 -12 12 -14 -15 -16 -17 -18 -19 23 20 22 -23 -24 26 -26 -27 27 -29 -30 -31
leaf_value=-0.010968698153349696 0.0016912886519041032 0.012085188360650506 0.076596084870164088 -0.21317621936349138 0.0054571304052528106 0.072915546440901965 7.5052339163890968e-06 -0.17114517349072927 -0.041859700880240269 -0.18971285571377913 0.09903623582013045 -0.047303949295991271 0.13883606184739045 0.012954873129392969 -0.0073178544624403112 -0.12620409748576175 0.018014966756845822 -0.18640092447664902 -0.099231884993578656 0.08076866223243441 -0.16083506666880892 -0.06015375294389648 0.079459380192378623 -0.0069003479204365267 -0.14765169710387865 0.026786126650187654 -0.12545930352929227 0.01828676683428249 0.079201358447661699 0.1118493258356219
leaf_weight=359.51362551690545 340.12650745752035 88.829780730651692 20.540110328700393 6.4311049915850145 266.68906474718824 73.178580469917506 47089.946441495122 5.8566811047494438 148.89663408463821 6.1585564680863154 27.494249626994133 7.240988275036214 7.9352852925658226 5.8131697489880025 65.073361926246434 29.753582897479646 3.0374893210828304 3.5930480216629794 17.599170105531812 16.017862740904093 17.808829900808636 31.405206534196623 3.7598382739815852 49.531716860597953 13.054389677010475 96.912731921300292 8.2892799552064371 129.72135624941438 85.740587479900569 9.8138495900202525
leaf_count=3244 2601 490 80 55 1204 204 266132 46 771 53 79 38 14 23 339 438 8 48 75 45 129 238 41 245 71 361 80 621 337 29
internal_value=5.52322e-11 0.00626109 -0.0110809 -0.0159146 0.0137664 0.039562 -0.000170708 -0.0131948 -0.0298376 0.0229213 0.0511004 -0.0115612 0.0500239 -0.0913025 -0.0429338 -0.055907 -0.139011 -0.0127047 0.0081669 -0.00508094 -0.0458161 -0.0125551 -0.118947 0.0189958 -0.00845039 0.0074186 0.0313634 0.009653 0.052015 0.012737
internal_weight=49035.8 1301.47 393.115 372.575 908.352 162.008 47734.3 644.349 304.223 60.4989 48.5272 21.033 15.1763 11.9717 243.724 178.65 9.46859 363.107 746.344 335.681 68.9917 47.4231 21.5687 410.663 127.566 114.512 283.097 138.011 145.086 59.3456
internal_count=278139 7605 3435 3355 4170 694 270534 4402 1801 253 177 98 52 76 1548 1209 63 3292 3476 1657 453 283 170 1819 507 436 1312 701 611 274
is_linear=0
shrinkage=0.1


Tree=99
num_leaves=31
num_cat=0
split_feature=0 4 2 3 3 3 6 2 1 3 6 3 6 6 3 6 6 1 2 5 7 0 4 2 6 1 6 6 6 3
split_gain=7.20259 10.2048 14.5946 10.1391 10.2763 15.0172 14.9226 14.6014 11.0114 9.89843 8.28261 15.8308 19.7927 13.6199 15.6028 13.7459 12.8176 12.0514 14.4315 11.6043 18.412 10.4274 10.039 14.1191 9.40747 8.20609 8.50227 8.09449 12.6698 8.18694
threshold=0.50709870457649242 0.010591358412057163 0.5032731592655183 0.5585569739341737 0.1053953990340233 0.18523385375738147 532.50000000000011 0.46351332962512976 0.62687295675277721 0.78888890147209179 32.500000000000007 0.40339741110801702 12.500000000000002 387.50000000000006 0.20031347870826724 196.50000000000003 176.50000000000003 0.39398761093616491 0.31843045353889471 0.016147656366229061 6.5000000000000009 0.46343326568603521 0.0014378152554854753 0.43564955890178686 713.00000000000011 0.43814843893051153 214.50000000000003 15.500000000000002 12.500000000000002 0.41898326575756079
decision_type=2 2 2 2 2 2 2 2 2 2 2 2 2 2 2 2 2 2 2 2 2 2 2 2 2 2 2 2 2 2
left_child=1 2 3 4 6 7 -1 -6 10 -5 11 12 -7 15 -15 16 17 -12 -19 20 -14 -20 23 -16 -24 -9 -27 28 -3 -29
right_child=-2 27 -4 9 5 8 -8 25 -10 -11 13 -13 19 14 22 -17 -18 18 21 -21 -22 -23 24 -25 -26 26 -28 29 -30 -31
leaf_value=-0.076649143628378658 -0.00019858050725383601 -0.007315084054874136 0.074910260555813596 -0.1999541884718983 0.045046309032317162 -0.14672513042682159 0.075195787448175094 0.073966948655025719 -0.14778781929883761 0.030626869255154551 -0.17721825085398671 0.10420476467739725 0.050014994810849159 -0.19536074388636962 -0.14824735614770876 -0.10292461623938579 0.080039385959707443 0.12007956992334966 -0.10974751587248154 0.15409803610298287 -0.19700742831508114 0.006316943543023092 0.058557465624494369 0.053747120426243016 -0.060974124552392719 -0.18745829594664798 0.012270091661279138 0.01033799224436343 -0.19417984163612562 0.036061743421248509
leaf_weight=39.568426365614869 47707.622206176224 16.965245945379142 20.914691878482699 5.4101592251099628 85.961877832072787 8.6191340589430201 7.7377124035265288 2.9508928288705638 6.2451871535740784 2.8385368287563324 5.8580587420146903 16.099349549040198 12.165782066993421 3.5457694330252698 7.5161701936158334 31.810102161252871 10.351959656458346 5.9312381092458955 15.082763599231841 5.7538377810269585 4.0125729059800497 15.901523624081163 43.538091759663075 6.4128851443529129 7.7574234786443403 6.0674968967214209 3.2854445856064558 727.55024241824867 4.6155542791821054 149.07465467276052
leaf_count=915 270534 142 80 55 603 78 69 18 52 8 163 49 51 28 190 393 52 17 164 11 47 78 157 32 36 61 28 3435 45 548
internal_value=8.53414e-11 0.00740406 -0.00630189 -0.0110145 -0.00844759 -0.0017187 -0.0518124 0.0304628 -0.0170251 -0.120607 -0.0129492 0.0239569 -0.0183306 -0.0241504 0.00893111 -0.0509357 -0.0198062 -0.0439706 -0.0228258 0.0321272 -0.0112518 -0.0501818 0.0200369 -0.0552499 0.0404807 -0.0714266 -0.117299 0.013223 -0.0472804 0.0147125
internal_weight=48987.2 1279.54 381.337 360.422 352.174 304.868 47.3061 98.2657 206.602 8.2487 200.357 46.6507 30.5513 153.706 68.7703 84.9356 53.1255 42.7736 36.9155 21.9322 16.1784 30.9843 65.2246 13.9291 51.2955 12.3038 9.35294 898.206 21.5808 876.625
internal_count=278139 7605 3435 3355 3292 2308 984 710 1598 63 1546 236 187 1310 443 867 474 422 259 109 98 242 415 222 193 107 89 4170 187 3983
is_linear=0
shrinkage=0.1


end of trees

feature_importances:
Column_3=455
Column_4=443
Column_1=432
Column_0=425
Column_6=355
Column_2=333
Column_5=323
Column_7=234

parameters:
[boosting: gbdt]
[objective: lambdarank]
[metric: ndcg]
[tree_learner: serial]
[device_type: cpu]
[data_sample_strategy: bagging]
[data: ]
[valid: ]
[num_iterations: 100]
[learning_rate: 0.1]
[num_leaves: 31]
[num_threads: 0]
[seed: 0]
[deterministic: 0]
[force_col_wise: 0]
[force_row_wise: 0]
[histogram_pool_size: -1]
[max_depth: -1]
[min_data_in_leaf: 20]
[min_sum_hessian_in_leaf: 0.001]
[bagging_fraction: 1]
[pos_bagging_fraction: 1]
[neg_bagging_fraction: 1]
[bagging_freq: 0]
[bagging_seed: 3]
[bagging_by_query: 0]
[feature_fraction: 1]
[feature_fraction_bynode: 1]
[feature_fraction_seed: 2]
[extra_trees: 0]
[extra_seed: 6]
[early_stopping_round: 0]
[early_stopping_min_delta: 0]
[first_metric_only: 0]
[max_delta_step: 0]
[lambda_l1: 0]
[lambda_l2: 0]
[linear_lambda: 0]
[min_gain_to_split: 0]
[drop_rate: 0.1]
[max_drop: 50]
[skip_drop: 0.5]
[xgboost_dart_mode: 0]
[uniform_drop: 0]
[drop_seed: 4]
[top_rate: 0.2]
[other_rate: 0.1]
[min_data_per_group: 100]
[max_cat_threshold: 32]
[cat_l2: 10]
[cat_smooth: 10]
[max_cat_to_onehot: 4]
[top_k: 20]
[monotone_constraints: ]
[monotone_constraints_method: basic]
[monotone_penalty: 0]
[feature_contri: ]
[forcedsplits_filename: ]
[refit_decay_rate: 0.9]
[cegb_tradeoff: 1]
[cegb_penalty_split: 0]
[cegb_penalty_feature_lazy: ]
[cegb_penalty_feature_coupled: ]
[path_smooth: 0]
[interaction_constraints: ]
[verbosity: -1]
[saved_feature_importance_type: 0]
[use_quantized_grad: 0]
[num_grad_quant_bins: 4]
[quant_train_renew_leaf: 0]
[stochastic_rounding: 1]
[linear_tree: 0]
[max_bin: 255]
[max_bin_by_feature: ]
[min_data_in_bin: 3]
[bin_construct_sample_cnt: 200000]
[data_random_seed: 1]
[is_enable_sparse: 1]
[enable_bundle: 1]
[use_missing: 1]
[zero_as_missing: 0]
[feature_pre_filter: 1]
[pre_partition: 0]
[two_round: 0]
[header: 0]
[label_column: ]
[weight_column: ]
[group_column: ]
[ignore_column: ]
[categorical_feature: ]
[forcedbins_filename: ]
[precise_float_parser: 0]
[parser_config_file: ]
[objective_seed: 5]
[num_class: 1]
[is_unbalance: 0]
[scale_pos_weight: 1]
[sigmoid: 1]
[boost_from_average: 1]
[reg_sqrt: 0]
[alpha: 0.9]
[fair_c: 1]
[poisson_max_delta_step: 0.7]
[tweedie_variance_power: 1.5]
[lambdarank_truncation_level: 30]
[lambdarank_norm: 1]
[label_gain: ]
[lambdarank_position_bias_regularization: 0]
[eval_at: 5,10]
[multi_error_top_k: 1]
[auc_mu_weights: ]
[num_machines: 1]
[local_listen_port: 12400]
[time_out: 120]
[machine_list_filename: ]
[machines: ]
[gpu_platform_id: -1]
[gpu_device_id: -1]
[gpu_use_dp: 0]
[num_gpu: 1]

end of parameters

pandas_categorical:null
